# legacy_path	class	counterparts	symbol_hits	target_evidence	notes
library_linkage.h	BASENAME	sources/vostok/render/library_linkage.h;sources/vostok/render/engine/library_linkage.h;sources/vostok/render/core/library_linkage.h;sources/vostok/render/core/dx11/library_linkage.h;sources/vostok/render/facade/library_linkage.h	-	target_evidence=0/0	stubs_in_counterpart=0
world.h	BASENAME	sources/vostok/render/world.h;sources/vostok/render/engine/world.h	render_facade_world.h:1;world_pc.h:1	target_evidence=1/1:world	stubs_in_counterpart=0
culling/portal_sector_structure.h	BASENAME	sources/vostok/render/culling/portal_sector_structure.h;sources/vostok/render/facade/sources/portal_sector_structure.cpp	portal_sector_structure.h:2	target_evidence=1/2:portal_sector_structure	stubs_in_counterpart=9
common/sources/blender.cpp	DEAD	-	-	target_evidence=0/1	stubs_in_counterpart=0
common/sources/blender.h	DEAD	-	-	target_evidence=0/12	stubs_in_counterpart=0
common/sources/blender_combine.cpp	DEAD	-	-	target_evidence=0/1	stubs_in_counterpart=0
common/sources/blender_combine.h	DEAD	-	-	target_evidence=0/1	stubs_in_counterpart=0
common/sources/blender_compiler.cpp	DEAD	-	-	target_evidence=0/1	stubs_in_counterpart=0
common/sources/blender_compiler.h	DEAD	-	-	target_evidence=0/1	stubs_in_counterpart=0
common/sources/blender_deffer.cpp	DEAD	-	-	target_evidence=0/2	stubs_in_counterpart=0
common/sources/blender_deffer.h	DEAD	-	-	target_evidence=0/1	stubs_in_counterpart=0
common/sources/blender_deffer_aref.cpp	DEAD	-	-	target_evidence=0/2	stubs_in_counterpart=0
common/sources/blender_deffer_aref.h	DEAD	-	-	target_evidence=0/1	stubs_in_counterpart=0
common/sources/blender_deffer_base.cpp	DEAD	-	-	target_evidence=0/1	stubs_in_counterpart=0
common/sources/blender_deffer_base.h	DEAD	-	-	target_evidence=0/1	stubs_in_counterpart=0
common/sources/blender_deffer_materials.cpp	DEAD	-	-	target_evidence=0/2	stubs_in_counterpart=0
common/sources/blender_deffer_materials.h	DEAD	-	-	target_evidence=0/1	stubs_in_counterpart=0
common/sources/blender_defines.h	DEAD	-	-	target_evidence=0/2	stubs_in_counterpart=0
common/sources/blender_forward_system.cpp	DEAD	-	-	target_evidence=0/2	stubs_in_counterpart=0
common/sources/blender_forward_system.h	DEAD	-	-	target_evidence=0/1	stubs_in_counterpart=0
common/sources/blender_light_direct.cpp	DEAD	-	-	target_evidence=0/1	stubs_in_counterpart=0
common/sources/blender_light_direct.h	DEAD	-	-	target_evidence=0/1	stubs_in_counterpart=0
common/sources/blender_light_mask.cpp	DEAD	-	-	target_evidence=0/1	stubs_in_counterpart=0
common/sources/blender_light_mask.h	DEAD	-	-	target_evidence=0/1	stubs_in_counterpart=0
common/sources/blender_light_spot.cpp	DEAD	-	-	target_evidence=0/1	stubs_in_counterpart=0
common/sources/blender_light_spot.h	DEAD	-	-	target_evidence=0/1	stubs_in_counterpart=0
common/sources/blender_notexture.cpp	DEAD	-	-	target_evidence=0/1	stubs_in_counterpart=0
common/sources/blender_notexture.h	DEAD	-	-	target_evidence=0/1	stubs_in_counterpart=0
common/sources/blender_terrain.cpp	DEAD	-	-	target_evidence=0/2	stubs_in_counterpart=0
common/sources/blender_terrain.h	DEAD	-	-	target_evidence=0/1	stubs_in_counterpart=0
common/sources/blender_terrain_new.cpp	DEAD	-	-	target_evidence=0/2	stubs_in_counterpart=0
common/sources/blender_terrain_new.h	DEAD	-	-	target_evidence=0/1	stubs_in_counterpart=0
common/sources/blender_tree.cpp	DEAD	-	-	target_evidence=0/2	stubs_in_counterpart=0
common/sources/blender_tree.h	DEAD	-	-	target_evidence=0/1	stubs_in_counterpart=0
common/sources/com_utils.h	BASENAME	sources/vostok/render/core/dx11/sources/com_utils.h	-	target_evidence=0/0	stubs_in_counterpart=0
common/sources/convex_volume.cpp	BASENAME	sources/vostok/render/engine/sources/convex_volume.h	convex_volume.h:1	target_evidence=0/1	stubs_in_counterpart=0
common/sources/convex_volume.h	BASENAME	sources/vostok/render/engine/sources/convex_volume.h	convex_volume.h:1	target_evidence=0/1	stubs_in_counterpart=0
common/sources/d3d_defs.h	UNMAPPED	-	-	target_evidence=0/0	stubs_in_counterpart=0
common/sources/du_sphere.cpp	UNMAPPED	-	-	target_evidence=0/0	stubs_in_counterpart=0
common/sources/du_sphere.h	UNMAPPED	-	-	target_evidence=0/0	stubs_in_counterpart=0
common/sources/environment.cpp	UNMAPPED	-	-	target_evidence=0/0	stubs_in_counterpart=0
common/sources/environment.h	UNMAPPED	-	-	target_evidence=1/1:environment	stubs_in_counterpart=0
common/sources/fvf.h	SYMBOL	sources/vostok/render/engine/sources/vertex_formats.h	vertex_formats.h:7	target_evidence=2/7:TL,V	stubs_in_counterpart=0
common/sources/hw_caps.cpp	DEAD	-	-	target_evidence=0/1	stubs_in_counterpart=0
common/sources/hw_caps.h	SYMBOL	sources/vostok/render/core/dx11/device_caps.h	device_caps.h:2	target_evidence=0/3	stubs_in_counterpart=0
common/sources/hw_wrapper.h	DEAD	-	-	target_evidence=0/2	stubs_in_counterpart=0
common/sources/hw_wrapper_base_dx10.h	UNMAPPED	-	-	target_evidence=0/0	stubs_in_counterpart=0
common/sources/hw_wrapper_base_dx9.h	DEAD	-	-	target_evidence=0/1	stubs_in_counterpart=0
common/sources/hw_wrapper_dx9.cpp	UNMAPPED	-	-	target_evidence=2/3:memory,threading	stubs_in_counterpart=0
common/sources/hw_wrapper_inline.h	UNMAPPED	-	-	target_evidence=0/0	stubs_in_counterpart=0
common/sources/light.cpp	BASENAME	sources/vostok/render/engine/sources/light.h;sources/vostok/render/engine/sources/light.cpp	light.h:1	target_evidence=1/1:light	stubs_in_counterpart=16
common/sources/light.h	BASENAME	sources/vostok/render/engine/sources/light.h;sources/vostok/render/engine/sources/light.cpp	light.h:1	target_evidence=1/6:light	stubs_in_counterpart=16
common/sources/lights_db.cpp	BASENAME	sources/vostok/render/engine/sources/lights_db.h;sources/vostok/render/engine/sources/lights_db.cpp	lights_db.h:1	target_evidence=1/2:lights_db	stubs_in_counterpart=10
common/sources/lights_db.h	BASENAME	sources/vostok/render/engine/sources/lights_db.h;sources/vostok/render/engine/sources/lights_db.cpp	lights_db.h:1	target_evidence=1/2:lights_db	stubs_in_counterpart=10
common/sources/manager_common_inline.h	BASENAME	sources/vostok/render/core/dx11/sources/manager_common_inline.h	-	target_evidence=0/0	stubs_in_counterpart=0
common/sources/material_manager.cpp	BASENAME	sources/vostok/render/engine/sources/material_manager.h;sources/vostok/render/engine/sources/material_manager.cpp	material_manager.h:1;backend.h:1;material.h:1	target_evidence=6/7:backend,boost,material,material_manager,resources	stubs_in_counterpart=5
common/sources/material_manager.h	BASENAME	sources/vostok/render/engine/sources/material_manager.h;sources/vostok/render/engine/sources/material_manager.cpp	material_manager.h:1;material.h:1	target_evidence=2/3:material,material_manager	stubs_in_counterpart=5
common/sources/namespace_wrapper.h	UNMAPPED	-	-	target_evidence=0/0	stubs_in_counterpart=0
common/sources/pix_event_wrapper.h	DEAD	-	-	target_evidence=0/1	stubs_in_counterpart=0
common/sources/quasi_singleton.h	BASENAME	sources/vostok/render/core/quasi_singleton.h	quasi_singleton.h:1	target_evidence=0/1	stubs_in_counterpart=0
common/sources/render_device.cpp	UNMAPPED	-	-	target_evidence=1/3:threading	stubs_in_counterpart=0
common/sources/render_device.h	DEAD	-	-	target_evidence=0/2	stubs_in_counterpart=0
common/sources/render_device_dx9.cpp	DEAD	-	-	target_evidence=0/1	stubs_in_counterpart=0
common/sources/res_atomic.cpp	SYMBOL	sources/vostok/render/core/dx11/res_declaration.h;sources/vostok/render/core/dx11/res_state.h;sources/vostok/render/core/dx11/resource_manager.h	res_declaration.h:1;res_state.h:1;resource_manager.h:1	target_evidence=3/7:res_declaration,res_state,resource_manager	stubs_in_counterpart=1
common/sources/res_atomic.h	SYMBOL	sources/vostok/render/core/dx11/res_state.h;sources/vostok/render/core/dx11/res_declaration.h	res_state.h:1;res_declaration.h:1	target_evidence=2/6:res_declaration,res_state	stubs_in_counterpart=1
common/sources/res_common.h	DEAD	-	-	target_evidence=0/4	stubs_in_counterpart=0
common/sources/res_common_inline.h	UNMAPPED	-	-	target_evidence=0/0	stubs_in_counterpart=0
common/sources/res_const_table.cpp	UNMAPPED	-	-	target_evidence=1/3:std	stubs_in_counterpart=0
common/sources/res_const_table.h	DEAD	-	-	target_evidence=0/5	stubs_in_counterpart=0
common/sources/res_rt.cpp	SYMBOL	sources/vostok/render/core/dx11/resource_manager.h	resource_manager.h:1	target_evidence=2/3:memory,resource_manager	stubs_in_counterpart=0
common/sources/res_rt.h	DEAD	-	-	target_evidence=0/1	stubs_in_counterpart=0
common/sources/res_shader.cpp	SYMBOL	sources/vostok/render/core/res_texture_list.h;sources/vostok/render/core/res_pass.h;sources/vostok/render/core/dx11/backend.h	res_texture_list.h:1;res_pass.h:1;backend.h:1	target_evidence=5/7:backend,res_geometry,res_pass,res_shader_technique,res_texture_list	stubs_in_counterpart=5
common/sources/res_shader.h	SYMBOL	sources/vostok/render/core/res_shader_technique.h;sources/vostok/render/engine/sources/res_geometry.h;sources/vostok/render/core/dx11/res_geometry.h	res_shader_technique.h:2;res_geometry.h:1;res_geometry.h:1	target_evidence=4/7:res_geometry,res_pass,res_shader_technique,res_texture_list	stubs_in_counterpart=0
common/sources/res_texture.cpp	BASENAME	sources/vostok/render/engine/sources/res_texture.h;sources/vostok/render/core/res_texture.h;sources/vostok/render/core/dx11/res_texture.h;sources/vostok/render/core/dx11/sources/res_texture.cpp	res_texture.h:1;resource_manager.h:1	target_evidence=2/2:res_texture,resource_manager	stubs_in_counterpart=12
common/sources/res_texture.h	BASENAME	sources/vostok/render/engine/sources/res_texture.h;sources/vostok/render/core/res_texture.h;sources/vostok/render/core/dx11/res_texture.h;sources/vostok/render/core/dx11/sources/res_texture.cpp	res_texture.h:1	target_evidence=1/2:res_texture	stubs_in_counterpart=12
common/sources/resource_manager.cpp	BASENAME	sources/vostok/render/core/resource_manager.h;sources/vostok/render/core/dx11/resource_manager.h;sources/vostok/render/core/dx11/sources/resource_manager.cpp	resource_manager.h:1;resource_manager.cpp:1	target_evidence=4/7:boost,resource_manager,resources,utils	stubs_in_counterpart=80
common/sources/resource_manager.h	BASENAME	sources/vostok/render/core/resource_manager.h;sources/vostok/render/core/dx11/resource_manager.h;sources/vostok/render/core/dx11/sources/resource_manager.cpp	resource_manager.h:2	target_evidence=2/3:resource_manager,str_pred	stubs_in_counterpart=80
common/sources/shader_manager.cpp	UNMAPPED	-	-	target_evidence=3/5:boost,resources,std	stubs_in_counterpart=0
common/sources/shader_manager.h	DEAD	-	-	target_evidence=0/1	stubs_in_counterpart=0
common/sources/shared_names.h	UNMAPPED	-	-	target_evidence=0/0	stubs_in_counterpart=0
common/sources/simulator_states.cpp	DEAD	-	-	target_evidence=0/1	stubs_in_counterpart=0
common/sources/simulator_states.h	UNMAPPED	-	-	target_evidence=1/2:state	stubs_in_counterpart=0
common/sources/terrain.cpp	DEAD	-	-	target_evidence=0/4	stubs_in_counterpart=0
common/sources/terrain.h	DEAD	-	-	target_evidence=0/3	stubs_in_counterpart=0
common/sources/terrain_texture_pool.cpp	SYMBOL	sources/vostok/render/core/dx11/resource_manager.h	resource_manager.h:1	target_evidence=1/2:resource_manager	stubs_in_counterpart=0
common/sources/terrain_texture_pool.h	DEAD	-	-	target_evidence=0/2	stubs_in_counterpart=0
common/sources/utils.h	BASENAME	sources/vostok/render/core/utils.h;sources/vostok/render/core/dx11/utils.h;sources/vostok/render/core/dx11/sources/utils.cpp	-	target_evidence=0/2	stubs_in_counterpart=3
common/sources/utils_inline.h	UNMAPPED	-	-	target_evidence=0/0	stubs_in_counterpart=0
engine/editor_visual.h	DEAD	-	-	target_evidence=0/1	stubs_in_counterpart=0
engine/effect_combine.h	DEAD	-	-	target_evidence=0/1	stubs_in_counterpart=0
engine/effect_deffer.h	DEAD	-	-	target_evidence=0/1	stubs_in_counterpart=0
engine/effect_deffer_aref.h	DEAD	-	-	target_evidence=0/1	stubs_in_counterpart=0
engine/effect_deffer_base.h	DEAD	-	-	target_evidence=0/1	stubs_in_counterpart=0
engine/effect_deffer_materials.h	DEAD	-	-	target_evidence=0/1	stubs_in_counterpart=0
engine/effect_forward_system.h	BASENAME	sources/vostok/render/engine/sources/effect_forward_system.h;sources/vostok/render/engine/sources/effect_forward_system.cpp	effect_forward_system.h:1	target_evidence=1/1:effect_forward_system	stubs_in_counterpart=1
engine/effect_light_direct.h	DEAD	-	-	target_evidence=0/1	stubs_in_counterpart=0
engine/effect_light_mask.h	BASENAME	sources/vostok/render/engine/sources/effect_light_mask.h;sources/vostok/render/engine/sources/effect_light_mask.cpp	effect_light_mask.h:1	target_evidence=1/1:effect_light_mask	stubs_in_counterpart=1
engine/effect_light_spot.h	DEAD	-	-	target_evidence=0/1	stubs_in_counterpart=0
engine/effect_notexture.h	DEAD	-	-	target_evidence=0/1	stubs_in_counterpart=0
engine/effect_system_colored.h	BASENAME	sources/vostok/render/engine/sources/effect_system_colored.cpp;sources/vostok/render/engine/sources/effect_system_colored.h	effect_system_colored.h:1	target_evidence=1/2:effect_system_colored	stubs_in_counterpart=1
engine/effect_system_line.h	BASENAME	sources/vostok/render/engine/sources/effect_system_line.h;sources/vostok/render/engine/sources/effect_system_line.cpp	effect_system_line.h:1	target_evidence=1/2:effect_system_line	stubs_in_counterpart=1
engine/effect_system_ui.h	BASENAME	sources/vostok/render/engine/sources/effect_system_ui.h;sources/vostok/render/engine/sources/effect_system_ui.cpp	effect_system_ui.h:1	target_evidence=1/2:effect_system_ui	stubs_in_counterpart=1
engine/effect_terrain.h	DEAD	-	-	target_evidence=0/1	stubs_in_counterpart=0
engine/effect_terrain_new.h	DEAD	-	-	target_evidence=0/1	stubs_in_counterpart=0
engine/effect_tree.h	DEAD	-	-	target_evidence=0/1	stubs_in_counterpart=0
engine/environment.h	UNMAPPED	-	-	target_evidence=1/1:environment	stubs_in_counterpart=0
engine/library_linkage.h	BASENAME	sources/vostok/render/library_linkage.h;sources/vostok/render/engine/library_linkage.h;sources/vostok/render/core/library_linkage.h;sources/vostok/render/core/dx11/library_linkage.h;sources/vostok/render/facade/library_linkage.h	-	target_evidence=0/0	stubs_in_counterpart=0
engine/light.h	BASENAME	sources/vostok/render/engine/sources/light.h;sources/vostok/render/engine/sources/light.cpp	light.h:1	target_evidence=1/6:light	stubs_in_counterpart=16
engine/lights_db.h	BASENAME	sources/vostok/render/engine/sources/lights_db.h;sources/vostok/render/engine/sources/lights_db.cpp	lights_db.h:1	target_evidence=1/2:lights_db	stubs_in_counterpart=10
engine/material_manager.h	BASENAME	sources/vostok/render/engine/sources/material_manager.h;sources/vostok/render/engine/sources/material_manager.cpp	material_manager.h:1;material.h:1	target_evidence=2/3:material,material_manager	stubs_in_counterpart=5
engine/model_manager.h	BASENAME	sources/vostok/render/engine/sources/model_manager.h;sources/vostok/render/engine/sources/model_manager.cpp	portal_sector_structure.h:1	target_evidence=1/9:collector	stubs_in_counterpart=5
engine/model_manager_inline.h	UNMAPPED	-	-	target_evidence=0/0	stubs_in_counterpart=0
engine/namespace_wrapper.h	UNMAPPED	-	-	target_evidence=0/0	stubs_in_counterpart=0
engine/render_queue.h	DEAD	-	-	target_evidence=0/3	stubs_in_counterpart=0
engine/scene_context.h	DEAD	-	-	target_evidence=0/1	stubs_in_counterpart=0
engine/scene_render.h	DEAD	-	-	target_evidence=0/1	stubs_in_counterpart=0
engine/shared_names.h	UNMAPPED	-	-	target_evidence=0/0	stubs_in_counterpart=0
engine/stage.h	BASENAME	sources/vostok/render/engine/sources/stage.cpp;sources/vostok/render/engine/sources/stage.h	stage.h:1	target_evidence=1/1:stage	stubs_in_counterpart=5
engine/stage_combine.h	DEAD	-	-	target_evidence=0/1	stubs_in_counterpart=0
engine/stage_gbuffer.h	BASENAME	sources/vostok/render/engine/sources/stage_gbuffer.h;sources/vostok/render/engine/sources/stage_gbuffer.cpp	stage_gbuffer.h:1	target_evidence=1/1:stage_gbuffer	stubs_in_counterpart=16
engine/stage_lights.h	BASENAME	sources/vostok/render/engine/sources/stage_lights.cpp;sources/vostok/render/engine/sources/stage_lights.h	stage_lights.h:1	target_evidence=1/1:stage_lights	stubs_in_counterpart=25
engine/stage_pre_lighting.h	BASENAME	sources/vostok/render/engine/sources/stage_pre_lighting.h;sources/vostok/render/engine/sources/stage_pre_lighting.cpp	stage_pre_lighting.h:1	target_evidence=1/1:stage_pre_lighting	stubs_in_counterpart=1
engine/stage_screen_image.h	BASENAME	sources/vostok/render/engine/sources/stage_screen_image.h;sources/vostok/render/engine/sources/stage_screen_image.cpp	stage_screen_image.h:1	target_evidence=1/1:stage_screen_image	stubs_in_counterpart=4
engine/stage_skybox.h	DEAD	-	-	target_evidence=0/1	stubs_in_counterpart=0
engine/stage_sun.h	BASENAME	sources/vostok/render/engine/sources/stage_sun.h;sources/vostok/render/engine/sources/stage_sun.cpp	sun_cascade.h:1;stage_sun.h:1	target_evidence=2/2:stage_sun,sun_cascade	stubs_in_counterpart=3
engine/stage_sun_materials.h	SYMBOL	sources/vostok/render/engine/sources/sun_cascade.h	sun_cascade.h:1	target_evidence=1/2:sun_cascade	stubs_in_counterpart=0
engine/stage_texture_mip_clamp_test.h	DEAD	-	-	target_evidence=0/1	stubs_in_counterpart=0
engine/system_renderer.h	BASENAME	sources/vostok/render/engine/sources/system_renderer.h;sources/vostok/render/engine/sources/system_renderer.cpp	system_renderer.h:1	target_evidence=1/1:system_renderer	stubs_in_counterpart=18
engine/terrain.h	DEAD	-	-	target_evidence=0/3	stubs_in_counterpart=0
engine/terrain_texture_pool.h	DEAD	-	-	target_evidence=0/2	stubs_in_counterpart=0
engine/terrain_texture_pool_inline.h	UNMAPPED	-	-	target_evidence=0/0	stubs_in_counterpart=0
engine/vertex_colored.h	BASENAME	sources/vostok/render/engine/vertex_colored.h	vertex_colored.h:1	target_evidence=1/1:vertex_colored	stubs_in_counterpart=0
engine/vertex_formats.h	BASENAME	sources/vostok/render/engine/sources/vertex_formats.h	vertex_formats.h:8	target_evidence=2/8:TL,V	stubs_in_counterpart=0
engine/visual.h	UNMAPPED	-	-	target_evidence=1/8:render_visual	stubs_in_counterpart=0
engine/world_dx11.h	SYMBOL	sources/vostok/render/facade/sources/render_facade_world.h;sources/vostok/render/engine/world_pc.h	render_facade_world.h:1;world_pc.h:1	target_evidence=1/1:world	stubs_in_counterpart=0
engine/world_pc.h	BASENAME	sources/vostok/render/engine/world_pc.h	render_facade_world.h:1;world_pc.h:1	target_evidence=1/1:world	stubs_in_counterpart=0
engine/sources/HLSLShaders.pm	UNMAPPED	-	-	target_evidence=0/0	stubs_in_counterpart=0
engine/sources/aabb_indices.h	UNMAPPED	-	-	target_evidence=0/0	stubs_in_counterpart=0
engine/sources/animated_model_instance_cook.cpp	BASENAME	sources/vostok/render/engine/sources/animated_model_instance_cook.cpp;sources/vostok/render/engine/sources/animated_model_instance_cook.h	animated_model_instance_cook.h:1	target_evidence=4/4:animated_model_instance_cook,boost,collision,resources	stubs_in_counterpart=7
engine/sources/animated_model_instance_cook.h	BASENAME	sources/vostok/render/engine/sources/animated_model_instance_cook.cpp;sources/vostok/render/engine/sources/animated_model_instance_cook.h	animated_model_instance_cook.h:1	target_evidence=1/1:animated_model_instance_cook	stubs_in_counterpart=7
engine/sources/camera.h	BASENAME	sources/vostok/render/engine/sources/camera.h	camera.h:1	target_evidence=1/1:camera	stubs_in_counterpart=0
engine/sources/camera_inline.h	UNMAPPED	-	-	target_evidence=0/0	stubs_in_counterpart=0
engine/sources/capsule_light_effect.h	BASENAME	sources/vostok/render/engine/sources/capsule_light_effect.h	capsule_light_effect.h:1	target_evidence=1/1:capsule_light_effect	stubs_in_counterpart=1
engine/sources/collision_object.h	UNMAPPED	-	-	target_evidence=1/1:collision_object	stubs_in_counterpart=0
engine/sources/convex_volume.cpp	BASENAME	sources/vostok/render/engine/sources/convex_volume.h	convex_volume.h:1	target_evidence=0/1	stubs_in_counterpart=0
engine/sources/convex_volume.h	BASENAME	sources/vostok/render/engine/sources/convex_volume.h	convex_volume.h:1	target_evidence=0/1	stubs_in_counterpart=0
engine/sources/decal_default_material_effect.cpp	BASENAME	sources/vostok/render/engine/sources/decal_default_material_effect.cpp;sources/vostok/render/engine/sources/decal_default_material_effect.h	decal_default_material_effect.h:1	target_evidence=1/1:decal_default_material_effect	stubs_in_counterpart=1
engine/sources/decal_default_material_effect.h	BASENAME	sources/vostok/render/engine/sources/decal_default_material_effect.cpp;sources/vostok/render/engine/sources/decal_default_material_effect.h	decal_default_material_effect.h:1	target_evidence=1/1:decal_default_material_effect	stubs_in_counterpart=1
engine/sources/decal_instance.cpp	BASENAME	sources/vostok/render/engine/sources/decal_instance.cpp;sources/vostok/render/engine/sources/decal_instance.h	decal_instance.h:2;material_manager.h:1;material.h:1	target_evidence=8/8:backend,collision,decal_instance,decal_shader_constants_and_geometry,material	stubs_in_counterpart=18
engine/sources/decal_instance.h	BASENAME	sources/vostok/render/engine/sources/decal_instance.cpp;sources/vostok/render/engine/sources/decal_instance.h	decal_instance.h:2	target_evidence=2/2:decal_instance,decal_shader_constants_and_geometry	stubs_in_counterpart=18
engine/sources/depth_accumulate_material_effect.cpp	BASENAME	sources/vostok/render/engine/sources/depth_accumulate_material_effect.h;sources/vostok/render/engine/sources/depth_accumulate_material_effect.cpp	depth_accumulate_material_effect.h:1	target_evidence=1/1:depth_accumulate_material_effect	stubs_in_counterpart=1
engine/sources/depth_accumulate_material_effect.h	BASENAME	sources/vostok/render/engine/sources/depth_accumulate_material_effect.h;sources/vostok/render/engine/sources/depth_accumulate_material_effect.cpp	depth_accumulate_material_effect.h:1	target_evidence=1/1:depth_accumulate_material_effect	stubs_in_counterpart=1
engine/sources/du_sphere.cpp	UNMAPPED	-	-	target_evidence=0/0	stubs_in_counterpart=0
engine/sources/du_sphere.h	UNMAPPED	-	-	target_evidence=0/0	stubs_in_counterpart=0
engine/sources/effect_apply_distortion.cpp	BASENAME	sources/vostok/render/engine/sources/effect_apply_distortion.h;sources/vostok/render/engine/sources/effect_apply_distortion.cpp	effect_apply_distortion.h:1	target_evidence=1/1:effect_apply_distortion	stubs_in_counterpart=1
engine/sources/effect_apply_distortion.h	BASENAME	sources/vostok/render/engine/sources/effect_apply_distortion.h;sources/vostok/render/engine/sources/effect_apply_distortion.cpp	effect_apply_distortion.h:1	target_evidence=1/1:effect_apply_distortion	stubs_in_counterpart=1
engine/sources/effect_apply_indirect_lighting.cpp	BASENAME	sources/vostok/render/engine/sources/effect_apply_indirect_lighting.cpp;sources/vostok/render/engine/sources/effect_apply_indirect_lighting.h	effect_apply_indirect_lighting.h:1	target_evidence=1/1:effect_apply_indirect_lighting	stubs_in_counterpart=1
engine/sources/effect_apply_indirect_lighting.h	BASENAME	sources/vostok/render/engine/sources/effect_apply_indirect_lighting.cpp;sources/vostok/render/engine/sources/effect_apply_indirect_lighting.h	effect_apply_indirect_lighting.h:1	target_evidence=1/1:effect_apply_indirect_lighting	stubs_in_counterpart=1
engine/sources/effect_blur.cpp	BASENAME	sources/vostok/render/engine/sources/effect_blur.h	effect_blur.h:1	target_evidence=1/1:effect_blur	stubs_in_counterpart=1
engine/sources/effect_blur.h	BASENAME	sources/vostok/render/engine/sources/effect_blur.h	effect_blur.h:1	target_evidence=1/1:effect_blur	stubs_in_counterpart=1
engine/sources/effect_clouds.cpp	BASENAME	sources/vostok/render/engine/sources/effect_clouds.h;sources/vostok/render/engine/sources/effect_clouds.cpp	effect_clouds.h:1	target_evidence=1/1:effect_clouds	stubs_in_counterpart=1
engine/sources/effect_clouds.h	BASENAME	sources/vostok/render/engine/sources/effect_clouds.h;sources/vostok/render/engine/sources/effect_clouds.cpp	effect_clouds.h:1	target_evidence=1/1:effect_clouds	stubs_in_counterpart=1
engine/sources/effect_combine.cpp	SYMBOL	sources/vostok/render/core/dx11/backend.h	backend.h:1	target_evidence=1/2:backend	stubs_in_counterpart=3
engine/sources/effect_complex_post_process_blend.cpp	BASENAME	sources/vostok/render/engine/sources/effect_complex_post_process_blend.h	-	target_evidence=0/0	stubs_in_counterpart=1
engine/sources/effect_complex_post_process_blend.h	BASENAME	sources/vostok/render/engine/sources/effect_complex_post_process_blend.h	effect_complex_post_process_blend.h:1	target_evidence=1/1:effect_complex_post_process_blend	stubs_in_counterpart=1
engine/sources/effect_copy_image.cpp	BASENAME	sources/vostok/render/engine/sources/effect_copy_image.cpp;sources/vostok/render/engine/sources/effect_copy_image.h	effect_copy_image.h:1	target_evidence=1/1:effect_copy_image	stubs_in_counterpart=1
engine/sources/effect_copy_image.h	BASENAME	sources/vostok/render/engine/sources/effect_copy_image.cpp;sources/vostok/render/engine/sources/effect_copy_image.h	effect_copy_image.h:1	target_evidence=1/1:effect_copy_image	stubs_in_counterpart=1
engine/sources/effect_debug_editor_wireframe.cpp	BASENAME	sources/vostok/render/engine/sources/effect_debug_editor_wireframe.h;sources/vostok/render/engine/sources/effect_debug_editor_wireframe.cpp	effect_debug_editor_wireframe.h:1	target_evidence=1/1:effect_debug_editor_wireframe	stubs_in_counterpart=1
engine/sources/effect_debug_editor_wireframe.h	BASENAME	sources/vostok/render/engine/sources/effect_debug_editor_wireframe.h;sources/vostok/render/engine/sources/effect_debug_editor_wireframe.cpp	effect_debug_editor_wireframe.h:1	target_evidence=1/1:effect_debug_editor_wireframe	stubs_in_counterpart=1
engine/sources/effect_decal_mask.cpp	BASENAME	sources/vostok/render/engine/sources/effect_decal_mask.cpp;sources/vostok/render/engine/sources/effect_decal_mask.h	effect_decal_mask.h:1	target_evidence=1/1:effect_decal_mask	stubs_in_counterpart=1
engine/sources/effect_decal_mask.h	BASENAME	sources/vostok/render/engine/sources/effect_decal_mask.cpp;sources/vostok/render/engine/sources/effect_decal_mask.h	effect_decal_mask.h:1	target_evidence=1/1:effect_decal_mask	stubs_in_counterpart=1
engine/sources/effect_deffer.cpp	DEAD	-	-	target_evidence=0/2	stubs_in_counterpart=0
engine/sources/effect_deffer_aref.cpp	DEAD	-	-	target_evidence=0/2	stubs_in_counterpart=0
engine/sources/effect_deffer_base.cpp	SYMBOL	sources/vostok/render/core/dx11/backend.h	backend.h:1	target_evidence=1/2:backend	stubs_in_counterpart=3
engine/sources/effect_deffer_materials.cpp	DEAD	-	-	target_evidence=0/2	stubs_in_counterpart=0
engine/sources/effect_defines.h	DEAD	-	-	target_evidence=0/2	stubs_in_counterpart=0
engine/sources/effect_distortion_stage_default_materials.cpp	BASENAME	sources/vostok/render/engine/sources/effect_distortion_stage_default_materials.h;sources/vostok/render/engine/sources/effect_distortion_stage_default_materials.cpp	effect_distortion_stage_default_materials.h:1	target_evidence=1/1:effect_distortion_stage_default_materials	stubs_in_counterpart=1
engine/sources/effect_distortion_stage_default_materials.h	BASENAME	sources/vostok/render/engine/sources/effect_distortion_stage_default_materials.h;sources/vostok/render/engine/sources/effect_distortion_stage_default_materials.cpp	effect_distortion_stage_default_materials.h:1	target_evidence=1/1:effect_distortion_stage_default_materials	stubs_in_counterpart=1
engine/sources/effect_distortion_stage_panner_materials.cpp	BASENAME	sources/vostok/render/engine/sources/effect_distortion_stage_panner_materials.cpp;sources/vostok/render/engine/sources/effect_distortion_stage_panner_materials.h	effect_distortion_stage_panner_materials.h:1	target_evidence=1/1:effect_distortion_stage_panner_materials	stubs_in_counterpart=1
engine/sources/effect_distortion_stage_panner_materials.h	BASENAME	sources/vostok/render/engine/sources/effect_distortion_stage_panner_materials.cpp;sources/vostok/render/engine/sources/effect_distortion_stage_panner_materials.h	effect_distortion_stage_panner_materials.h:1	target_evidence=1/1:effect_distortion_stage_panner_materials	stubs_in_counterpart=1
engine/sources/effect_downsample_gbuffer.cpp	BASENAME	sources/vostok/render/engine/sources/effect_downsample_gbuffer.h;sources/vostok/render/engine/sources/effect_downsample_gbuffer.cpp	effect_downsample_gbuffer.h:1	target_evidence=1/1:effect_downsample_gbuffer	stubs_in_counterpart=1
engine/sources/effect_downsample_gbuffer.h	BASENAME	sources/vostok/render/engine/sources/effect_downsample_gbuffer.h;sources/vostok/render/engine/sources/effect_downsample_gbuffer.cpp	effect_downsample_gbuffer.h:1	target_evidence=1/1:effect_downsample_gbuffer	stubs_in_counterpart=1
engine/sources/effect_downsample_reflective_shadow_map.cpp	BASENAME	sources/vostok/render/engine/sources/effect_downsample_reflective_shadow_map.h;sources/vostok/render/engine/sources/effect_downsample_reflective_shadow_map.cpp	effect_downsample_reflective_shadow_map.h:1	target_evidence=1/1:effect_downsample_reflective_shadow_map	stubs_in_counterpart=1
engine/sources/effect_downsample_reflective_shadow_map.h	BASENAME	sources/vostok/render/engine/sources/effect_downsample_reflective_shadow_map.h;sources/vostok/render/engine/sources/effect_downsample_reflective_shadow_map.cpp	effect_downsample_reflective_shadow_map.h:1	target_evidence=1/1:effect_downsample_reflective_shadow_map	stubs_in_counterpart=1
engine/sources/effect_downsample_skin_irradiance_texture.cpp	BASENAME	sources/vostok/render/engine/sources/effect_downsample_skin_irradiance_texture.h;sources/vostok/render/engine/sources/effect_downsample_skin_irradiance_texture.cpp	effect_downsample_skin_irradiance_texture.h:1	target_evidence=1/1:effect_downsample_skin_irradiance_texture	stubs_in_counterpart=1
engine/sources/effect_downsample_skin_irradiance_texture.h	BASENAME	sources/vostok/render/engine/sources/effect_downsample_skin_irradiance_texture.h;sources/vostok/render/engine/sources/effect_downsample_skin_irradiance_texture.cpp	effect_downsample_skin_irradiance_texture.h:1	target_evidence=1/1:effect_downsample_skin_irradiance_texture	stubs_in_counterpart=1
engine/sources/effect_editor_accumulate_overdraw.cpp	BASENAME	sources/vostok/render/engine/sources/effect_editor_accumulate_overdraw.h;sources/vostok/render/engine/sources/effect_editor_accumulate_overdraw.cpp	effect_editor_accumulate_overdraw.h:1	target_evidence=1/1:effect_editor_accumulate_overdraw	stubs_in_counterpart=1
engine/sources/effect_editor_accumulate_overdraw.h	BASENAME	sources/vostok/render/engine/sources/effect_editor_accumulate_overdraw.h;sources/vostok/render/engine/sources/effect_editor_accumulate_overdraw.cpp	effect_editor_accumulate_overdraw.h:1	target_evidence=1/1:effect_editor_accumulate_overdraw	stubs_in_counterpart=1
engine/sources/effect_editor_apply_wireframe.cpp	BASENAME	sources/vostok/render/engine/sources/effect_editor_apply_wireframe.h;sources/vostok/render/engine/sources/effect_editor_apply_wireframe.cpp	effect_editor_apply_wireframe.h:1	target_evidence=1/1:effect_editor_apply_wireframe	stubs_in_counterpart=1
engine/sources/effect_editor_apply_wireframe.h	BASENAME	sources/vostok/render/engine/sources/effect_editor_apply_wireframe.h;sources/vostok/render/engine/sources/effect_editor_apply_wireframe.cpp	effect_editor_apply_wireframe.h:1	target_evidence=1/1:effect_editor_apply_wireframe	stubs_in_counterpart=1
engine/sources/effect_editor_gbuffer_to_screen.cpp	BASENAME	sources/vostok/render/engine/sources/effect_editor_gbuffer_to_screen.cpp;sources/vostok/render/engine/sources/effect_editor_gbuffer_to_screen.h	effect_editor_gbuffer_to_screen.h:1	target_evidence=1/1:effect_editor_gbuffer_to_screen	stubs_in_counterpart=1
engine/sources/effect_editor_gbuffer_to_screen.h	BASENAME	sources/vostok/render/engine/sources/effect_editor_gbuffer_to_screen.cpp;sources/vostok/render/engine/sources/effect_editor_gbuffer_to_screen.h	effect_editor_gbuffer_to_screen.h:1	target_evidence=1/1:effect_editor_gbuffer_to_screen	stubs_in_counterpart=1
engine/sources/effect_editor_geometry_complexity.cpp	BASENAME	sources/vostok/render/engine/sources/effect_editor_geometry_complexity.cpp;sources/vostok/render/engine/sources/effect_editor_geometry_complexity.h	effect_editor_geometry_complexity.h:1	target_evidence=1/1:effect_editor_geometry_complexity	stubs_in_counterpart=1
engine/sources/effect_editor_geometry_complexity.h	BASENAME	sources/vostok/render/engine/sources/effect_editor_geometry_complexity.cpp;sources/vostok/render/engine/sources/effect_editor_geometry_complexity.h	effect_editor_geometry_complexity.h:1	target_evidence=1/1:effect_editor_geometry_complexity	stubs_in_counterpart=1
engine/sources/effect_editor_model_ghost.cpp	BASENAME	sources/vostok/render/engine/sources/effect_editor_model_ghost.h;sources/vostok/render/engine/sources/effect_editor_model_ghost.cpp	effect_editor_model_ghost.h:1	target_evidence=1/1:effect_editor_model_ghost	stubs_in_counterpart=1
engine/sources/effect_editor_model_ghost.h	BASENAME	sources/vostok/render/engine/sources/effect_editor_model_ghost.h;sources/vostok/render/engine/sources/effect_editor_model_ghost.cpp	effect_editor_model_ghost.h:1	target_evidence=1/1:effect_editor_model_ghost	stubs_in_counterpart=1
engine/sources/effect_editor_selection.cpp	BASENAME	sources/vostok/render/engine/sources/effect_editor_selection.cpp;sources/vostok/render/engine/sources/effect_editor_selection.h	effect_editor_selection.h:1	target_evidence=1/1:effect_editor_selection	stubs_in_counterpart=1
engine/sources/effect_editor_selection.h	BASENAME	sources/vostok/render/engine/sources/effect_editor_selection.cpp;sources/vostok/render/engine/sources/effect_editor_selection.h	effect_editor_selection.h:1	target_evidence=1/1:effect_editor_selection	stubs_in_counterpart=1
engine/sources/effect_editor_shader_complexity.cpp	BASENAME	sources/vostok/render/engine/sources/effect_editor_shader_complexity.h;sources/vostok/render/engine/sources/effect_editor_shader_complexity.cpp	effect_editor_shader_complexity.h:1	target_evidence=1/1:effect_editor_shader_complexity	stubs_in_counterpart=1
engine/sources/effect_editor_shader_complexity.h	BASENAME	sources/vostok/render/engine/sources/effect_editor_shader_complexity.h;sources/vostok/render/engine/sources/effect_editor_shader_complexity.cpp	effect_editor_shader_complexity.h:1	target_evidence=1/1:effect_editor_shader_complexity	stubs_in_counterpart=1
engine/sources/effect_editor_show_batched_geometry.cpp	BASENAME	sources/vostok/render/engine/sources/effect_editor_show_batched_geometry.cpp;sources/vostok/render/engine/sources/effect_editor_show_batched_geometry.h	effect_editor_show_batched_geometry.h:1	target_evidence=1/1:effect_editor_show_batched_geometry	stubs_in_counterpart=1
engine/sources/effect_editor_show_batched_geometry.h	BASENAME	sources/vostok/render/engine/sources/effect_editor_show_batched_geometry.cpp;sources/vostok/render/engine/sources/effect_editor_show_batched_geometry.h	effect_editor_show_batched_geometry.h:1	target_evidence=1/1:effect_editor_show_batched_geometry	stubs_in_counterpart=1
engine/sources/effect_editor_show_miplevel.cpp	BASENAME	sources/vostok/render/engine/sources/effect_editor_show_miplevel.cpp;sources/vostok/render/engine/sources/effect_editor_show_miplevel.h	effect_editor_show_miplevel.h:1	target_evidence=1/1:effect_editor_show_miplevel	stubs_in_counterpart=1
engine/sources/effect_editor_show_miplevel.h	BASENAME	sources/vostok/render/engine/sources/effect_editor_show_miplevel.cpp;sources/vostok/render/engine/sources/effect_editor_show_miplevel.h	effect_editor_show_miplevel.h:1	target_evidence=1/1:effect_editor_show_miplevel	stubs_in_counterpart=1
engine/sources/effect_editor_show_overdraw.cpp	BASENAME	sources/vostok/render/engine/sources/effect_editor_show_overdraw.cpp;sources/vostok/render/engine/sources/effect_editor_show_overdraw.h	effect_editor_show_overdraw.h:1	target_evidence=1/1:effect_editor_show_overdraw	stubs_in_counterpart=1
engine/sources/effect_editor_show_overdraw.h	BASENAME	sources/vostok/render/engine/sources/effect_editor_show_overdraw.cpp;sources/vostok/render/engine/sources/effect_editor_show_overdraw.h	effect_editor_show_overdraw.h:1	target_evidence=1/1:effect_editor_show_overdraw	stubs_in_counterpart=1
engine/sources/effect_editor_texture_density.cpp	BASENAME	sources/vostok/render/engine/sources/effect_editor_texture_density.h;sources/vostok/render/engine/sources/effect_editor_texture_density.cpp	effect_editor_texture_density.h:1	target_evidence=1/1:effect_editor_texture_density	stubs_in_counterpart=1
engine/sources/effect_editor_texture_density.h	BASENAME	sources/vostok/render/engine/sources/effect_editor_texture_density.h;sources/vostok/render/engine/sources/effect_editor_texture_density.cpp	effect_editor_texture_density.h:1	target_evidence=1/1:effect_editor_texture_density	stubs_in_counterpart=1
engine/sources/effect_editor_wireframe_accumulation.cpp	BASENAME	sources/vostok/render/engine/sources/effect_editor_wireframe_accumulation.cpp;sources/vostok/render/engine/sources/effect_editor_wireframe_accumulation.h	effect_editor_wireframe_accumulation.h:1	target_evidence=1/1:effect_editor_wireframe_accumulation	stubs_in_counterpart=1
engine/sources/effect_editor_wireframe_accumulation.h	BASENAME	sources/vostok/render/engine/sources/effect_editor_wireframe_accumulation.cpp;sources/vostok/render/engine/sources/effect_editor_wireframe_accumulation.h	effect_editor_wireframe_accumulation.h:1	target_evidence=1/1:effect_editor_wireframe_accumulation	stubs_in_counterpart=1
engine/sources/effect_eye_adaptation.cpp	BASENAME	sources/vostok/render/engine/sources/effect_eye_adaptation.cpp;sources/vostok/render/engine/sources/effect_eye_adaptation.h	effect_eye_adaptation.h:1	target_evidence=1/1:effect_eye_adaptation	stubs_in_counterpart=1
engine/sources/effect_eye_adaptation.h	BASENAME	sources/vostok/render/engine/sources/effect_eye_adaptation.cpp;sources/vostok/render/engine/sources/effect_eye_adaptation.h	effect_eye_adaptation.h:1	target_evidence=1/1:effect_eye_adaptation	stubs_in_counterpart=1
engine/sources/effect_fill_reflective_shadow_map.cpp	BASENAME	sources/vostok/render/engine/sources/effect_fill_reflective_shadow_map.cpp;sources/vostok/render/engine/sources/effect_fill_reflective_shadow_map.h	effect_fill_reflective_shadow_map.h:1	target_evidence=1/1:effect_fill_reflective_shadow_map	stubs_in_counterpart=1
engine/sources/effect_fill_reflective_shadow_map.h	BASENAME	sources/vostok/render/engine/sources/effect_fill_reflective_shadow_map.cpp;sources/vostok/render/engine/sources/effect_fill_reflective_shadow_map.h	effect_fill_reflective_shadow_map.h:1	target_evidence=1/1:effect_fill_reflective_shadow_map	stubs_in_counterpart=1
engine/sources/effect_fix_irradiance_texture.cpp	BASENAME	sources/vostok/render/engine/sources/effect_fix_irradiance_texture.h;sources/vostok/render/engine/sources/effect_fix_irradiance_texture.cpp	effect_fix_irradiance_texture.h:1	target_evidence=1/1:effect_fix_irradiance_texture	stubs_in_counterpart=1
engine/sources/effect_fix_irradiance_texture.h	BASENAME	sources/vostok/render/engine/sources/effect_fix_irradiance_texture.h;sources/vostok/render/engine/sources/effect_fix_irradiance_texture.cpp	effect_fix_irradiance_texture.h:1	target_evidence=1/1:effect_fix_irradiance_texture	stubs_in_counterpart=1
engine/sources/effect_forward_system.cpp	BASENAME	sources/vostok/render/engine/sources/effect_forward_system.h;sources/vostok/render/engine/sources/effect_forward_system.cpp	effect_forward_system.h:1	target_evidence=1/1:effect_forward_system	stubs_in_counterpart=1
engine/sources/effect_forward_system.h	BASENAME	sources/vostok/render/engine/sources/effect_forward_system.h;sources/vostok/render/engine/sources/effect_forward_system.cpp	effect_forward_system.h:1	target_evidence=1/1:effect_forward_system	stubs_in_counterpart=1
engine/sources/effect_fstage_blend_subuv_materials.cpp	BASENAME	sources/vostok/render/engine/sources/effect_fstage_blend_subuv_materials.cpp;sources/vostok/render/engine/sources/effect_fstage_blend_subuv_materials.h	effect_fstage_blend_subuv_materials.h:1	target_evidence=1/1:effect_fstage_blend_subuv_materials	stubs_in_counterpart=1
engine/sources/effect_fstage_blend_subuv_materials.h	BASENAME	sources/vostok/render/engine/sources/effect_fstage_blend_subuv_materials.cpp;sources/vostok/render/engine/sources/effect_fstage_blend_subuv_materials.h	effect_fstage_blend_subuv_materials.h:1	target_evidence=1/1:effect_fstage_blend_subuv_materials	stubs_in_counterpart=1
engine/sources/effect_fstage_default_materials.cpp	BASENAME	sources/vostok/render/engine/sources/effect_fstage_default_materials.cpp;sources/vostok/render/engine/sources/effect_fstage_default_materials.h	effect_fstage_default_materials.h:1	target_evidence=1/1:effect_fstage_default_materials	stubs_in_counterpart=1
engine/sources/effect_fstage_default_materials.h	BASENAME	sources/vostok/render/engine/sources/effect_fstage_default_materials.cpp;sources/vostok/render/engine/sources/effect_fstage_default_materials.h	effect_fstage_default_materials.h:1	target_evidence=1/1:effect_fstage_default_materials	stubs_in_counterpart=1
engine/sources/effect_fstage_fire_fresnel_materials.cpp	BASENAME	sources/vostok/render/engine/sources/effect_fstage_fire_fresnel_materials.h;sources/vostok/render/engine/sources/effect_fstage_fire_fresnel_materials.cpp	effect_fstage_fire_fresnel_materials.h:1	target_evidence=1/1:effect_fstage_fire_fresnel_materials	stubs_in_counterpart=1
engine/sources/effect_fstage_fire_fresnel_materials.h	BASENAME	sources/vostok/render/engine/sources/effect_fstage_fire_fresnel_materials.h;sources/vostok/render/engine/sources/effect_fstage_fire_fresnel_materials.cpp	effect_fstage_fire_fresnel_materials.h:1	target_evidence=1/1:effect_fstage_fire_fresnel_materials	stubs_in_counterpart=1
engine/sources/effect_fstage_smoke_custom_lighted_materials.cpp	BASENAME	sources/vostok/render/engine/sources/effect_fstage_smoke_custom_lighted_materials.cpp;sources/vostok/render/engine/sources/effect_fstage_smoke_custom_lighted_materials.h	effect_fstage_smoke_custom_lighted_materials.h:1	target_evidence=1/1:effect_fstage_smoke_custom_lighted_materials	stubs_in_counterpart=1
engine/sources/effect_fstage_smoke_custom_lighted_materials.h	BASENAME	sources/vostok/render/engine/sources/effect_fstage_smoke_custom_lighted_materials.cpp;sources/vostok/render/engine/sources/effect_fstage_smoke_custom_lighted_materials.h	effect_fstage_smoke_custom_lighted_materials.h:1	target_evidence=1/1:effect_fstage_smoke_custom_lighted_materials	stubs_in_counterpart=1
engine/sources/effect_fstage_soft_materials.cpp	BASENAME	sources/vostok/render/engine/sources/effect_fstage_soft_materials.cpp;sources/vostok/render/engine/sources/effect_fstage_soft_materials.h	effect_fstage_soft_materials.h:1	target_evidence=1/1:effect_fstage_soft_materials	stubs_in_counterpart=1
engine/sources/effect_fstage_soft_materials.h	BASENAME	sources/vostok/render/engine/sources/effect_fstage_soft_materials.cpp;sources/vostok/render/engine/sources/effect_fstage_soft_materials.h	effect_fstage_soft_materials.h:1	target_evidence=1/1:effect_fstage_soft_materials	stubs_in_counterpart=1
engine/sources/effect_fstage_volume_cone_base_materials.cpp	BASENAME	sources/vostok/render/engine/sources/effect_fstage_volume_cone_base_materials.cpp;sources/vostok/render/engine/sources/effect_fstage_volume_cone_base_materials.h	effect_fstage_volume_cone_base_materials.h:1	target_evidence=1/1:effect_fstage_volume_cone_base_materials	stubs_in_counterpart=1
engine/sources/effect_fstage_volume_cone_base_materials.h	BASENAME	sources/vostok/render/engine/sources/effect_fstage_volume_cone_base_materials.cpp;sources/vostok/render/engine/sources/effect_fstage_volume_cone_base_materials.h	effect_fstage_volume_cone_base_materials.h:1	target_evidence=1/1:effect_fstage_volume_cone_base_materials	stubs_in_counterpart=1
engine/sources/effect_fstage_volume_sphere_base_materials.cpp	BASENAME	sources/vostok/render/engine/sources/effect_fstage_volume_sphere_base_materials.h;sources/vostok/render/engine/sources/effect_fstage_volume_sphere_base_materials.cpp	effect_fstage_volume_sphere_base_materials.h:1	target_evidence=1/1:effect_fstage_volume_sphere_base_materials	stubs_in_counterpart=1
engine/sources/effect_fstage_volume_sphere_base_materials.h	BASENAME	sources/vostok/render/engine/sources/effect_fstage_volume_sphere_base_materials.h;sources/vostok/render/engine/sources/effect_fstage_volume_sphere_base_materials.cpp	effect_fstage_volume_sphere_base_materials.h:1	target_evidence=1/1:effect_fstage_volume_sphere_base_materials	stubs_in_counterpart=1
engine/sources/effect_gather_bloom.cpp	BASENAME	sources/vostok/render/engine/sources/effect_gather_bloom.h;sources/vostok/render/engine/sources/effect_gather_bloom.cpp	effect_gather_bloom.h:1	target_evidence=1/1:effect_gather_bloom	stubs_in_counterpart=1
engine/sources/effect_gather_bloom.h	BASENAME	sources/vostok/render/engine/sources/effect_gather_bloom.h;sources/vostok/render/engine/sources/effect_gather_bloom.cpp	effect_gather_bloom.h:1	target_evidence=1/1:effect_gather_bloom	stubs_in_counterpart=1
engine/sources/effect_gather_luminance.cpp	BASENAME	sources/vostok/render/engine/sources/effect_gather_luminance.cpp;sources/vostok/render/engine/sources/effect_gather_luminance.h	effect_gather_luminance.h:1	target_evidence=1/1:effect_gather_luminance	stubs_in_counterpart=1
engine/sources/effect_gather_luminance.h	BASENAME	sources/vostok/render/engine/sources/effect_gather_luminance.cpp;sources/vostok/render/engine/sources/effect_gather_luminance.h	effect_gather_luminance.h:1	target_evidence=1/1:effect_gather_luminance	stubs_in_counterpart=1
engine/sources/effect_gather_luminance_histogram.cpp	BASENAME	sources/vostok/render/engine/sources/effect_gather_luminance_histogram.h;sources/vostok/render/engine/sources/effect_gather_luminance_histogram.cpp	effect_gather_luminance_histogram.h:1	target_evidence=1/1:effect_gather_luminance_histogram	stubs_in_counterpart=1
engine/sources/effect_gather_luminance_histogram.h	BASENAME	sources/vostok/render/engine/sources/effect_gather_luminance_histogram.h;sources/vostok/render/engine/sources/effect_gather_luminance_histogram.cpp	effect_gather_luminance_histogram.h:1	target_evidence=1/1:effect_gather_luminance_histogram	stubs_in_counterpart=1
engine/sources/effect_gather_sun_light_scattering_zone.cpp	DEAD	-	-	target_evidence=0/1	stubs_in_counterpart=0
engine/sources/effect_gather_sun_light_scattering_zone.h	DEAD	-	-	target_evidence=0/1	stubs_in_counterpart=0
engine/sources/effect_gbuffer_nomaterial_materials.cpp	BASENAME	sources/vostok/render/engine/sources/effect_gbuffer_nomaterial_materials.cpp;sources/vostok/render/engine/sources/effect_gbuffer_nomaterial_materials.h	effect_gbuffer_nomaterial_materials.h:1	target_evidence=1/1:effect_gbuffer_nomaterial_materials	stubs_in_counterpart=1
engine/sources/effect_gbuffer_nomaterial_materials.h	BASENAME	sources/vostok/render/engine/sources/effect_gbuffer_nomaterial_materials.cpp;sources/vostok/render/engine/sources/effect_gbuffer_nomaterial_materials.h	effect_gbuffer_nomaterial_materials.h:1	target_evidence=1/1:effect_gbuffer_nomaterial_materials	stubs_in_counterpart=1
engine/sources/effect_gstage_burning_wood_materials.cpp	BASENAME	sources/vostok/render/engine/sources/effect_gstage_burning_wood_materials.h;sources/vostok/render/engine/sources/effect_gstage_burning_wood_materials.cpp	effect_gstage_burning_wood_materials.h:1	target_evidence=1/1:effect_gstage_burning_wood_materials	stubs_in_counterpart=1
engine/sources/effect_gstage_burning_wood_materials.h	BASENAME	sources/vostok/render/engine/sources/effect_gstage_burning_wood_materials.h;sources/vostok/render/engine/sources/effect_gstage_burning_wood_materials.cpp	effect_gstage_burning_wood_materials.h:1	target_evidence=1/1:effect_gstage_burning_wood_materials	stubs_in_counterpart=1
engine/sources/effect_gstage_default_materials.cpp	BASENAME	sources/vostok/render/engine/sources/effect_gstage_default_materials.cpp;sources/vostok/render/engine/sources/effect_gstage_default_materials.h	effect_gstage_default_materials.h:1	target_evidence=1/1:effect_gstage_default_materials	stubs_in_counterpart=2
engine/sources/effect_gstage_default_materials.h	BASENAME	sources/vostok/render/engine/sources/effect_gstage_default_materials.cpp;sources/vostok/render/engine/sources/effect_gstage_default_materials.h	effect_gstage_default_materials.h:1	target_evidence=1/1:effect_gstage_default_materials	stubs_in_counterpart=2
engine/sources/effect_gstage_terrain_materials.cpp	BASENAME	sources/vostok/render/engine/sources/effect_gstage_terrain_materials.h;sources/vostok/render/engine/sources/effect_gstage_terrain_materials.cpp	effect_gstage_terrain_materials.h:1	target_evidence=1/1:effect_gstage_terrain_materials	stubs_in_counterpart=1
engine/sources/effect_gstage_terrain_materials.h	BASENAME	sources/vostok/render/engine/sources/effect_gstage_terrain_materials.h;sources/vostok/render/engine/sources/effect_gstage_terrain_materials.cpp	effect_gstage_terrain_materials.h:1	target_evidence=1/1:effect_gstage_terrain_materials	stubs_in_counterpart=1
engine/sources/effect_light_direct.cpp	DEAD	-	-	target_evidence=0/1	stubs_in_counterpart=0
engine/sources/effect_light_direct.h	DEAD	-	-	target_evidence=0/1	stubs_in_counterpart=0
engine/sources/effect_light_mask.cpp	BASENAME	sources/vostok/render/engine/sources/effect_light_mask.h;sources/vostok/render/engine/sources/effect_light_mask.cpp	effect_light_mask.h:1	target_evidence=1/1:effect_light_mask	stubs_in_counterpart=1
engine/sources/effect_light_mask.h	BASENAME	sources/vostok/render/engine/sources/effect_light_mask.h;sources/vostok/render/engine/sources/effect_light_mask.cpp	effect_light_mask.h:1	target_evidence=1/1:effect_light_mask	stubs_in_counterpart=1
engine/sources/effect_light_propagation_volumes.cpp	BASENAME	sources/vostok/render/engine/sources/effect_light_propagation_volumes.h;sources/vostok/render/engine/sources/effect_light_propagation_volumes.cpp	effect_light_propagation_volumes.h:1	target_evidence=1/1:effect_light_propagation_volumes	stubs_in_counterpart=1
engine/sources/effect_light_propagation_volumes.h	BASENAME	sources/vostok/render/engine/sources/effect_light_propagation_volumes.h;sources/vostok/render/engine/sources/effect_light_propagation_volumes.cpp	effect_light_propagation_volumes.h:1	target_evidence=1/1:effect_light_propagation_volumes	stubs_in_counterpart=1
engine/sources/effect_light_spot.cpp	DEAD	-	-	target_evidence=0/1	stubs_in_counterpart=0
engine/sources/effect_lighting_stage_default_materials.cpp	BASENAME	sources/vostok/render/engine/sources/effect_lighting_stage_default_materials.cpp;sources/vostok/render/engine/sources/effect_lighting_stage_default_materials.h	effect_lighting_stage_default_materials.h:1	target_evidence=1/1:effect_lighting_stage_default_materials	stubs_in_counterpart=2
engine/sources/effect_lighting_stage_default_materials.h	BASENAME	sources/vostok/render/engine/sources/effect_lighting_stage_default_materials.cpp;sources/vostok/render/engine/sources/effect_lighting_stage_default_materials.h	effect_lighting_stage_default_materials.h:1	target_evidence=1/1:effect_lighting_stage_default_materials	stubs_in_counterpart=2
engine/sources/effect_lighting_stage_organic_base_materials.cpp	BASENAME	sources/vostok/render/engine/sources/effect_lighting_stage_organic_base_materials.h;sources/vostok/render/engine/sources/effect_lighting_stage_organic_base_materials.cpp	effect_lighting_stage_organic_base_materials.h:1	target_evidence=1/1:effect_lighting_stage_organic_base_materials	stubs_in_counterpart=1
engine/sources/effect_lighting_stage_organic_base_materials.h	BASENAME	sources/vostok/render/engine/sources/effect_lighting_stage_organic_base_materials.h;sources/vostok/render/engine/sources/effect_lighting_stage_organic_base_materials.cpp	effect_lighting_stage_organic_base_materials.h:1	target_evidence=1/1:effect_lighting_stage_organic_base_materials	stubs_in_counterpart=1
engine/sources/effect_lighting_stage_skin_base_materials.cpp	BASENAME	sources/vostok/render/engine/sources/effect_lighting_stage_skin_base_materials.cpp;sources/vostok/render/engine/sources/effect_lighting_stage_skin_base_materials.h	effect_lighting_stage_skin_base_materials.h:1	target_evidence=1/1:effect_lighting_stage_skin_base_materials	stubs_in_counterpart=1
engine/sources/effect_lighting_stage_skin_base_materials.h	BASENAME	sources/vostok/render/engine/sources/effect_lighting_stage_skin_base_materials.cpp;sources/vostok/render/engine/sources/effect_lighting_stage_skin_base_materials.h	effect_lighting_stage_skin_base_materials.h:1	target_evidence=1/1:effect_lighting_stage_skin_base_materials	stubs_in_counterpart=1
engine/sources/effect_material_base.cpp	BASENAME	sources/vostok/render/engine/sources/effect_material_base.cpp;sources/vostok/render/engine/sources/effect_material_base.h	effect_material_base.cpp:1;effect_material_base.h:1	target_evidence=1/2:effect_material_base	stubs_in_counterpart=3
engine/sources/effect_material_base.h	BASENAME	sources/vostok/render/engine/sources/effect_material_base.cpp;sources/vostok/render/engine/sources/effect_material_base.h	effect_material_base.h:1	target_evidence=1/1:effect_material_base	stubs_in_counterpart=3
engine/sources/effect_notexture.cpp	DEAD	-	-	target_evidence=0/1	stubs_in_counterpart=0
engine/sources/effect_particle_selection.cpp	BASENAME	sources/vostok/render/engine/sources/effect_particle_selection.h;sources/vostok/render/engine/sources/effect_particle_selection.cpp	effect_particle_selection.h:1	target_evidence=1/1:effect_particle_selection	stubs_in_counterpart=1
engine/sources/effect_particle_selection.h	BASENAME	sources/vostok/render/engine/sources/effect_particle_selection.h;sources/vostok/render/engine/sources/effect_particle_selection.cpp	effect_particle_selection.h:1	target_evidence=1/1:effect_particle_selection	stubs_in_counterpart=1
engine/sources/effect_post_process_aliasing.cpp	DEAD	-	-	target_evidence=0/1	stubs_in_counterpart=0
engine/sources/effect_post_process_antialiasing.cpp	DEAD	-	-	target_evidence=0/1	stubs_in_counterpart=0
engine/sources/effect_post_process_antialiasing.h	DEAD	-	-	target_evidence=0/1	stubs_in_counterpart=0
engine/sources/effect_post_process_blend_texture_materials.cpp	BASENAME	sources/vostok/render/engine/sources/effect_post_process_blend_texture_materials.h;sources/vostok/render/engine/sources/effect_post_process_blend_texture_materials.cpp	effect_post_process_blend_texture_materials.h:1	target_evidence=1/1:effect_post_process_blend_texture_materials	stubs_in_counterpart=1
engine/sources/effect_post_process_blend_texture_materials.h	BASENAME	sources/vostok/render/engine/sources/effect_post_process_blend_texture_materials.h;sources/vostok/render/engine/sources/effect_post_process_blend_texture_materials.cpp	effect_post_process_blend_texture_materials.h:1	target_evidence=1/1:effect_post_process_blend_texture_materials	stubs_in_counterpart=1
engine/sources/effect_post_process_deferred_transparency.cpp	DEAD	-	-	target_evidence=0/1	stubs_in_counterpart=0
engine/sources/effect_post_process_deferred_transparency.h	DEAD	-	-	target_evidence=0/1	stubs_in_counterpart=0
engine/sources/effect_post_process_distortion_materials.cpp	BASENAME	sources/vostok/render/engine/sources/effect_post_process_distortion_materials.cpp;sources/vostok/render/engine/sources/effect_post_process_distortion_materials.h	effect_post_process_distortion_materials.h:1	target_evidence=1/1:effect_post_process_distortion_materials	stubs_in_counterpart=1
engine/sources/effect_post_process_distortion_materials.h	BASENAME	sources/vostok/render/engine/sources/effect_post_process_distortion_materials.cpp;sources/vostok/render/engine/sources/effect_post_process_distortion_materials.h	effect_post_process_distortion_materials.h:1	target_evidence=1/1:effect_post_process_distortion_materials	stubs_in_counterpart=1
engine/sources/effect_post_process_fxaa.cpp	BASENAME	sources/vostok/render/engine/sources/effect_post_process_fxaa.cpp;sources/vostok/render/engine/sources/effect_post_process_fxaa.h	effect_post_process_fxaa.h:1	target_evidence=1/1:effect_post_process_fxaa	stubs_in_counterpart=1
engine/sources/effect_post_process_fxaa.h	BASENAME	sources/vostok/render/engine/sources/effect_post_process_fxaa.cpp;sources/vostok/render/engine/sources/effect_post_process_fxaa.h	effect_post_process_fxaa.h:1	target_evidence=1/1:effect_post_process_fxaa	stubs_in_counterpart=1
engine/sources/effect_post_process_mlaa.cpp	BASENAME	sources/vostok/render/engine/sources/effect_post_process_mlaa.h;sources/vostok/render/engine/sources/effect_post_process_mlaa.cpp	effect_post_process_mlaa.h:1	target_evidence=1/1:effect_post_process_mlaa	stubs_in_counterpart=1
engine/sources/effect_post_process_mlaa.h	BASENAME	sources/vostok/render/engine/sources/effect_post_process_mlaa.h;sources/vostok/render/engine/sources/effect_post_process_mlaa.cpp	effect_post_process_mlaa.h:1	target_evidence=1/1:effect_post_process_mlaa	stubs_in_counterpart=1
engine/sources/effect_post_process_terrain_debug_materials.cpp	BASENAME	sources/vostok/render/engine/sources/effect_post_process_terrain_debug_materials.h;sources/vostok/render/engine/sources/effect_post_process_terrain_debug_materials.cpp	effect_post_process_terrain_debug_materials.h:1	target_evidence=1/1:effect_post_process_terrain_debug_materials	stubs_in_counterpart=1
engine/sources/effect_post_process_terrain_debug_materials.h	BASENAME	sources/vostok/render/engine/sources/effect_post_process_terrain_debug_materials.h;sources/vostok/render/engine/sources/effect_post_process_terrain_debug_materials.cpp	effect_post_process_terrain_debug_materials.h:1	target_evidence=1/1:effect_post_process_terrain_debug_materials	stubs_in_counterpart=1
engine/sources/effect_radiance_volume_inject_lighting.cpp	DEAD	-	-	target_evidence=0/1	stubs_in_counterpart=0
engine/sources/effect_radiance_volume_inject_lighting.h	DEAD	-	-	target_evidence=0/1	stubs_in_counterpart=0
engine/sources/effect_radiance_volume_propagate_lighting.cpp	DEAD	-	-	target_evidence=0/1	stubs_in_counterpart=0
engine/sources/effect_radiance_volume_propagate_lighting.h	DEAD	-	-	target_evidence=0/1	stubs_in_counterpart=0
engine/sources/effect_shadow_map.cpp	BASENAME	sources/vostok/render/engine/sources/effect_shadow_map.h;sources/vostok/render/engine/sources/effect_shadow_map.cpp	effect_shadow_map.h:1	target_evidence=1/1:effect_shadow_map	stubs_in_counterpart=1
engine/sources/effect_shadow_map.h	BASENAME	sources/vostok/render/engine/sources/effect_shadow_map.h;sources/vostok/render/engine/sources/effect_shadow_map.cpp	effect_shadow_map.h:1	target_evidence=1/1:effect_shadow_map	stubs_in_counterpart=1
engine/sources/effect_speedtree_selection.cpp	BASENAME	sources/vostok/render/engine/sources/effect_speedtree_selection.cpp;sources/vostok/render/engine/sources/effect_speedtree_selection.h	effect_speedtree_selection.h:1	target_evidence=1/1:effect_speedtree_selection	stubs_in_counterpart=1
engine/sources/effect_speedtree_selection.h	BASENAME	sources/vostok/render/engine/sources/effect_speedtree_selection.cpp;sources/vostok/render/engine/sources/effect_speedtree_selection.h	effect_speedtree_selection.h:1	target_evidence=1/1:effect_speedtree_selection	stubs_in_counterpart=1
engine/sources/effect_ssao_accumulation.cpp	BASENAME	sources/vostok/render/engine/sources/effect_ssao_accumulation.cpp;sources/vostok/render/engine/sources/effect_ssao_accumulation.h	effect_ssao_accumulation.h:1	target_evidence=1/1:effect_ssao_accumulation	stubs_in_counterpart=1
engine/sources/effect_ssao_accumulation.h	BASENAME	sources/vostok/render/engine/sources/effect_ssao_accumulation.cpp;sources/vostok/render/engine/sources/effect_ssao_accumulation.h	effect_ssao_accumulation.h:1	target_evidence=1/1:effect_ssao_accumulation	stubs_in_counterpart=1
engine/sources/effect_ssao_filter4x4.cpp	BASENAME	sources/vostok/render/engine/sources/effect_ssao_filter4x4.cpp;sources/vostok/render/engine/sources/effect_ssao_filter4x4.h	effect_ssao_filter4x4.h:1	target_evidence=1/1:effect_ssao_filter4x4	stubs_in_counterpart=1
engine/sources/effect_ssao_filter4x4.h	BASENAME	sources/vostok/render/engine/sources/effect_ssao_filter4x4.cpp;sources/vostok/render/engine/sources/effect_ssao_filter4x4.h	effect_ssao_filter4x4.h:1	target_evidence=1/1:effect_ssao_filter4x4	stubs_in_counterpart=1
engine/sources/effect_system_colored.cpp	BASENAME	sources/vostok/render/engine/sources/effect_system_colored.cpp;sources/vostok/render/engine/sources/effect_system_colored.h	effect_system_colored.h:1	target_evidence=1/1:effect_system_colored	stubs_in_counterpart=1
engine/sources/effect_system_colored.h	BASENAME	sources/vostok/render/engine/sources/effect_system_colored.cpp;sources/vostok/render/engine/sources/effect_system_colored.h	effect_system_colored.h:1	target_evidence=1/2:effect_system_colored	stubs_in_counterpart=1
engine/sources/effect_system_line.cpp	BASENAME	sources/vostok/render/engine/sources/effect_system_line.h;sources/vostok/render/engine/sources/effect_system_line.cpp	effect_system_line.h:1	target_evidence=1/1:effect_system_line	stubs_in_counterpart=1
engine/sources/effect_system_line.h	BASENAME	sources/vostok/render/engine/sources/effect_system_line.h;sources/vostok/render/engine/sources/effect_system_line.cpp	effect_system_line.h:1	target_evidence=1/2:effect_system_line	stubs_in_counterpart=1
engine/sources/effect_system_ui.cpp	BASENAME	sources/vostok/render/engine/sources/effect_system_ui.h;sources/vostok/render/engine/sources/effect_system_ui.cpp	effect_system_ui.h:1	target_evidence=1/1:effect_system_ui	stubs_in_counterpart=1
engine/sources/effect_system_ui.h	BASENAME	sources/vostok/render/engine/sources/effect_system_ui.h;sources/vostok/render/engine/sources/effect_system_ui.cpp	effect_system_ui.h:1	target_evidence=1/2:effect_system_ui	stubs_in_counterpart=1
engine/sources/effect_terrain.cpp	DEAD	-	-	target_evidence=0/2	stubs_in_counterpart=0
engine/sources/effect_terrain_new.cpp	DEAD	-	-	target_evidence=0/1	stubs_in_counterpart=0
engine/sources/effect_terrain_new.h	DEAD	-	-	target_evidence=0/1	stubs_in_counterpart=0
engine/sources/effect_tree.cpp	DEAD	-	-	target_evidence=0/2	stubs_in_counterpart=0
engine/sources/effect_wireframe_colored.cpp	BASENAME	sources/vostok/render/engine/sources/effect_wireframe_colored.cpp;sources/vostok/render/engine/sources/effect_wireframe_colored.h	effect_wireframe_colored.h:1	target_evidence=1/1:effect_wireframe_colored	stubs_in_counterpart=1
engine/sources/effect_wireframe_colored.h	BASENAME	sources/vostok/render/engine/sources/effect_wireframe_colored.cpp;sources/vostok/render/engine/sources/effect_wireframe_colored.h	effect_wireframe_colored.h:1	target_evidence=1/1:effect_wireframe_colored	stubs_in_counterpart=1
engine/sources/engine_options.cpp	UNMAPPED	-	-	target_evidence=0/0	stubs_in_counterpart=0
engine/sources/engine_options.h	DEAD	-	-	target_evidence=0/3	stubs_in_counterpart=0
engine/sources/environment.cpp	UNMAPPED	-	-	target_evidence=0/0	stubs_in_counterpart=0
engine/sources/environment.h	UNMAPPED	-	-	target_evidence=1/1:environment	stubs_in_counterpart=0
engine/sources/flash_renderer.cpp	SYMBOL	sources/vostok/render/core/dx11/device.h	device.h:1	target_evidence=3/3:D3D1x,device,flash_renderer	stubs_in_counterpart=1
engine/sources/flash_renderer.h	UNMAPPED	-	-	target_evidence=1/1:flash_renderer	stubs_in_counterpart=0
engine/sources/grass.cpp	SYMBOL	sources/vostok/render/core/dx11/backend.h;sources/vostok/render/engine/sources/grass_world.h	backend.h:1;grass_world.h:1	target_evidence=4/7:backend,boost,grass_world,resources	stubs_in_counterpart=8
engine/sources/grass.h	SYMBOL	sources/vostok/render/engine/sources/grass_world.h	grass_world.h:1	target_evidence=1/5:grass_world	stubs_in_counterpart=5
engine/sources/grass_instance.cpp	BASENAME	sources/vostok/render/engine/sources/grass_instance.cpp;sources/vostok/render/engine/sources/grass_instance.h	grass_instance.h:1	target_evidence=1/1:grass_instance	stubs_in_counterpart=0
engine/sources/grass_instance.h	BASENAME	sources/vostok/render/engine/sources/grass_instance.cpp;sources/vostok/render/engine/sources/grass_instance.h	grass_instance.h:1	target_evidence=1/1:grass_instance	stubs_in_counterpart=0
engine/sources/grass_patch.cpp	BASENAME	sources/vostok/render/engine/sources/grass_patch.cpp;sources/vostok/render/engine/sources/grass_patch.h	grass_patch.h:1	target_evidence=2/3:collision,grass_patch	stubs_in_counterpart=13
engine/sources/grass_patch.h	BASENAME	sources/vostok/render/engine/sources/grass_patch.cpp;sources/vostok/render/engine/sources/grass_patch.h	grass_patch.h:1	target_evidence=1/1:grass_patch	stubs_in_counterpart=13
engine/sources/grass_template.cpp	BASENAME	sources/vostok/render/engine/sources/grass_template.h;sources/vostok/render/engine/sources/grass_template.cpp	grass_template.h:1	target_evidence=1/1:grass_template	stubs_in_counterpart=3
engine/sources/grass_template.h	BASENAME	sources/vostok/render/engine/sources/grass_template.h;sources/vostok/render/engine/sources/grass_template.cpp	grass_template.h:1	target_evidence=1/1:grass_template	stubs_in_counterpart=3
engine/sources/grass_world.cpp	BASENAME	sources/vostok/render/engine/sources/grass_world.h;sources/vostok/render/engine/sources/grass_world.cpp	backend.h:1;grass_world.h:1;statistics.h:1	target_evidence=7/7:backend,boost,collision,grass_world,math	stubs_in_counterpart=40
engine/sources/grass_world.h	BASENAME	sources/vostok/render/engine/sources/grass_world.h;sources/vostok/render/engine/sources/grass_world.cpp	grass_world.h:1	target_evidence=1/1:grass_world	stubs_in_counterpart=40
engine/sources/light.cpp	BASENAME	sources/vostok/render/engine/sources/light.h;sources/vostok/render/engine/sources/light.cpp	light.h:1	target_evidence=3/3:collision,light,math	stubs_in_counterpart=16
engine/sources/light.h	BASENAME	sources/vostok/render/engine/sources/light.h;sources/vostok/render/engine/sources/light.cpp	light.h:3	target_evidence=1/3:light	stubs_in_counterpart=16
engine/sources/lights_db.cpp	BASENAME	sources/vostok/render/engine/sources/lights_db.h;sources/vostok/render/engine/sources/lights_db.cpp	lights_db.h:1	target_evidence=3/3:collision,lights_db,memory	stubs_in_counterpart=10
engine/sources/lights_db.h	BASENAME	sources/vostok/render/engine/sources/lights_db.h;sources/vostok/render/engine/sources/lights_db.cpp	lights_db.h:3	target_evidence=3/3:light_data,lights_db,tree_operation_enum	stubs_in_counterpart=10
engine/sources/make_vcm_effect.cpp	DEAD	-	-	target_evidence=0/1	stubs_in_counterpart=0
engine/sources/make_vcm_effect.h	DEAD	-	-	target_evidence=0/1	stubs_in_counterpart=0
engine/sources/material.cpp	BASENAME	sources/vostok/render/engine/sources/material.cpp;sources/vostok/render/engine/sources/material.h	effect_manager.h:1;material.h:1	target_evidence=2/2:effect_manager,material	stubs_in_counterpart=4
engine/sources/material.h	BASENAME	sources/vostok/render/engine/sources/material.cpp;sources/vostok/render/engine/sources/material.h	material.h:1	target_evidence=1/1:material	stubs_in_counterpart=4
engine/sources/material_cook.cpp	BASENAME	sources/vostok/render/engine/sources/material_cook.cpp;sources/vostok/render/engine/sources/material_cook.h	material_cook.h:1	target_evidence=3/3:boost,material_cook,resources	stubs_in_counterpart=5
engine/sources/material_cook.h	BASENAME	sources/vostok/render/engine/sources/material_cook.cpp;sources/vostok/render/engine/sources/material_cook.h	material_cook.h:1	target_evidence=1/1:material_cook	stubs_in_counterpart=5
engine/sources/material_effects.cpp	BASENAME	sources/vostok/render/engine/sources/material_effects.cpp;sources/vostok/render/engine/sources/material_effects.h	material_effects.h:1	target_evidence=2/2:material_effects,memory	stubs_in_counterpart=3
engine/sources/material_effects.h	BASENAME	sources/vostok/render/engine/sources/material_effects.cpp;sources/vostok/render/engine/sources/material_effects.h	material_effects_instance.h:1;material_effects.h:1	target_evidence=2/2:material_effects,material_effects_instance	stubs_in_counterpart=3
engine/sources/material_effects_instance_cook.cpp	BASENAME	sources/vostok/render/engine/sources/material_effects_instance_cook.cpp;sources/vostok/render/engine/sources/material_effects_instance_cook.h	effect_manager.h:1;material_effects_instance_cook.h:1	target_evidence=5/5:boost,effect_manager,material_effects_instance_cook,memory,resources	stubs_in_counterpart=13
engine/sources/material_effects_instance_cook.h	BASENAME	sources/vostok/render/engine/sources/material_effects_instance_cook.cpp;sources/vostok/render/engine/sources/material_effects_instance_cook.h	material_effects_instance_cook.h:1	target_evidence=1/1:material_effects_instance_cook	stubs_in_counterpart=13
engine/sources/material_manager.cpp	BASENAME	sources/vostok/render/engine/sources/material_manager.h;sources/vostok/render/engine/sources/material_manager.cpp	material_manager.h:1;material_manager.cpp:1	target_evidence=3/4:boost,material_manager,resources	stubs_in_counterpart=5
engine/sources/material_manager.h	BASENAME	sources/vostok/render/engine/sources/material_manager.h;sources/vostok/render/engine/sources/material_manager.cpp	material_manager.h:2	target_evidence=2/2:material_effects_entry,material_manager	stubs_in_counterpart=5
engine/sources/model_converter.cpp	UNMAPPED	-	-	target_evidence=3/4:boost,memory,resources	stubs_in_counterpart=0
engine/sources/model_converter.h	DEAD	-	-	target_evidence=0/1	stubs_in_counterpart=0
engine/sources/model_cooker.cpp	BASENAME	sources/vostok/render/engine/sources/model_cooker.h;sources/vostok/render/engine/sources/model_cooker.cpp	model_cooker.h:2	target_evidence=4/4:boost,resources,skeleton_model_instance_cook,static_model_instance_cook	stubs_in_counterpart=11
engine/sources/model_cooker.h	BASENAME	sources/vostok/render/engine/sources/model_cooker.h;sources/vostok/render/engine/sources/model_cooker.cpp	model_cooker.h:3	target_evidence=3/3:skeleton_model_instance_cook,skeleton_model_instance_cook_data,static_model_instance_cook	stubs_in_counterpart=11
engine/sources/model_manager.cpp	BASENAME	sources/vostok/render/engine/sources/model_manager.h;sources/vostok/render/engine/sources/model_manager.cpp	-	target_evidence=0/0	stubs_in_counterpart=5
engine/sources/model_manager.h	BASENAME	sources/vostok/render/engine/sources/model_manager.h;sources/vostok/render/engine/sources/model_manager.cpp	-	target_evidence=0/0	stubs_in_counterpart=5
engine/sources/moon_position.cpp	BASENAME	sources/vostok/render/engine/sources/moon_position.h	-	target_evidence=1/1:math	stubs_in_counterpart=0
engine/sources/moon_position.h	BASENAME	sources/vostok/render/engine/sources/moon_position.h	moon_position.h:1	target_evidence=0/1	stubs_in_counterpart=0
engine/sources/obb_light_effect.h	BASENAME	sources/vostok/render/engine/sources/obb_light_effect.h	obb_light_effect.h:1	target_evidence=1/1:obb_light_effect	stubs_in_counterpart=1
engine/sources/parallel_light_effect.h	DEAD	-	-	target_evidence=0/1	stubs_in_counterpart=0
engine/sources/plane_spot_light_effect.h	BASENAME	sources/vostok/render/engine/sources/plane_spot_light_effect.h	plane_spot_light_effect.h:1	target_evidence=1/1:plane_spot_light_effect	stubs_in_counterpart=1
engine/sources/point_light_effect.h	BASENAME	sources/vostok/render/engine/sources/point_light_effect.h	point_light_effect.h:1	target_evidence=1/1:point_light_effect	stubs_in_counterpart=1
engine/sources/polymorph_vector.h	UNMAPPED	-	-	target_evidence=1/4:iterator	stubs_in_counterpart=0
engine/sources/polymorph_vector_inline.h	UNMAPPED	-	-	target_evidence=0/0	stubs_in_counterpart=0
engine/sources/post_process_parameters.cpp	BASENAME	sources/vostok/render/engine/sources/post_process_parameters.h;sources/vostok/render/engine/sources/post_process_parameters.cpp	post_process_parameters.h:1	target_evidence=1/1:post_process_parameters	stubs_in_counterpart=1
engine/sources/post_process_parameters.h	BASENAME	sources/vostok/render/engine/sources/post_process_parameters.h;sources/vostok/render/engine/sources/post_process_parameters.cpp	post_process_parameters.h:1	target_evidence=1/1:post_process_parameters	stubs_in_counterpart=1
engine/sources/radiance_volume.cpp	BASENAME	sources/vostok/render/engine/sources/radiance_volume.h;sources/vostok/render/engine/sources/radiance_volume.cpp	radiance_volume.h:3;options.h:1;backend.h:1	target_evidence=8/8:backend,effect_manager,injection_geometry,math,options	stubs_in_counterpart=26
engine/sources/radiance_volume.h	BASENAME	sources/vostok/render/engine/sources/radiance_volume.h;sources/vostok/render/engine/sources/radiance_volume.cpp	radiance_volume.h:4	target_evidence=3/4:injection_geometry,radiance_volume,sliced_cube_geometry	stubs_in_counterpart=26
engine/sources/ray.h	BASENAME	sources/vostok/render/engine/sources/ray.h	ray.h:1	target_evidence=1/1:ray	stubs_in_counterpart=0
engine/sources/register_effect_descriptors.h	UNMAPPED	-	-	target_evidence=0/0	stubs_in_counterpart=0
engine/sources/render_engine_dx11.vcproj	UNMAPPED	-	-	target_evidence=0/0	stubs_in_counterpart=0
engine/sources/render_engine_library_linkage.cpp	UNMAPPED	-	-	target_evidence=0/0	stubs_in_counterpart=0
engine/sources/render_engine_pc_dx11.vcproj	BASENAME	sources/vostok/render/engine/sources/render_engine_pc_dx11.vcproj	-	target_evidence=0/0	stubs_in_counterpart=0
engine/sources/render_engine_pc_opengl.vcproj	UNMAPPED	-	-	target_evidence=0/0	stubs_in_counterpart=0
engine/sources/render_engine_world_dx11.cpp	SYMBOL	sources/vostok/render/engine/sources/material.h;sources/vostok/render/engine/sources/statistics.h;sources/vostok/render/engine/sources/render_engine_world_pc_dx11.cpp	material.h:1;statistics.h:1;render_engine_world_pc_dx11.cpp:1	target_evidence=21/21:backend,boost,console_commands,core,effect_manager	stubs_in_counterpart=124
engine/sources/render_engine_world_pc_dx11.cpp	BASENAME	sources/vostok/render/engine/sources/render_engine_world_pc_dx11.cpp	material.h:1;statistics.h:1;render_engine_world_pc_dx11.cpp:1	target_evidence=21/21:backend,boost,console_commands,core,effect_manager	stubs_in_counterpart=115
engine/sources/render_engine_world_pc_opengl.cpp	SYMBOL	sources/vostok/render/facade/sources/render_facade_world.h;sources/vostok/render/engine/world_pc.h	render_facade_world.h:1;world_pc.h:1	target_evidence=1/1:world	stubs_in_counterpart=0
engine/sources/render_model.cpp	BASENAME	sources/vostok/render/engine/sources/render_model.cpp;sources/vostok/render/engine/sources/render_model.h	render_model.h:1;material_manager.h:1;render_surface.h:1	target_evidence=7/7:material,material_manager,render_model,render_model_instance_impl,render_surface	stubs_in_counterpart=13
engine/sources/render_model.h	BASENAME	sources/vostok/render/engine/sources/render_model.cpp;sources/vostok/render/engine/sources/render_model.h	render_model_instance_impl.h:1;render_geometry.h:1;render_model.h:1	target_evidence=5/5:render_geometry,render_model,render_model_instance_impl,render_surface,render_surface_instance	stubs_in_counterpart=13
engine/sources/render_model_composite.cpp	DEAD	-	-	target_evidence=0/3	stubs_in_counterpart=0
engine/sources/render_model_composite.h	DEAD	-	-	target_evidence=0/3	stubs_in_counterpart=0
engine/sources/render_model_cooker.cpp	BASENAME	sources/vostok/render/engine/sources/render_model_cooker.h;sources/vostok/render/engine/sources/render_model_cooker.cpp	render_model_cooker.h:5	target_evidence=9/11:boost,cook_intermediate_data,model_factory,mutable_buffer,render_model_cook	stubs_in_counterpart=31
engine/sources/render_model_cooker.h	BASENAME	sources/vostok/render/engine/sources/render_model_cooker.h;sources/vostok/render/engine/sources/render_model_cooker.cpp	render_model_cooker.h:6	target_evidence=6/10:cook_intermediate_data,model_asset,render_model_cook,skeleton_render_model_instance_cook,static_render_model_instance_cook	stubs_in_counterpart=31
engine/sources/render_model_grass.cpp	BASENAME	sources/vostok/render/engine/sources/render_model_grass.cpp;sources/vostok/render/engine/sources/render_model_grass.h	render_model_grass.h:2	target_evidence=3/4:decl_utils,grass_render_model,grass_render_surface	stubs_in_counterpart=4
engine/sources/render_model_grass.h	BASENAME	sources/vostok/render/engine/sources/render_model_grass.cpp;sources/vostok/render/engine/sources/render_model_grass.h	render_model_grass.h:2	target_evidence=2/2:grass_render_model,grass_render_surface	stubs_in_counterpart=4
engine/sources/render_model_skeleton.cpp	BASENAME	sources/vostok/render/engine/sources/render_model_skeleton.h;sources/vostok/render/engine/sources/render_model_skeleton.cpp	render_model_skeleton.h:3;backend.h:1	target_evidence=4/4:backend,skeleton_render_model,skeleton_render_model_instance,skeleton_render_surface	stubs_in_counterpart=18
engine/sources/render_model_skeleton.h	BASENAME	sources/vostok/render/engine/sources/render_model_skeleton.h;sources/vostok/render/engine/sources/render_model_skeleton.cpp	render_model_skeleton.h:3	target_evidence=3/3:skeleton_render_model,skeleton_render_model_instance,skeleton_render_surface	stubs_in_counterpart=18
engine/sources/render_model_static.cpp	BASENAME	sources/vostok/render/engine/sources/render_model_static.cpp;sources/vostok/render/engine/sources/render_model_static.h	render_model_static.h:3	target_evidence=4/5:decl_utils,static_render_model,static_render_model_instance,static_render_surface	stubs_in_counterpart=24
engine/sources/render_model_static.h	BASENAME	sources/vostok/render/engine/sources/render_model_static.cpp;sources/vostok/render/engine/sources/render_model_static.h	render_model_static.h:3	target_evidence=3/3:static_render_model,static_render_model_instance,static_render_surface	stubs_in_counterpart=24
engine/sources/render_model_user.cpp	BASENAME	sources/vostok/render/engine/sources/render_model_user.cpp;sources/vostok/render/engine/sources/render_model_user.h	render_model_user.h:4;render_model_user.cpp:1	target_evidence=8/10:boost,memory,resources,strings,user_render_model_instance	stubs_in_counterpart=9
engine/sources/render_model_user.h	BASENAME	sources/vostok/render/engine/sources/render_model_user.cpp;sources/vostok/render/engine/sources/render_model_user.h	render_model_user.h:4	target_evidence=4/4:user_render_model_instance,user_render_surface,user_render_surface_editable,user_render_surface_wire	stubs_in_counterpart=9
engine/sources/render_output_window.cpp	BASENAME	sources/vostok/render/engine/sources/render_output_window.cpp;sources/vostok/render/engine/sources/render_output_window.h	device.h:1;render_output_window.h:1;backend.h:1	target_evidence=4/4:backend,device,math,render_output_window	stubs_in_counterpart=5
engine/sources/render_output_window.h	BASENAME	sources/vostok/render/engine/sources/render_output_window.cpp;sources/vostok/render/engine/sources/render_output_window.h	render_output_window.h:1	target_evidence=1/1:render_output_window	stubs_in_counterpart=5
engine/sources/render_particle_emitter_instance.cpp	BASENAME	sources/vostok/render/engine/sources/render_particle_emitter_instance.h;sources/vostok/render/engine/sources/render_particle_emitter_instance.cpp	render_particle_emitter_instance.cpp:3;material.h:1;render_particle_emitter_instance.h:1	target_evidence=7/8:backend,material,particle_sprite_vertex,render_particle_emitter_instance,statistics	stubs_in_counterpart=12
engine/sources/render_particle_emitter_instance.h	BASENAME	sources/vostok/render/engine/sources/render_particle_emitter_instance.h;sources/vostok/render/engine/sources/render_particle_emitter_instance.cpp	render_particle_emitter_instance.h:2	target_evidence=1/2:render_particle_emitter_instance	stubs_in_counterpart=12
engine/sources/renderer.cpp	BASENAME	sources/vostok/render/engine/sources/renderer.h;sources/vostok/render/engine/sources/renderer.cpp	backend.h:1;ui_renderer.h:1;game_renderer.h:1	target_evidence=6/6:backend,effect_manager,renderer,resource_manager,statistics	stubs_in_counterpart=28
engine/sources/renderer.h	BASENAME	sources/vostok/render/engine/sources/renderer.h;sources/vostok/render/engine/sources/renderer.cpp	ui_renderer.h:1;game_renderer.h:1;engine_renderer.h:1	target_evidence=1/1:renderer	stubs_in_counterpart=28
engine/sources/renderer_context.cpp	BASENAME	sources/vostok/render/engine/sources/renderer_context.h;sources/vostok/render/engine/sources/renderer_context.cpp	renderer_context.h:1;backend.h:1	target_evidence=2/2:backend,renderer_context	stubs_in_counterpart=17
engine/sources/renderer_context.h	BASENAME	sources/vostok/render/engine/sources/renderer_context.h;sources/vostok/render/engine/sources/renderer_context.cpp	renderer_context.h:1	target_evidence=1/2:renderer_context	stubs_in_counterpart=17
engine/sources/renderer_context_targets.cpp	BASENAME	sources/vostok/render/engine/sources/renderer_context_targets.cpp;sources/vostok/render/engine/sources/renderer_context_targets.h	renderer_context_targets.h:1;backend.h:1	target_evidence=3/3:backend,math,renderer_context_targets	stubs_in_counterpart=8
engine/sources/renderer_context_targets.h	BASENAME	sources/vostok/render/engine/sources/renderer_context_targets.cpp;sources/vostok/render/engine/sources/renderer_context_targets.h	renderer_context_targets.h:3	target_evidence=3/3:enum_render_target_index,render_target_instance,renderer_context_targets	stubs_in_counterpart=8
engine/sources/renderer_register_effects.cpp	BASENAME	sources/vostok/render/engine/sources/renderer_register_effects.h;sources/vostok/render/engine/sources/renderer_register_effects.cpp	effect_manager.h:1	target_evidence=1/1:effect_manager	stubs_in_counterpart=1
engine/sources/scene.cpp	BASENAME	sources/vostok/render/engine/sources/scene.h;sources/vostok/render/engine/sources/scene.cpp	scene.h:2;backend.h:1;system_renderer.h:1	target_evidence=5/5:backend,collision,particle_engine,scene,system_renderer	stubs_in_counterpart=65
engine/sources/scene.h	BASENAME	sources/vostok/render/engine/sources/scene.h;sources/vostok/render/engine/sources/scene.cpp	scene.h:2	target_evidence=2/2:particle_engine,scene	stubs_in_counterpart=65
engine/sources/scene_context.cpp	SYMBOL	sources/vostok/render/core/dx11/resource_manager.h	resource_manager.h:1	target_evidence=1/2:resource_manager	stubs_in_counterpart=0
engine/sources/scene_cook.cpp	BASENAME	sources/vostok/render/engine/sources/scene_cook.h;sources/vostok/render/engine/sources/scene_cook.cpp	scene_manager.h:1;scene_cook.h:1	target_evidence=4/4:boost,resources,scene_cook,scene_manager	stubs_in_counterpart=4
engine/sources/scene_cook.h	BASENAME	sources/vostok/render/engine/sources/scene_cook.h;sources/vostok/render/engine/sources/scene_cook.cpp	scene_cook.h:1	target_evidence=1/1:scene_cook	stubs_in_counterpart=4
engine/sources/scene_manager.cpp	BASENAME	sources/vostok/render/engine/sources/scene_manager.cpp;sources/vostok/render/engine/sources/scene_manager.h	scene_manager.h:1;scene_manager.cpp:1	target_evidence=1/2:scene_manager	stubs_in_counterpart=7
engine/sources/scene_manager.h	BASENAME	sources/vostok/render/engine/sources/scene_manager.cpp;sources/vostok/render/engine/sources/scene_manager.h	scene_manager.h:1	target_evidence=1/1:scene_manager	stubs_in_counterpart=7
engine/sources/scene_render.cpp	SYMBOL	sources/vostok/render/core/dx11/backend.h;sources/vostok/render/core/dx11/resource_manager.h	backend.h:1;resource_manager.h:1	target_evidence=5/9:backend,boost,math,resource_manager,resources	stubs_in_counterpart=3
engine/sources/scene_render_effects.cpp	SYMBOL	sources/vostok/render/core/dx11/effect_manager.h	effect_manager.h:1	target_evidence=1/2:effect_manager	stubs_in_counterpart=4
engine/sources/scene_view.cpp	BASENAME	sources/vostok/render/engine/sources/scene_view.h;sources/vostok/render/engine/sources/scene_view.cpp	scene_view.cpp:1;scene_view.h:1	target_evidence=4/4:memory,priority_less,scene_view,std	stubs_in_counterpart=6
engine/sources/scene_view.h	BASENAME	sources/vostok/render/engine/sources/scene_view.h;sources/vostok/render/engine/sources/scene_view.cpp	scene_view.h:1	target_evidence=1/1:scene_view	stubs_in_counterpart=6
engine/sources/shadow_cascade_volume.h	BASENAME	sources/vostok/render/engine/sources/shadow_cascade_volume.h	shadow_cascade_volume.h:2	target_evidence=1/2:shadow_cascade_volume	stubs_in_counterpart=2
engine/sources/shared_names.h	UNMAPPED	-	-	target_evidence=0/0	stubs_in_counterpart=0
engine/sources/skeleton_mesh_cpu_skinning_4weights.cpp	DEAD	-	-	target_evidence=0/2	stubs_in_counterpart=0
engine/sources/skeleton_mesh_cpu_skinning_4weights.h	DEAD	-	-	target_evidence=0/1	stubs_in_counterpart=0
engine/sources/skeleton_mesh_gpu_skinning_4weights.cpp	BASENAME	sources/vostok/render/engine/sources/skeleton_mesh_gpu_skinning_4weights.cpp;sources/vostok/render/engine/sources/skeleton_mesh_gpu_skinning_4weights.h	resource_manager.h:1;skeleton_mesh_gpu_skinning_4weights.h:1	target_evidence=2/3:resource_manager,skeleton_mesh_gpu_skinning_4weights	stubs_in_counterpart=4
engine/sources/skeleton_mesh_gpu_skinning_4weights.h	BASENAME	sources/vostok/render/engine/sources/skeleton_mesh_gpu_skinning_4weights.cpp;sources/vostok/render/engine/sources/skeleton_mesh_gpu_skinning_4weights.h	skeleton_mesh_gpu_skinning_4weights.h:1	target_evidence=1/1:skeleton_mesh_gpu_skinning_4weights	stubs_in_counterpart=4
engine/sources/sky_default_material_effect.cpp	BASENAME	sources/vostok/render/engine/sources/sky_default_material_effect.h;sources/vostok/render/engine/sources/sky_default_material_effect.cpp	sky_default_material_effect.h:1	target_evidence=1/1:sky_default_material_effect	stubs_in_counterpart=1
engine/sources/sky_default_material_effect.h	BASENAME	sources/vostok/render/engine/sources/sky_default_material_effect.h;sources/vostok/render/engine/sources/sky_default_material_effect.cpp	sky_default_material_effect.h:1	target_evidence=1/1:sky_default_material_effect	stubs_in_counterpart=1
engine/sources/speedtree.cpp	BASENAME	sources/vostok/render/engine/sources/speedtree.cpp;sources/vostok/render/engine/sources/speedtree.h	speedtree.h:1	target_evidence=3/4:resources,speed_tree_allocator,std	stubs_in_counterpart=0
engine/sources/speedtree.h	BASENAME	sources/vostok/render/engine/sources/speedtree.cpp;sources/vostok/render/engine/sources/speedtree.h	-	target_evidence=0/0	stubs_in_counterpart=0
engine/sources/speedtree_convert_type.cpp	BASENAME	sources/vostok/render/engine/sources/speedtree_convert_type.h;sources/vostok/render/engine/sources/speedtree_convert_type.cpp	-	target_evidence=3/3:SpeedTree,math,memory	stubs_in_counterpart=0
engine/sources/speedtree_convert_type.h	BASENAME	sources/vostok/render/engine/sources/speedtree_convert_type.h;sources/vostok/render/engine/sources/speedtree_convert_type.cpp	-	target_evidence=0/0	stubs_in_counterpart=0
engine/sources/speedtree_cook.cpp	BASENAME	sources/vostok/render/engine/sources/speedtree_cook.cpp;sources/vostok/render/engine/sources/speedtree_cook.h	speedtree_cook.h:2	target_evidence=4/4:boost,resources,speedtree_cook,speedtree_instance_cook	stubs_in_counterpart=9
engine/sources/speedtree_cook.h	BASENAME	sources/vostok/render/engine/sources/speedtree_cook.cpp;sources/vostok/render/engine/sources/speedtree_cook.h	speedtree_cook.h:3	target_evidence=3/3:speedtree_cook,speedtree_data,speedtree_instance_cook	stubs_in_counterpart=9
engine/sources/speedtree_forest.cpp	BASENAME	sources/vostok/render/engine/sources/speedtree_forest.cpp;sources/vostok/render/engine/sources/speedtree_forest.h	speedtree_forest.h:1	target_evidence=2/2:math,speedtree_forest	stubs_in_counterpart=15
engine/sources/speedtree_forest.h	BASENAME	sources/vostok/render/engine/sources/speedtree_forest.cpp;sources/vostok/render/engine/sources/speedtree_forest.h	speedtree_forest.h:2	target_evidence=2/2:speedtree_forest,tree_render_info	stubs_in_counterpart=15
engine/sources/speedtree_instance_impl.cpp	BASENAME	sources/vostok/render/engine/sources/speedtree_instance_impl.h;sources/vostok/render/engine/sources/speedtree_instance_impl.cpp	speedtree_instance_impl.h:1	target_evidence=1/1:speedtree_instance_impl	stubs_in_counterpart=3
engine/sources/speedtree_instance_impl.h	BASENAME	sources/vostok/render/engine/sources/speedtree_instance_impl.h;sources/vostok/render/engine/sources/speedtree_instance_impl.cpp	speedtree_instance_impl.h:1	target_evidence=1/1:speedtree_instance_impl	stubs_in_counterpart=3
engine/sources/speedtree_shader_parameters.cpp	BASENAME	sources/vostok/render/engine/sources/speedtree_shader_parameters.h;sources/vostok/render/engine/sources/speedtree_shader_parameters.cpp	speedtree_shader_parameters.h:4;backend.h:1	target_evidence=6/6:backend,math,speedtree_billboard_parameters,speedtree_common_parameters,speedtree_tree_parameters	stubs_in_counterpart=9
engine/sources/speedtree_shader_parameters.h	BASENAME	sources/vostok/render/engine/sources/speedtree_shader_parameters.h;sources/vostok/render/engine/sources/speedtree_shader_parameters.cpp	speedtree_shader_parameters.h:4	target_evidence=4/4:speedtree_billboard_parameters,speedtree_common_parameters,speedtree_tree_parameters,speedtree_wind_parameters	stubs_in_counterpart=9
engine/sources/speedtree_tree.cpp	BASENAME	sources/vostok/render/engine/sources/speedtree_tree.cpp;sources/vostok/render/engine/sources/speedtree_tree.h	speedtree_tree.h:2;material_manager.h:1;material.h:1	target_evidence=4/4:material,material_manager,speedtree_tree,speedtree_tree_component	stubs_in_counterpart=7
engine/sources/speedtree_tree.h	BASENAME	sources/vostok/render/engine/sources/speedtree_tree.cpp;sources/vostok/render/engine/sources/speedtree_tree.h	speedtree_tree.h:3;lod_entry.h:1;lod_render_info.h:1	target_evidence=5/5:component_type,lod_entry,lod_render_info,speedtree_tree,speedtree_tree_component	stubs_in_counterpart=7
engine/sources/speedtree_tree_component_billboard.cpp	BASENAME	sources/vostok/render/engine/sources/speedtree_tree_component_billboard.h;sources/vostok/render/engine/sources/speedtree_tree_component_billboard.cpp	speedtree_tree_component_billboard.h:2	target_evidence=2/2:billboard_vertex,speedtree_tree_component_billboard	stubs_in_counterpart=6
engine/sources/speedtree_tree_component_billboard.h	BASENAME	sources/vostok/render/engine/sources/speedtree_tree_component_billboard.h;sources/vostok/render/engine/sources/speedtree_tree_component_billboard.cpp	speedtree_tree_component_billboard.h:1	target_evidence=1/1:speedtree_tree_component_billboard	stubs_in_counterpart=6
engine/sources/speedtree_tree_component_branch.cpp	BASENAME	sources/vostok/render/engine/sources/speedtree_tree_component_branch.cpp;sources/vostok/render/engine/sources/speedtree_tree_component_branch.h	speedtree_tree_component_branch.h:2	target_evidence=3/3:branch_vertex,memory,speedtree_tree_component_branch	stubs_in_counterpart=6
engine/sources/speedtree_tree_component_branch.h	BASENAME	sources/vostok/render/engine/sources/speedtree_tree_component_branch.cpp;sources/vostok/render/engine/sources/speedtree_tree_component_branch.h	speedtree_tree_component_branch.h:1	target_evidence=1/1:speedtree_tree_component_branch	stubs_in_counterpart=6
engine/sources/speedtree_tree_component_frond.cpp	BASENAME	sources/vostok/render/engine/sources/speedtree_tree_component_frond.cpp;sources/vostok/render/engine/sources/speedtree_tree_component_frond.h	speedtree_tree_component_frond.h:2	target_evidence=2/3:memory,speedtree_tree_component_frond	stubs_in_counterpart=6
engine/sources/speedtree_tree_component_frond.h	BASENAME	sources/vostok/render/engine/sources/speedtree_tree_component_frond.cpp;sources/vostok/render/engine/sources/speedtree_tree_component_frond.h	speedtree_tree_component_frond.h:1	target_evidence=1/1:speedtree_tree_component_frond	stubs_in_counterpart=6
engine/sources/speedtree_tree_component_leafcard.cpp	BASENAME	sources/vostok/render/engine/sources/speedtree_tree_component_leafcard.h;sources/vostok/render/engine/sources/speedtree_tree_component_leafcard.cpp	speedtree_tree_component_leafcard.h:2	target_evidence=3/3:leafcard_vertex,memory,speedtree_tree_component_leafcard	stubs_in_counterpart=6
engine/sources/speedtree_tree_component_leafcard.h	BASENAME	sources/vostok/render/engine/sources/speedtree_tree_component_leafcard.h;sources/vostok/render/engine/sources/speedtree_tree_component_leafcard.cpp	speedtree_tree_component_leafcard.h:1	target_evidence=1/1:speedtree_tree_component_leafcard	stubs_in_counterpart=6
engine/sources/speedtree_tree_component_leafmesh.cpp	BASENAME	sources/vostok/render/engine/sources/speedtree_tree_component_leafmesh.h;sources/vostok/render/engine/sources/speedtree_tree_component_leafmesh.cpp	speedtree_tree_component_leafmesh.h:2	target_evidence=3/3:leafmesh_vertex,memory,speedtree_tree_component_leafmesh	stubs_in_counterpart=6
engine/sources/speedtree_tree_component_leafmesh.h	BASENAME	sources/vostok/render/engine/sources/speedtree_tree_component_leafmesh.h;sources/vostok/render/engine/sources/speedtree_tree_component_leafmesh.cpp	speedtree_tree_component_leafmesh.h:1	target_evidence=1/1:speedtree_tree_component_leafmesh	stubs_in_counterpart=6
engine/sources/sphere_light_effect.h	BASENAME	sources/vostok/render/engine/sources/sphere_light_effect.h	sphere_light_effect.h:1	target_evidence=1/1:sphere_light_effect	stubs_in_counterpart=1
engine/sources/spot_light_effect.h	BASENAME	sources/vostok/render/engine/sources/spot_light_effect.h	spot_light_effect.h:1	target_evidence=1/1:spot_light_effect	stubs_in_counterpart=1
engine/sources/stage.cpp	BASENAME	sources/vostok/render/engine/sources/stage.cpp;sources/vostok/render/engine/sources/stage.h	backend.h:1;stage.h:1	target_evidence=2/2:backend,stage	stubs_in_counterpart=5
engine/sources/stage.h	BASENAME	sources/vostok/render/engine/sources/stage.cpp;sources/vostok/render/engine/sources/stage.h	stage.h:1	target_evidence=1/1:stage	stubs_in_counterpart=5
engine/sources/stage_accumulate_distortion.cpp	BASENAME	sources/vostok/render/engine/sources/stage_accumulate_distortion.h;sources/vostok/render/engine/sources/stage_accumulate_distortion.cpp	stage_particles.h:1;backend.h:1;stage_accumulate_distortion.h:1	target_evidence=3/3:backend,particle_shader_constants,stage_accumulate_distortion	stubs_in_counterpart=3
engine/sources/stage_accumulate_distortion.h	BASENAME	sources/vostok/render/engine/sources/stage_accumulate_distortion.h;sources/vostok/render/engine/sources/stage_accumulate_distortion.cpp	stage_accumulate_distortion.h:1	target_evidence=1/1:stage_accumulate_distortion	stubs_in_counterpart=3
engine/sources/stage_ambient_occlusion.cpp	BASENAME	sources/vostok/render/engine/sources/stage_ambient_occlusion.h;sources/vostok/render/engine/sources/stage_ambient_occlusion.cpp	stage_ambient_occlusion.h:1;backend.h:1;effect_manager.h:1	target_evidence=3/3:backend,effect_manager,stage_ambient_occlusion	stubs_in_counterpart=5
engine/sources/stage_ambient_occlusion.h	BASENAME	sources/vostok/render/engine/sources/stage_ambient_occlusion.h;sources/vostok/render/engine/sources/stage_ambient_occlusion.cpp	stage_ambient_occlusion.h:1	target_evidence=1/1:stage_ambient_occlusion	stubs_in_counterpart=5
engine/sources/stage_apply_distortion.cpp	BASENAME	sources/vostok/render/engine/sources/stage_apply_distortion.cpp;sources/vostok/render/engine/sources/stage_apply_distortion.h	backend.h:1;effect_manager.h:1;stage_apply_distortion.h:1	target_evidence=3/3:backend,effect_manager,stage_apply_distortion	stubs_in_counterpart=3
engine/sources/stage_apply_distortion.h	BASENAME	sources/vostok/render/engine/sources/stage_apply_distortion.cpp;sources/vostok/render/engine/sources/stage_apply_distortion.h	stage_apply_distortion.h:1	target_evidence=1/1:stage_apply_distortion	stubs_in_counterpart=3
engine/sources/stage_clouds.cpp	BASENAME	sources/vostok/render/engine/sources/stage_clouds.h;sources/vostok/render/engine/sources/stage_clouds.cpp	stage_clouds.h:1;backend.h:1;effect_manager.h:1	target_evidence=3/4:backend,effect_manager,stage_clouds	stubs_in_counterpart=14
engine/sources/stage_clouds.h	BASENAME	sources/vostok/render/engine/sources/stage_clouds.h;sources/vostok/render/engine/sources/stage_clouds.cpp	stage_clouds.h:1;sky_dome_geometry.h:1;box_geometry.h:1	target_evidence=2/3:stage_clouds,vertex_type	stubs_in_counterpart=14
engine/sources/stage_combine.cpp	SYMBOL	sources/vostok/render/core/dx11/backend.h	backend.h:1	target_evidence=1/2:backend	stubs_in_counterpart=3
engine/sources/stage_debug.cpp	BASENAME	sources/vostok/render/engine/sources/stage_debug.h;sources/vostok/render/engine/sources/stage_debug.cpp	stage_debug.h:1;backend.h:1	target_evidence=2/2:backend,stage_debug	stubs_in_counterpart=5
engine/sources/stage_debug.h	BASENAME	sources/vostok/render/engine/sources/stage_debug.h;sources/vostok/render/engine/sources/stage_debug.cpp	stage_debug.h:1	target_evidence=1/1:stage_debug	stubs_in_counterpart=5
engine/sources/stage_decals_accumulate.cpp	BASENAME	sources/vostok/render/engine/sources/stage_decals_accumulate.h;sources/vostok/render/engine/sources/stage_decals_accumulate.cpp	effect_manager.h:1;backend.h:1;stage_decals_accumulate.h:1	target_evidence=4/4:backend,effect_manager,stage_decals_accumulate,statistics	stubs_in_counterpart=6
engine/sources/stage_decals_accumulate.h	BASENAME	sources/vostok/render/engine/sources/stage_decals_accumulate.h;sources/vostok/render/engine/sources/stage_decals_accumulate.cpp	stage_decals_accumulate.h:1	target_evidence=1/1:stage_decals_accumulate	stubs_in_counterpart=6
engine/sources/stage_forward.cpp	BASENAME	sources/vostok/render/engine/sources/stage_forward.cpp;sources/vostok/render/engine/sources/stage_forward.h	stage_forward.h:1;backend.h:1;effect_manager.h:1	target_evidence=4/4:backend,effect_manager,stage_forward,statistics	stubs_in_counterpart=7
engine/sources/stage_forward.h	BASENAME	sources/vostok/render/engine/sources/stage_forward.cpp;sources/vostok/render/engine/sources/stage_forward.h	stage_forward.h:1	target_evidence=1/1:stage_forward	stubs_in_counterpart=7
engine/sources/stage_fr_test.cpp	SYMBOL	sources/vostok/render/core/dx11/backend.h	backend.h:1	target_evidence=1/2:backend	stubs_in_counterpart=3
engine/sources/stage_fr_test.h	DEAD	-	-	target_evidence=0/1	stubs_in_counterpart=0
engine/sources/stage_gbuffer.cpp	BASENAME	sources/vostok/render/engine/sources/stage_gbuffer.h;sources/vostok/render/engine/sources/stage_gbuffer.cpp	backend.h:1;device.h:1;stage_gbuffer.h:1	target_evidence=7/7:backend,device,math,particle_shader_constants,resource_manager	stubs_in_counterpart=16
engine/sources/stage_gbuffer.h	BASENAME	sources/vostok/render/engine/sources/stage_gbuffer.h;sources/vostok/render/engine/sources/stage_gbuffer.cpp	stage_gbuffer.h:1	target_evidence=1/1:stage_gbuffer	stubs_in_counterpart=16
engine/sources/stage_light_propagation_volumes.cpp	BASENAME	sources/vostok/render/engine/sources/stage_light_propagation_volumes.h;sources/vostok/render/engine/sources/stage_light_propagation_volumes.cpp	options.h:1;stage_light_propagation_volumes.h:1;backend.h:1	target_evidence=5/6:backend,effect_manager,math,options,stage_light_propagation_volumes	stubs_in_counterpart=28
engine/sources/stage_light_propagation_volumes.h	BASENAME	sources/vostok/render/engine/sources/stage_light_propagation_volumes.h;sources/vostok/render/engine/sources/stage_light_propagation_volumes.cpp	stage_light_propagation_volumes.h:1	target_evidence=1/1:stage_light_propagation_volumes	stubs_in_counterpart=28
engine/sources/stage_lights.cpp	BASENAME	sources/vostok/render/engine/sources/stage_lights.cpp;sources/vostok/render/engine/sources/stage_lights.h	stage_lights.h:1;statistics.h:1;stage_particles.h:1	target_evidence=9/11:backend,effect_manager,math,particle_shader_constants,resource_manager	stubs_in_counterpart=25
engine/sources/stage_lights.h	BASENAME	sources/vostok/render/engine/sources/stage_lights.cpp;sources/vostok/render/engine/sources/stage_lights.h	stage_lights.h:4	target_evidence=2/4:light_geometry,stage_lights	stubs_in_counterpart=25
engine/sources/stage_particles.cpp	BASENAME	sources/vostok/render/engine/sources/stage_particles.h;sources/vostok/render/engine/sources/stage_particles.cpp	stage_particles.h:2;backend.h:1;statistics.h:1	target_evidence=4/4:backend,particle_shader_constants,stage_particles,statistics	stubs_in_counterpart=8
engine/sources/stage_particles.h	BASENAME	sources/vostok/render/engine/sources/stage_particles.h;sources/vostok/render/engine/sources/stage_particles.cpp	stage_particles.h:2	target_evidence=2/2:particle_shader_constants,stage_particles	stubs_in_counterpart=8
engine/sources/stage_postprocess.cpp	BASENAME	sources/vostok/render/engine/sources/stage_postprocess.h;sources/vostok/render/engine/sources/stage_postprocess.cpp	stage_postprocess.h:4;backend.h:1;resource_manager.h:1	target_evidence=8/10:backend,bloom_shader_constants,dof_shader_constants,effect_manager,math	stubs_in_counterpart=29
engine/sources/stage_postprocess.h	BASENAME	sources/vostok/render/engine/sources/stage_postprocess.h;sources/vostok/render/engine/sources/stage_postprocess.cpp	stage_postprocess.h:4	target_evidence=4/4:bloom_shader_constants,dof_shader_constants,scene_shader_constants,stage_postprocess	stubs_in_counterpart=29
engine/sources/stage_pre_lighting.cpp	BASENAME	sources/vostok/render/engine/sources/stage_pre_lighting.h;sources/vostok/render/engine/sources/stage_pre_lighting.cpp	backend.h:1;stage_pre_lighting.h:1	target_evidence=2/2:backend,stage_pre_lighting	stubs_in_counterpart=1
engine/sources/stage_pre_lighting.h	BASENAME	sources/vostok/render/engine/sources/stage_pre_lighting.h;sources/vostok/render/engine/sources/stage_pre_lighting.cpp	stage_pre_lighting.h:1	target_evidence=1/1:stage_pre_lighting	stubs_in_counterpart=1
engine/sources/stage_screen_image.cpp	BASENAME	sources/vostok/render/engine/sources/stage_screen_image.h;sources/vostok/render/engine/sources/stage_screen_image.cpp	stage_screen_image.cpp:2;effect_manager.h:1;backend.h:1	target_evidence=4/5:backend,effect_manager,scr_quad_effect,stage_screen_image	stubs_in_counterpart=4
engine/sources/stage_screen_image.h	BASENAME	sources/vostok/render/engine/sources/stage_screen_image.h;sources/vostok/render/engine/sources/stage_screen_image.cpp	stage_screen_image.h:1	target_evidence=1/1:stage_screen_image	stubs_in_counterpart=4
engine/sources/stage_shadow_direct.cpp	BASENAME	sources/vostok/render/engine/sources/stage_shadow_direct.h;sources/vostok/render/engine/sources/stage_shadow_direct.cpp	backend.h:1;stage_shadow_direct.h:1;effect_manager.h:1	target_evidence=6/6:backend,effect_manager,math,stage_shadow_direct,statistics	stubs_in_counterpart=13
engine/sources/stage_shadow_direct.h	BASENAME	sources/vostok/render/engine/sources/stage_shadow_direct.h;sources/vostok/render/engine/sources/stage_shadow_direct.cpp	stage_shadow_direct.h:1	target_evidence=1/2:stage_shadow_direct	stubs_in_counterpart=13
engine/sources/stage_skybox.cpp	SYMBOL	sources/vostok/render/core/dx11/backend.h;sources/vostok/render/core/dx11/effect_manager.h	backend.h:1;effect_manager.h:1	target_evidence=2/6:backend,effect_manager	stubs_in_counterpart=7
engine/sources/stage_skybox.h	DEAD	-	-	target_evidence=0/1	stubs_in_counterpart=0
engine/sources/stage_sun.cpp	BASENAME	sources/vostok/render/engine/sources/stage_sun.h;sources/vostok/render/engine/sources/stage_sun.cpp	backend.h:1;stage_sun.h:1;effect_manager.h:1	target_evidence=3/6:backend,effect_manager,stage_sun	stubs_in_counterpart=3
engine/sources/stage_sun.h	BASENAME	sources/vostok/render/engine/sources/stage_sun.h;sources/vostok/render/engine/sources/stage_sun.cpp	stage_sun.h:1	target_evidence=1/1:stage_sun	stubs_in_counterpart=3
engine/sources/stage_sun_materials.cpp	SYMBOL	sources/vostok/render/core/dx11/backend.h	backend.h:1	target_evidence=1/5:backend	stubs_in_counterpart=3
engine/sources/stage_sun_materials.h	SYMBOL	sources/vostok/render/engine/sources/sun_cascade.h	sun_cascade.h:1	target_evidence=1/2:sun_cascade	stubs_in_counterpart=0
engine/sources/stage_texture_mip_clamp_test.cpp	SYMBOL	sources/vostok/render/core/dx11/backend.h	backend.h:1	target_evidence=1/3:backend	stubs_in_counterpart=3
engine/sources/stage_view_mode.cpp	BASENAME	sources/vostok/render/engine/sources/stage_view_mode.cpp;sources/vostok/render/engine/sources/stage_view_mode.h	backend.h:1;stage_view_mode.h:1;effect_manager.h:1	target_evidence=5/5:backend,effect_manager,particle_shader_constants,stage_view_mode,statistics	stubs_in_counterpart=8
engine/sources/stage_view_mode.h	BASENAME	sources/vostok/render/engine/sources/stage_view_mode.cpp;sources/vostok/render/engine/sources/stage_view_mode.h	stage_view_mode.h:1	target_evidence=1/1:stage_view_mode	stubs_in_counterpart=8
engine/sources/statistics.cpp	BASENAME	sources/vostok/render/engine/sources/statistics.cpp;sources/vostok/render/engine/sources/statistics.h	statistics.h:22;backend.h:1;system_renderer.h:1	target_evidence=24/24:backend,cascaded_sun_shadow_statistics_group,deferred_decals_statistics_group,distortion_pass_statistics_group,forward_decals_statistics_group	stubs_in_counterpart=41
engine/sources/statistics.h	BASENAME	sources/vostok/render/engine/sources/statistics.cpp;sources/vostok/render/engine/sources/statistics.h	statistics.h:25	target_evidence=23/25:cascaded_sun_shadow_statistics_group,deferred_decals_statistics_group,distortion_pass_statistics_group,forward_decals_statistics_group,forward_stage_statistics_group	stubs_in_counterpart=41
engine/sources/statistics_inline.h	UNMAPPED	-	-	target_evidence=0/0	stubs_in_counterpart=0
engine/sources/sun_cascade.h	BASENAME	sources/vostok/render/engine/sources/sun_cascade.h	sun_cascade.h:1	target_evidence=1/1:sun_cascade	stubs_in_counterpart=0
engine/sources/sun_position.cpp	BASENAME	sources/vostok/render/engine/sources/sun_position.h	-	target_evidence=1/1:math	stubs_in_counterpart=0
engine/sources/sun_position.h	BASENAME	sources/vostok/render/engine/sources/sun_position.h	sun_position.h:3	target_evidence=0/3	stubs_in_counterpart=0
engine/sources/system_renderer.cpp	BASENAME	sources/vostok/render/engine/sources/system_renderer.h;sources/vostok/render/engine/sources/system_renderer.cpp	system_renderer.cpp:1;stage_particles.h:1;backend.h:1	target_evidence=9/10:backend,boost,effect_manager,math,memory	stubs_in_counterpart=18
engine/sources/system_renderer.h	BASENAME	sources/vostok/render/engine/sources/system_renderer.h;sources/vostok/render/engine/sources/system_renderer.cpp	system_renderer.h:1	target_evidence=1/1:system_renderer	stubs_in_counterpart=18
engine/sources/terrain.cpp	SYMBOL	sources/vostok/render/core/dx11/resource_manager.h	resource_manager.h:1	target_evidence=2/3:collision,resource_manager	stubs_in_counterpart=0
engine/sources/terrain.h	DEAD	-	-	target_evidence=0/1	stubs_in_counterpart=0
engine/sources/terrain_cook.cpp	UNMAPPED	-	-	target_evidence=4/7:boost,fs_new,model_factory,resources	stubs_in_counterpart=0
engine/sources/terrain_cook.h	DEAD	-	-	target_evidence=0/3	stubs_in_counterpart=0
engine/sources/terrain_render_model.cpp	SYMBOL	sources/vostok/render/core/dx11/effect_manager.h	effect_manager.h:1	target_evidence=3/5:collision,effect_manager,physics	stubs_in_counterpart=4
engine/sources/terrain_render_model.h	DEAD	-	-	target_evidence=0/2	stubs_in_counterpart=0
engine/sources/terrain_texture_pool.cpp	SYMBOL	sources/vostok/render/core/dx11/resource_manager.h	resource_manager.h:1	target_evidence=1/2:resource_manager	stubs_in_counterpart=0
engine/sources/terrain_texture_pool.h	DEAD	-	-	target_evidence=0/2	stubs_in_counterpart=0
engine/sources/terrain_texture_pool_inline.h	UNMAPPED	-	-	target_evidence=0/0	stubs_in_counterpart=0
engine/sources/texture_cook.cpp	BASENAME	sources/vostok/render/core/texture_cook.h;sources/vostok/render/core/dx11/texture_cook.h;sources/vostok/render/core/dx11/sources/texture_cook.cpp	texture_cook.h:2;texture_cook_wrapper.h:1	target_evidence=6/9:boost,memory,resources,texture_cook,texture_cook_wrapper	stubs_in_counterpart=6
engine/sources/texture_cook.h	BASENAME	sources/vostok/render/core/texture_cook.h;sources/vostok/render/core/dx11/texture_cook.h;sources/vostok/render/core/dx11/sources/texture_cook.cpp	texture_cook.h:2;texture_cook_wrapper.h:1	target_evidence=3/6:texture_cook,texture_cook_wrapper,texture_data_resource	stubs_in_counterpart=6
engine/sources/visual.cpp	SYMBOL	sources/vostok/render/core/dx11/backend.h;sources/vostok/render/core/dx11/effect_manager.h	backend.h:1;effect_manager.h:1	target_evidence=5/11:backend,decl_utils,effect_manager,render_visual,utils	stubs_in_counterpart=7
dx9/api.h	DX9	sources/vostok/render/api.h;sources/vostok/render/engine/api.h;sources/vostok/render/core/api.h;sources/vostok/render/core/dx11/api.h	-	target_evidence=0/0	stubs_in_counterpart=0
dx9/dx9_include.h	DX9	-	-	target_evidence=0/0	stubs_in_counterpart=0
dx9/library_linkage.h	DX9	sources/vostok/render/library_linkage.h;sources/vostok/render/engine/library_linkage.h;sources/vostok/render/core/library_linkage.h;sources/vostok/render/core/dx11/library_linkage.h;sources/vostok/render/facade/library_linkage.h	-	target_evidence=0/0	stubs_in_counterpart=0
dx9/render_include.h	DX9	sources/vostok/render/core/render_include.h	-	target_evidence=0/0	stubs_in_counterpart=0
dx9/renderer.h	DX9	sources/vostok/render/engine/sources/renderer.h;sources/vostok/render/engine/sources/renderer.cpp	base_command.h:1	target_evidence=0/1	stubs_in_counterpart=28
dx9/sources/backend.cpp	DX9	sources/vostok/render/core/backend.h;sources/vostok/render/core/dx11/backend.h;sources/vostok/render/core/dx11/sources/backend.cpp	backend.h:1	target_evidence=1/1:backend	stubs_in_counterpart=19
dx9/sources/backend.h	DX9	sources/vostok/render/core/backend.h;sources/vostok/render/core/dx11/backend.h;sources/vostok/render/core/dx11/sources/backend.cpp	backend.h:1	target_evidence=1/4:backend	stubs_in_counterpart=19
dx9/sources/backend_inline.h	DX9	-	-	target_evidence=0/0	stubs_in_counterpart=0
dx9/sources/constant_cache.cpp	DX9	-	-	target_evidence=0/1	stubs_in_counterpart=0
dx9/sources/constant_cache.h	DX9	-	-	target_evidence=0/3	stubs_in_counterpart=0
dx9/sources/editor_visual.h	DX9	-	-	target_evidence=0/1	stubs_in_counterpart=0
dx9/sources/index_stream.cpp	DX9	sources/vostok/render/core/dx11/resource_manager.h	resource_manager.h:1	target_evidence=1/2:resource_manager	stubs_in_counterpart=0
dx9/sources/index_stream.h	DX9	-	-	target_evidence=0/1	stubs_in_counterpart=0
dx9/sources/model_manager.cpp	DX9	sources/vostok/render/engine/sources/model_manager.h;sources/vostok/render/engine/sources/model_manager.cpp	portal_sector_structure.h:1	target_evidence=5/13:collector,collision,memory,std,utils	stubs_in_counterpart=5
dx9/sources/model_manager.h	DX9	sources/vostok/render/engine/sources/model_manager.h;sources/vostok/render/engine/sources/model_manager.cpp	portal_sector_structure.h:1	target_evidence=1/9:collector	stubs_in_counterpart=5
dx9/sources/model_manager_inline.h	DX9	-	-	target_evidence=0/0	stubs_in_counterpart=0
dx9/sources/pch.cpp	DX9	sources/vostok/render/engine/sources/pch.h;sources/vostok/render/engine/sources/pch.cpp;sources/vostok/render/core/dx11/sources/pch.h;sources/vostok/render/core/dx11/sources/pch.cpp;sources/vostok/render/facade/sources/pch.h;sources/vostok/render/facade/sources/pch.cpp	-	target_evidence=0/0	stubs_in_counterpart=0
dx9/sources/pch.h	DX9	sources/vostok/render/engine/sources/pch.h;sources/vostok/render/engine/sources/pch.cpp;sources/vostok/render/core/dx11/sources/pch.h;sources/vostok/render/core/dx11/sources/pch.cpp;sources/vostok/render/facade/sources/pch.h;sources/vostok/render/facade/sources/pch.cpp	-	target_evidence=0/0	stubs_in_counterpart=0
dx9/sources/render_dx9.vcproj	DX9	-	-	target_evidence=0/0	stubs_in_counterpart=0
dx9/sources/render_queue.h	DX9	-	-	target_evidence=0/3	stubs_in_counterpart=0
dx9/sources/scene_context.cpp	DX9	sources/vostok/render/core/dx11/backend.h	backend.h:1	target_evidence=1/2:backend	stubs_in_counterpart=3
dx9/sources/scene_context.h	DX9	-	-	target_evidence=0/1	stubs_in_counterpart=0
dx9/sources/scene_render.cpp	DX9	sources/vostok/render/core/dx11/backend.h;sources/vostok/render/core/dx11/resource_manager.h	backend.h:1;resource_manager.h:1	target_evidence=5/9:backend,boost,math,resource_manager,resources	stubs_in_counterpart=3
dx9/sources/scene_render.h	DX9	-	-	target_evidence=0/1	stubs_in_counterpart=0
dx9/sources/stage.cpp	DX9	sources/vostok/render/engine/sources/stage.cpp;sources/vostok/render/engine/sources/stage.h	stage.h:1	target_evidence=1/1:stage	stubs_in_counterpart=5
dx9/sources/stage.h	DX9	sources/vostok/render/engine/sources/stage.cpp;sources/vostok/render/engine/sources/stage.h	stage.h:1	target_evidence=1/1:stage	stubs_in_counterpart=5
dx9/sources/stage_combine.cpp	DX9	-	-	target_evidence=0/1	stubs_in_counterpart=0
dx9/sources/stage_combine.h	DX9	-	-	target_evidence=0/1	stubs_in_counterpart=0
dx9/sources/stage_gbuffer.cpp	DX9	sources/vostok/render/engine/sources/stage_gbuffer.h;sources/vostok/render/engine/sources/stage_gbuffer.cpp	stage_gbuffer.h:1;backend.h:1	target_evidence=2/3:backend,stage_gbuffer	stubs_in_counterpart=16
dx9/sources/stage_gbuffer.h	DX9	sources/vostok/render/engine/sources/stage_gbuffer.h;sources/vostok/render/engine/sources/stage_gbuffer.cpp	stage_gbuffer.h:1	target_evidence=1/1:stage_gbuffer	stubs_in_counterpart=16
dx9/sources/stage_lights.cpp	DX9	sources/vostok/render/engine/sources/stage_lights.cpp;sources/vostok/render/engine/sources/stage_lights.h	stage_lights.h:1;backend.h:1	target_evidence=2/2:backend,stage_lights	stubs_in_counterpart=25
dx9/sources/stage_lights.h	DX9	sources/vostok/render/engine/sources/stage_lights.cpp;sources/vostok/render/engine/sources/stage_lights.h	stage_lights.h:1	target_evidence=1/1:stage_lights	stubs_in_counterpart=25
dx9/sources/stage_pre_lighting.cpp	DX9	sources/vostok/render/engine/sources/stage_pre_lighting.h;sources/vostok/render/engine/sources/stage_pre_lighting.cpp	backend.h:1;stage_pre_lighting.h:1	target_evidence=2/2:backend,stage_pre_lighting	stubs_in_counterpart=1
dx9/sources/stage_pre_lighting.h	DX9	sources/vostok/render/engine/sources/stage_pre_lighting.h;sources/vostok/render/engine/sources/stage_pre_lighting.cpp	stage_pre_lighting.h:1	target_evidence=1/1:stage_pre_lighting	stubs_in_counterpart=1
dx9/sources/stage_screen_image.cpp	DX9	sources/vostok/render/engine/sources/stage_screen_image.h;sources/vostok/render/engine/sources/stage_screen_image.cpp	stage_screen_image.h:1;backend.h:1	target_evidence=2/4:backend,stage_screen_image	stubs_in_counterpart=4
dx9/sources/stage_screen_image.h	DX9	sources/vostok/render/engine/sources/stage_screen_image.h;sources/vostok/render/engine/sources/stage_screen_image.cpp	stage_screen_image.h:1	target_evidence=1/1:stage_screen_image	stubs_in_counterpart=4
dx9/sources/stage_skybox.cpp	DX9	sources/vostok/render/core/dx11/backend.h	backend.h:1	target_evidence=1/5:backend	stubs_in_counterpart=3
dx9/sources/stage_skybox.h	DX9	-	-	target_evidence=0/1	stubs_in_counterpart=0
dx9/sources/stage_sun.cpp	DX9	sources/vostok/render/engine/sources/stage_sun.h;sources/vostok/render/engine/sources/stage_sun.cpp	stage_sun.h:1	target_evidence=1/4:stage_sun	stubs_in_counterpart=3
dx9/sources/stage_sun.h	DX9	sources/vostok/render/engine/sources/stage_sun.h;sources/vostok/render/engine/sources/stage_sun.cpp	sun_cascade.h:1;stage_sun.h:1	target_evidence=2/2:stage_sun,sun_cascade	stubs_in_counterpart=3
dx9/sources/stage_sun_materials.cpp	DX9	-	-	target_evidence=0/4	stubs_in_counterpart=0
dx9/sources/stage_sun_materials.h	DX9	sources/vostok/render/engine/sources/sun_cascade.h	sun_cascade.h:1	target_evidence=1/2:sun_cascade	stubs_in_counterpart=0
dx9/sources/vertex_stream.cpp	DX9	sources/vostok/render/core/dx11/resource_manager.h	resource_manager.h:1	target_evidence=1/2:resource_manager	stubs_in_counterpart=0
dx9/sources/vertex_stream.h	DX9	-	-	target_evidence=0/1	stubs_in_counterpart=0
dx9/sources/visual.cpp	DX9	sources/vostok/render/core/dx11/backend.h	backend.h:1	target_evidence=4/11:backend,collision,render_visual,utils	stubs_in_counterpart=3
dx9/sources/visual.h	DX9	-	-	target_evidence=1/11:render_visual	stubs_in_counterpart=0
core/backend_handlers_inline.h	UNMAPPED	-	-	target_evidence=0/0	stubs_in_counterpart=0
core/blender_defines.h	UNMAPPED	-	-	target_evidence=0/0	stubs_in_counterpart=0
core/constant.h	DEAD	-	-	target_evidence=0/4	stubs_in_counterpart=0
core/constant_bindings.h	DEAD	-	-	target_evidence=0/2	stubs_in_counterpart=0
core/constant_defines.h	SYMBOL	sources/vostok/render/core/shader_constant_defines.h	shader_constant_defines.h:3	target_evidence=1/3:enum_constant_type	stubs_in_counterpart=0
core/constant_inline.h	UNMAPPED	-	-	target_evidence=0/0	stubs_in_counterpart=0
core/custom_config.h	BASENAME	sources/vostok/render/core/custom_config.h;sources/vostok/render/core/dx11/sources/custom_config.cpp	-	target_evidence=0/0	stubs_in_counterpart=29
core/custom_config_value.h	BASENAME	sources/vostok/render/core/custom_config_value.h;sources/vostok/render/core/dx11/sources/custom_config_value.cpp	-	target_evidence=0/0	stubs_in_counterpart=3
core/custom_config_value_inline.h	UNMAPPED	-	-	target_evidence=0/0	stubs_in_counterpart=0
core/decl_utils.h	BASENAME	sources/vostok/render/core/decl_utils.h;sources/vostok/render/core/dx11/decl_utils.h;sources/vostok/render/core/dx11/sources/decl_utils.cpp	-	target_evidence=0/0	stubs_in_counterpart=3
core/destroy_data_helper.h	BASENAME	sources/vostok/render/core/destroy_data_helper.h	-	target_evidence=0/0	stubs_in_counterpart=0
core/device_caps.h	BASENAME	sources/vostok/render/core/dx11/device_caps.h	-	target_evidence=0/0	stubs_in_counterpart=0
core/device_inline.h	UNMAPPED	-	-	target_evidence=0/0	stubs_in_counterpart=0
core/dx10_defines.h	UNMAPPED	-	-	target_evidence=0/0	stubs_in_counterpart=0
core/effect_compiler.h	BASENAME	sources/vostok/render/core/dx11/effect_compiler.h;sources/vostok/render/core/dx11/sources/effect_compiler.cpp	-	target_evidence=0/0	stubs_in_counterpart=24
core/effect_constant_storage.h	BASENAME	sources/vostok/render/core/dx11/effect_constant_storage.h;sources/vostok/render/core/dx11/sources/effect_constant_storage.cpp	-	target_evidence=0/0	stubs_in_counterpart=0
core/effect_cook.h	BASENAME	sources/vostok/render/core/effect_cook.h;sources/vostok/render/core/dx11/effect_cook.h;sources/vostok/render/core/dx11/sources/effect_cook.cpp	-	target_evidence=0/0	stubs_in_counterpart=6
core/effect_descriptor.h	BASENAME	sources/vostok/render/core/effect_descriptor.h;sources/vostok/render/core/dx11/sources/effect_descriptor.cpp	-	target_evidence=0/0	stubs_in_counterpart=4
core/effect_manager.h	BASENAME	sources/vostok/render/core/effect_manager.h;sources/vostok/render/core/dx11/effect_manager.h;sources/vostok/render/core/dx11/sources/effect_manager.cpp	-	target_evidence=0/0	stubs_in_counterpart=22
core/effect_manager_inline.h	UNMAPPED	-	-	target_evidence=0/0	stubs_in_counterpart=0
core/effect_options_descriptor.h	BASENAME	sources/vostok/render/core/effect_options_descriptor.h;sources/vostok/render/core/dx11/sources/effect_options_descriptor.cpp	-	target_evidence=0/0	stubs_in_counterpart=8
core/gpu_timer.h	UNMAPPED	-	-	target_evidence=0/0	stubs_in_counterpart=0
core/index_buffer.h	BASENAME	sources/vostok/render/core/index_buffer.h;sources/vostok/render/core/dx11/sources/index_buffer.cpp	index_buffer.h:1	target_evidence=1/1:index_buffer	stubs_in_counterpart=3
core/index_buffer_inline.h	UNMAPPED	-	-	target_evidence=0/0	stubs_in_counterpart=0
core/index_stream.h	DEAD	-	-	target_evidence=0/1	stubs_in_counterpart=0
core/library_linkage.h	BASENAME	sources/vostok/render/library_linkage.h;sources/vostok/render/engine/library_linkage.h;sources/vostok/render/core/library_linkage.h;sources/vostok/render/core/dx11/library_linkage.h;sources/vostok/render/facade/library_linkage.h	-	target_evidence=0/0	stubs_in_counterpart=0
core/options.h	BASENAME	sources/vostok/render/core/options.h;sources/vostok/render/core/dx11/sources/options.cpp	options.h:2	target_evidence=2/2:options,render_cc	stubs_in_counterpart=31
core/pix_event_wrapper.h	UNMAPPED	-	-	target_evidence=0/0	stubs_in_counterpart=0
core/quasi_singleton.h	BASENAME	sources/vostok/render/core/quasi_singleton.h	quasi_singleton.h:1	target_evidence=0/1	stubs_in_counterpart=0
core/render_options.h	DEAD	-	-	target_evidence=0/1	stubs_in_counterpart=0
core/render_target.h	BASENAME	sources/vostok/render/engine/sources/render_target.h;sources/vostok/render/core/render_target.h;sources/vostok/render/core/dx11/render_target.h;sources/vostok/render/core/dx11/sources/render_target.cpp	-	target_evidence=0/0	stubs_in_counterpart=8
core/res_buffer.h	SYMBOL	sources/vostok/render/core/untyped_buffer.h	untyped_buffer.h:1	target_evidence=1/2:enum_buffer_type	stubs_in_counterpart=0
core/res_buffer_inline.h	UNMAPPED	-	-	target_evidence=0/0	stubs_in_counterpart=0
core/res_common.h	UNMAPPED	-	-	target_evidence=0/0	stubs_in_counterpart=0
core/res_common_inline.h	UNMAPPED	-	-	target_evidence=0/0	stubs_in_counterpart=0
core/res_constant_buffer.h	DEAD	-	-	target_evidence=0/2	stubs_in_counterpart=0
core/res_constant_buffer_inline.h	UNMAPPED	-	-	target_evidence=0/0	stubs_in_counterpart=0
core/res_constant_table.h	DEAD	-	-	target_evidence=0/1	stubs_in_counterpart=0
core/res_declaration.h	BASENAME	sources/vostok/render/core/dx11/res_declaration.h;sources/vostok/render/core/dx11/sources/res_declaration.cpp	-	target_evidence=0/0	stubs_in_counterpart=4
core/res_effect.h	BASENAME	sources/vostok/render/core/res_effect.h;sources/vostok/render/core/dx11/sources/res_effect.cpp	-	target_evidence=0/0	stubs_in_counterpart=12
core/res_geometry.h	BASENAME	sources/vostok/render/engine/sources/res_geometry.h;sources/vostok/render/core/dx11/res_geometry.h;sources/vostok/render/core/dx11/sources/res_geometry.cpp	-	target_evidence=0/0	stubs_in_counterpart=4
core/res_gs_hw.h	BASENAME	sources/vostok/render/core/dx11/sources/res_gs_hw.cpp	-	target_evidence=0/0	stubs_in_counterpart=1
core/res_input_layout.h	BASENAME	sources/vostok/render/core/dx11/res_input_layout.h;sources/vostok/render/core/dx11/sources/res_input_layout.cpp	-	target_evidence=0/0	stubs_in_counterpart=3
core/res_ps_hw.h	BASENAME	sources/vostok/render/core/dx11/sources/res_ps_hw.cpp	-	target_evidence=0/0	stubs_in_counterpart=1
core/res_rt.h	DEAD	-	-	target_evidence=0/2	stubs_in_counterpart=0
core/res_sampler_state.h	UNMAPPED	-	-	target_evidence=0/0	stubs_in_counterpart=0
core/res_signature.h	BASENAME	sources/vostok/render/core/dx11/res_signature.h;sources/vostok/render/core/dx11/sources/res_signature.cpp	-	target_evidence=0/0	stubs_in_counterpart=2
core/res_state.h	BASENAME	sources/vostok/render/core/res_state.h;sources/vostok/render/core/dx11/res_state.h;sources/vostok/render/core/dx11/sources/res_state.cpp	-	target_evidence=0/0	stubs_in_counterpart=4
core/res_texture_list.h	BASENAME	sources/vostok/render/core/res_texture_list.h;sources/vostok/render/core/dx11/sources/res_texture_list.cpp	res_texture_list.h:1	target_evidence=1/1:res_texture_list	stubs_in_counterpart=6
core/res_vs_hw.h	BASENAME	sources/vostok/render/core/dx11/sources/res_vs_hw.cpp	-	target_evidence=0/0	stubs_in_counterpart=1
core/res_xs.h	BASENAME	sources/vostok/render/core/res_xs.h;sources/vostok/render/core/dx11/res_xs.h;sources/vostok/render/core/dx11/sources/res_xs.cpp	res_xs.h:1	target_evidence=1/1:res_xs	stubs_in_counterpart=7
core/res_xs_hw.h	BASENAME	sources/vostok/render/core/dx11/res_xs_hw.h	-	target_evidence=0/0	stubs_in_counterpart=5
core/res_xs_hw_impl.h	UNMAPPED	-	-	target_evidence=0/0	stubs_in_counterpart=0
core/resource_intrusive_base.h	BASENAME	sources/vostok/render/core/resource_intrusive_base.h	resource_intrusive_base.h:1	target_evidence=1/1:resource_intrusive_base	stubs_in_counterpart=0
core/resource_intrusive_base_inline.h	BASENAME	sources/vostok/render/core/resource_intrusive_base_inline.h	-	target_evidence=0/0	stubs_in_counterpart=0
core/resource_manager.h	BASENAME	sources/vostok/render/core/resource_manager.h;sources/vostok/render/core/dx11/resource_manager.h;sources/vostok/render/core/dx11/sources/resource_manager.cpp	-	target_evidence=0/0	stubs_in_counterpart=80
core/resource_manager_inline.h	UNMAPPED	-	-	target_evidence=0/0	stubs_in_counterpart=0
core/sampler_state_descriptor.h	BASENAME	sources/vostok/render/core/dx11/sampler_state_descriptor.h	-	target_evidence=0/0	stubs_in_counterpart=0
core/sampler_state_descriptor_inline.h	UNMAPPED	-	-	target_evidence=0/0	stubs_in_counterpart=0
core/shader_cache.h	DEAD	-	-	target_evidence=0/1	stubs_in_counterpart=0
core/shader_configuration.h	BASENAME	sources/vostok/render/core/shader_configuration.h;sources/vostok/render/core/dx11/shader_configuration.h	-	target_evidence=0/0	stubs_in_counterpart=0
core/shader_constant_binding.h	BASENAME	sources/vostok/render/core/shader_constant_binding.h	shader_constant_binding.h:1	target_evidence=1/1:shader_constant_binding	stubs_in_counterpart=0
core/shader_constant_binding_inline.h	UNMAPPED	-	-	target_evidence=0/0	stubs_in_counterpart=0
core/shader_constant_bindings.h	BASENAME	sources/vostok/render/core/shader_constant_bindings.h	shader_constant_bindings.h:1	target_evidence=1/1:shader_constant_bindings	stubs_in_counterpart=0
core/shader_constant_bindings_inline.h	UNMAPPED	-	-	target_evidence=0/0	stubs_in_counterpart=0
core/shader_declarated_macros.h	UNMAPPED	-	-	target_evidence=0/0	stubs_in_counterpart=0
core/shader_include_getter.h	BASENAME	sources/vostok/render/core/shader_include_getter.h	shader_include_getter.h:1	target_evidence=1/1:shader_include_getter	stubs_in_counterpart=0
core/shader_macros.h	BASENAME	sources/vostok/render/core/shader_macros.h;sources/vostok/render/core/dx11/sources/shader_macros.cpp	shader_macros.h:2	target_evidence=2/2:shader_macro,shader_macros	stubs_in_counterpart=9
core/sorted_vector.h	DEAD	-	-	target_evidence=0/1	stubs_in_counterpart=0
core/sorted_vector_inline.h	UNMAPPED	-	-	target_evidence=0/0	stubs_in_counterpart=0
core/state_cache.h	BASENAME	sources/vostok/render/core/state_cache.h;sources/vostok/render/core/dx11/state_cache.h;sources/vostok/render/core/dx11/sources/state_cache.cpp	-	target_evidence=0/0	stubs_in_counterpart=7
core/state_cache_inline.h	UNMAPPED	-	-	target_evidence=0/0	stubs_in_counterpart=0
core/state_descriptor.h	BASENAME	sources/vostok/render/core/dx11/state_descriptor.h;sources/vostok/render/core/dx11/sources/state_descriptor.cpp	-	target_evidence=0/0	stubs_in_counterpart=10
core/state_utils.h	BASENAME	sources/vostok/render/core/state_utils.h;sources/vostok/render/core/dx11/state_utils.h;sources/vostok/render/core/dx11/sources/state_utils.cpp	-	target_evidence=0/0	stubs_in_counterpart=12
core/static_type.h	BASENAME	sources/vostok/render/core/static_type.h;sources/vostok/render/core/dx11/sources/static_type.cpp	static_type.h:1	target_evidence=1/1:static_type	stubs_in_counterpart=0
core/texture_options.h	BASENAME	sources/vostok/render/core/texture_options.h;sources/vostok/render/core/dx11/sources/texture_options.cpp	texture_options.h:1	target_evidence=0/5	stubs_in_counterpart=6
core/texture_slot.h	BASENAME	sources/vostok/render/core/dx11/texture_slot.h	-	target_evidence=0/0	stubs_in_counterpart=0
core/untyped_buffer.h	BASENAME	sources/vostok/render/core/untyped_buffer.h;sources/vostok/render/core/dx11/sources/untyped_buffer.cpp	-	target_evidence=0/0	stubs_in_counterpart=3
core/untyped_buffer_inline.h	UNMAPPED	-	-	target_evidence=0/0	stubs_in_counterpart=0
core/utils.h	BASENAME	sources/vostok/render/core/utils.h;sources/vostok/render/core/dx11/utils.h;sources/vostok/render/core/dx11/sources/utils.cpp	-	target_evidence=0/2	stubs_in_counterpart=3
core/utils_inline.h	UNMAPPED	-	-	target_evidence=0/0	stubs_in_counterpart=0
core/vertex_buffer.h	BASENAME	sources/vostok/render/core/vertex_buffer.h;sources/vostok/render/core/dx11/sources/vertex_buffer.cpp	vertex_buffer.h:1	target_evidence=1/1:vertex_buffer	stubs_in_counterpart=3
core/vertex_buffer_inline.h	UNMAPPED	-	-	target_evidence=0/0	stubs_in_counterpart=0
core/vertex_stream.h	DEAD	-	-	target_evidence=0/1	stubs_in_counterpart=0
core/world.h	BASENAME	sources/vostok/render/world.h;sources/vostok/render/engine/world.h	-	target_evidence=0/0	stubs_in_counterpart=0
core/xs_data.h	BASENAME	sources/vostok/render/core/dx11/xs_data.h	-	target_evidence=0/0	stubs_in_counterpart=0
core/xs_descriptor.h	BASENAME	sources/vostok/render/core/dx11/xs_descriptor.h	xs_descriptor.h:1	target_evidence=1/1:xs_descriptor	stubs_in_counterpart=0
core/sources/backend.cpp	BASENAME	sources/vostok/render/core/backend.h;sources/vostok/render/core/dx11/backend.h;sources/vostok/render/core/dx11/sources/backend.cpp	device.h:1;backend.h:1	target_evidence=2/2:backend,device	stubs_in_counterpart=19
core/sources/backend_handlers.cpp	BASENAME	sources/vostok/render/core/backend_handlers.h;sources/vostok/render/core/dx11/backend_handlers.h;sources/vostok/render/core/dx11/sources/backend_handlers.cpp	device.h:1	target_evidence=3/3:device,memory,utils	stubs_in_counterpart=17
core/sources/com_utils.h	BASENAME	sources/vostok/render/core/dx11/sources/com_utils.h	-	target_evidence=0/0	stubs_in_counterpart=0
core/sources/custom_config.cpp	BASENAME	sources/vostok/render/core/custom_config.h;sources/vostok/render/core/dx11/sources/custom_config.cpp	custom_config.h:1	target_evidence=4/4:custom_config,memory,predicate,std	stubs_in_counterpart=29
core/sources/custom_config_value.cpp	BASENAME	sources/vostok/render/core/custom_config_value.h;sources/vostok/render/core/dx11/sources/custom_config_value.cpp	custom_config_value.h:1	target_evidence=2/2:custom_config_value,strings	stubs_in_counterpart=3
core/sources/dds.cpp	SYMBOL	sources/vostok/render/core/dx11/device.h	device.h:1	target_evidence=2/2:device,memory	stubs_in_counterpart=1
core/sources/dds.h	DEAD	-	-	target_evidence=0/1	stubs_in_counterpart=0
core/sources/decl_utils.cpp	BASENAME	sources/vostok/render/core/decl_utils.h;sources/vostok/render/core/dx11/decl_utils.h;sources/vostok/render/core/dx11/sources/decl_utils.cpp	decl_utils.h:2	target_evidence=0/2	stubs_in_counterpart=3
core/sources/device.cpp	BASENAME	sources/vostok/render/core/device.h;sources/vostok/render/core/dx11/device.h;sources/vostok/render/core/dx11/sources/device.cpp	device.h:1	target_evidence=1/1:device	stubs_in_counterpart=14
core/sources/device_caps.cpp	BASENAME	sources/vostok/render/core/dx11/device_caps.h	device_caps.h:1	target_evidence=0/1	stubs_in_counterpart=0
core/sources/effect_compiler.cpp	BASENAME	sources/vostok/render/core/dx11/effect_compiler.h;sources/vostok/render/core/dx11/sources/effect_compiler.cpp	effect_compiler.h:1	target_evidence=1/1:effect_compiler	stubs_in_counterpart=24
core/sources/effect_constant_storage.cpp	BASENAME	sources/vostok/render/core/dx11/effect_constant_storage.h;sources/vostok/render/core/dx11/sources/effect_constant_storage.cpp	effect_constant_storage.h:1	target_evidence=1/1:effect_constant_storage	stubs_in_counterpart=0
core/sources/effect_cook.cpp	BASENAME	sources/vostok/render/core/effect_cook.h;sources/vostok/render/core/dx11/effect_cook.h;sources/vostok/render/core/dx11/sources/effect_cook.cpp	effect_cook.h:1;effect_manager.h:1	target_evidence=4/4:boost,effect_cook,effect_manager,resources	stubs_in_counterpart=6
core/sources/effect_descriptor.cpp	BASENAME	sources/vostok/render/core/effect_descriptor.h;sources/vostok/render/core/dx11/sources/effect_descriptor.cpp	effect_descriptor.h:1	target_evidence=1/1:effect_descriptor	stubs_in_counterpart=4
core/sources/effect_manager.cpp	BASENAME	sources/vostok/render/core/effect_manager.h;sources/vostok/render/core/dx11/effect_manager.h;sources/vostok/render/core/dx11/sources/effect_manager.cpp	effect_loader.h:1;effect_manager.h:1	target_evidence=5/5:boost,effect_loader,effect_manager,effect_manager_call_destructor_predicate,resources	stubs_in_counterpart=22
core/sources/effect_options_descriptor.cpp	BASENAME	sources/vostok/render/core/effect_options_descriptor.h;sources/vostok/render/core/dx11/sources/effect_options_descriptor.cpp	effect_options_descriptor.h:1	target_evidence=2/2:effect_options_descriptor,memory	stubs_in_counterpart=8
core/sources/float4x4b.h	DEAD	-	-	target_evidence=0/1	stubs_in_counterpart=0
core/sources/gpu_timer.cpp	SYMBOL	sources/vostok/render/core/dx11/device.h	device.h:1	target_evidence=1/2:device	stubs_in_counterpart=1
core/sources/include_handler.h	SYMBOL	sources/vostok/render/core/dx11/sources/shader_binary_source_cook.cpp	shader_binary_source_cook.cpp:1	target_evidence=0/2	stubs_in_counterpart=8
core/sources/index_buffer.cpp	BASENAME	sources/vostok/render/core/index_buffer.h;sources/vostok/render/core/dx11/sources/index_buffer.cpp	index_buffer.h:1	target_evidence=1/1:index_buffer	stubs_in_counterpart=3
core/sources/index_stream.cpp	SYMBOL	sources/vostok/render/core/dx11/resource_manager.h	resource_manager.h:1	target_evidence=1/2:resource_manager	stubs_in_counterpart=0
core/sources/manager_common_inline.h	BASENAME	sources/vostok/render/core/dx11/sources/manager_common_inline.h	-	target_evidence=0/0	stubs_in_counterpart=0
core/sources/options.cpp	BASENAME	sources/vostok/render/core/options.h;sources/vostok/render/core/dx11/sources/options.cpp	options.h:5	target_evidence=9/9:boost,console_commands,options,render_cc,render_cc_bool	stubs_in_counterpart=31
core/sources/pch.cpp	BASENAME	sources/vostok/render/engine/sources/pch.h;sources/vostok/render/engine/sources/pch.cpp;sources/vostok/render/core/dx11/sources/pch.h;sources/vostok/render/core/dx11/sources/pch.cpp;sources/vostok/render/facade/sources/pch.h;sources/vostok/render/facade/sources/pch.cpp	-	target_evidence=0/0	stubs_in_counterpart=0
core/sources/pch.h	BASENAME	sources/vostok/render/engine/sources/pch.h;sources/vostok/render/engine/sources/pch.cpp;sources/vostok/render/core/dx11/sources/pch.h;sources/vostok/render/core/dx11/sources/pch.cpp;sources/vostok/render/facade/sources/pch.h;sources/vostok/render/facade/sources/pch.cpp	-	target_evidence=0/0	stubs_in_counterpart=0
core/sources/pix_event_wrapper.cpp	DEAD	-	-	target_evidence=0/1	stubs_in_counterpart=0
core/sources/render_core_dx11.vcproj	UNMAPPED	-	-	target_evidence=0/0	stubs_in_counterpart=0
core/sources/render_core_entry_point.cpp	BASENAME	sources/vostok/render/core/dx11/sources/render_core_entry_point.cpp	-	target_evidence=1/1:core	stubs_in_counterpart=2
core/sources/render_core_pc_dx11.vcproj	BASENAME	sources/vostok/render/core/dx11/sources/render_core_pc_dx11.vcproj	-	target_evidence=0/0	stubs_in_counterpart=0
core/sources/render_target.cpp	BASENAME	sources/vostok/render/engine/sources/render_target.h;sources/vostok/render/core/render_target.h;sources/vostok/render/core/dx11/render_target.h;sources/vostok/render/core/dx11/sources/render_target.cpp	render_target.h:1;render_target.h:1;resource_manager.h:1	target_evidence=3/3:memory,render_target,resource_manager	stubs_in_counterpart=8
core/sources/res_buffer.cpp	SYMBOL	sources/vostok/render/core/dx11/resource_manager.h	resource_manager.h:1	target_evidence=1/2:resource_manager	stubs_in_counterpart=0
core/sources/res_constant_buffer.cpp	SYMBOL	sources/vostok/render/core/dx11/device.h;sources/vostok/render/core/dx11/resource_manager.h	device.h:1;resource_manager.h:1	target_evidence=2/3:device,resource_manager	stubs_in_counterpart=1
core/sources/res_constant_table.cpp	SYMBOL	sources/vostok/render/core/dx11/resource_manager.h	resource_manager.h:1	target_evidence=2/3:resource_manager,std	stubs_in_counterpart=0
core/sources/res_declaration.cpp	BASENAME	sources/vostok/render/core/dx11/res_declaration.h;sources/vostok/render/core/dx11/sources/res_declaration.cpp	res_declaration.h:2;resource_manager.h:1	target_evidence=3/3:res_declaration,resource_manager,signature_layout_pair	stubs_in_counterpart=4
core/sources/res_effect.cpp	BASENAME	sources/vostok/render/core/res_effect.h;sources/vostok/render/core/dx11/sources/res_effect.cpp	res_effect.h:1;res_pass.h:1;backend.h:1	target_evidence=5/5:backend,effect_manager,res_effect,res_pass,res_shader_technique	stubs_in_counterpart=12
core/sources/res_geometry.cpp	BASENAME	sources/vostok/render/engine/sources/res_geometry.h;sources/vostok/render/core/dx11/res_geometry.h;sources/vostok/render/core/dx11/sources/res_geometry.cpp	res_geometry.h:1;res_geometry.h:1;resource_manager.h:1	target_evidence=3/3:backend,res_geometry,resource_manager	stubs_in_counterpart=4
core/sources/res_gs_hw.cpp	BASENAME	sources/vostok/render/core/dx11/sources/res_gs_hw.cpp	device.h:1	target_evidence=1/1:device	stubs_in_counterpart=1
core/sources/res_input_layout.cpp	BASENAME	sources/vostok/render/core/dx11/res_input_layout.h;sources/vostok/render/core/dx11/sources/res_input_layout.cpp	device.h:1;res_input_layout.h:1;resource_manager.h:1	target_evidence=3/3:device,res_input_layout,resource_manager	stubs_in_counterpart=3
core/sources/res_ps_hw.cpp	BASENAME	sources/vostok/render/core/dx11/sources/res_ps_hw.cpp	device.h:1	target_evidence=1/1:device	stubs_in_counterpart=1
core/sources/res_render_output.cpp	BASENAME	sources/vostok/render/core/res_render_output.h;sources/vostok/render/core/dx11/res_render_output.h;sources/vostok/render/core/dx11/sources/res_render_output.cpp	res_render_output.h:1;resource_manager.h:1	target_evidence=2/2:res_render_output,resource_manager	stubs_in_counterpart=11
core/sources/res_rt.cpp	SYMBOL	sources/vostok/render/core/dx11/resource_manager.h	resource_manager.h:1	target_evidence=1/2:resource_manager	stubs_in_counterpart=0
core/sources/res_sampler_list.cpp	BASENAME	sources/vostok/render/core/res_sampler_list.h;sources/vostok/render/core/dx11/sources/res_sampler_list.cpp	resource_manager.h:1;res_sampler_list.h:1	target_evidence=2/2:res_sampler_list,resource_manager	stubs_in_counterpart=7
core/sources/res_sampler_state.cpp	UNMAPPED	-	-	target_evidence=0/0	stubs_in_counterpart=0
core/sources/res_signature.cpp	BASENAME	sources/vostok/render/core/dx11/res_signature.h;sources/vostok/render/core/dx11/sources/res_signature.cpp	res_signature.h:1;resource_manager.h:1	target_evidence=2/2:res_signature,resource_manager	stubs_in_counterpart=2
core/sources/res_state.cpp	BASENAME	sources/vostok/render/core/res_state.h;sources/vostok/render/core/dx11/res_state.h;sources/vostok/render/core/dx11/sources/res_state.cpp	backend.h:1;res_state.h:1;resource_manager.h:1	target_evidence=3/3:backend,res_state,resource_manager	stubs_in_counterpart=4
core/sources/res_texture.cpp	BASENAME	sources/vostok/render/engine/sources/res_texture.h;sources/vostok/render/core/res_texture.h;sources/vostok/render/core/dx11/res_texture.h;sources/vostok/render/core/dx11/sources/res_texture.cpp	device.h:1;res_texture.h:1;resource_manager.h:1	target_evidence=3/3:device,res_texture,resource_manager	stubs_in_counterpart=12
core/sources/res_texture_list.cpp	BASENAME	sources/vostok/render/core/res_texture_list.h;sources/vostok/render/core/dx11/sources/res_texture_list.cpp	res_texture_list.h:1;resource_manager.h:1	target_evidence=2/2:res_texture_list,resource_manager	stubs_in_counterpart=6
core/sources/res_vs_hw.cpp	BASENAME	sources/vostok/render/core/dx11/sources/res_vs_hw.cpp	device.h:1	target_evidence=1/1:device	stubs_in_counterpart=1
core/sources/res_xs.cpp	BASENAME	sources/vostok/render/core/res_xs.h;sources/vostok/render/core/dx11/res_xs.h;sources/vostok/render/core/dx11/sources/res_xs.cpp	backend.h:1;resource_manager.h:1	target_evidence=2/2:backend,resource_manager	stubs_in_counterpart=7
core/sources/resource_manager.cpp	BASENAME	sources/vostok/render/core/resource_manager.h;sources/vostok/render/core/dx11/resource_manager.h;sources/vostok/render/core/dx11/sources/resource_manager.cpp	resource_manager.cpp:2;shader_macros.h:1;device.h:1	target_evidence=9/12:boost,device,effect_manager,memory,resource_manager	stubs_in_counterpart=80
core/sources/sampler_slot.cpp	BASENAME	sources/vostok/render/core/sampler_slot.h;sources/vostok/render/core/dx11/sampler_slot.h	-	target_evidence=0/0	stubs_in_counterpart=0
core/sources/sampler_state_descriptor.cpp	BASENAME	sources/vostok/render/core/dx11/sampler_state_descriptor.h	sampler_state_descriptor.h:1	target_evidence=1/1:sampler_state_descriptor	stubs_in_counterpart=0
core/sources/shader_binary_source_cook.cpp	BASENAME	sources/vostok/render/core/shader_binary_source_cook.h;sources/vostok/render/core/dx11/shader_binary_source_cook.h;sources/vostok/render/core/dx11/sources/shader_binary_source_cook.cpp	shader_binary_source_cook.h:1;shader_macros.h:1;resource_manager.h:1	target_evidence=9/9:boost,memory,resource_manager,resources,save_generated_data	stubs_in_counterpart=8
core/sources/shader_binary_source_cook.h	BASENAME	sources/vostok/render/core/shader_binary_source_cook.h;sources/vostok/render/core/dx11/shader_binary_source_cook.h;sources/vostok/render/core/dx11/sources/shader_binary_source_cook.cpp	shader_binary_source_cook.h:2	target_evidence=2/3:conveted_shader_loaded_data,shader_binary_source_cook	stubs_in_counterpart=8
core/sources/shader_constant_buffer.cpp	BASENAME	sources/vostok/render/core/shader_constant_buffer.h;sources/vostok/render/core/dx11/shader_constant_buffer.h;sources/vostok/render/core/dx11/sources/shader_constant_buffer.cpp	device.h:1;shader_constant_buffer.h:1;resource_manager.h:1	target_evidence=3/3:device,resource_manager,shader_constant_buffer	stubs_in_counterpart=4
core/sources/shader_constant_table.cpp	BASENAME	sources/vostok/render/core/shader_constant_table.h;sources/vostok/render/core/dx11/sources/shader_constant_table.cpp	resource_manager.h:1;shader_constant_table.h:1	target_evidence=4/4:math,resource_manager,shader_constant_table,std	stubs_in_counterpart=11
core/sources/shader_declarated_macros.cpp	UNMAPPED	-	-	target_evidence=0/0	stubs_in_counterpart=0
core/sources/shader_macros.cpp	BASENAME	sources/vostok/render/core/shader_macros.h;sources/vostok/render/core/dx11/sources/shader_macros.cpp	shader_macros.h:1;options.h:1	target_evidence=4/4:options,shader_macros,shader_macros_dort_predicate,std	stubs_in_counterpart=9
core/sources/state_cache.cpp	BASENAME	sources/vostok/render/core/state_cache.h;sources/vostok/render/core/dx11/state_cache.h;sources/vostok/render/core/dx11/sources/state_cache.cpp	-	target_evidence=0/0	stubs_in_counterpart=7
core/sources/state_descriptor.cpp	BASENAME	sources/vostok/render/core/dx11/state_descriptor.h;sources/vostok/render/core/dx11/sources/state_descriptor.cpp	state_descriptor.h:1	target_evidence=2/2:state_descriptor,state_utils	stubs_in_counterpart=10
core/sources/state_utils.cpp	BASENAME	sources/vostok/render/core/state_utils.h;sources/vostok/render/core/dx11/state_utils.h;sources/vostok/render/core/dx11/sources/state_utils.cpp	-	target_evidence=1/1:crc	stubs_in_counterpart=12
core/sources/static_type.cpp	BASENAME	sources/vostok/render/core/static_type.h;sources/vostok/render/core/dx11/sources/static_type.cpp	-	target_evidence=0/0	stubs_in_counterpart=0
core/sources/texture_converter_cook.cpp	SYMBOL	sources/vostok/render/core/dx11/sources/texture_cook.cpp	texture_cook.cpp:1	target_evidence=0/4	stubs_in_counterpart=6
core/sources/texture_converter_cook.h	SYMBOL	sources/vostok/render/core/dx11/sources/texture_cook.cpp	texture_cook.cpp:1	target_evidence=0/3	stubs_in_counterpart=6
core/sources/texture_cook.cpp	BASENAME	sources/vostok/render/core/texture_cook.h;sources/vostok/render/core/dx11/texture_cook.h;sources/vostok/render/core/dx11/sources/texture_cook.cpp	texture_cook.h:2	target_evidence=2/2:texture_cook,texture_data_resource	stubs_in_counterpart=6
core/sources/texture_cook.h	BASENAME	sources/vostok/render/core/texture_cook.h;sources/vostok/render/core/dx11/texture_cook.h;sources/vostok/render/core/dx11/sources/texture_cook.cpp	texture_options_cooker.h:2;texture_cook.h:2	target_evidence=4/5:texture_cook,texture_data_resource,texture_options_binary_cooker,texture_options_cooker	stubs_in_counterpart=6
core/sources/texture_cook_register.cpp	BASENAME	sources/vostok/render/core/dx11/sources/texture_cook_register.cpp	-	target_evidence=2/2:render,resources	stubs_in_counterpart=2
core/sources/texture_cook_wrapper.cpp	BASENAME	sources/vostok/render/core/texture_cook_wrapper.h;sources/vostok/render/core/dx11/texture_cook_wrapper.h;sources/vostok/render/core/dx11/sources/texture_cook_wrapper.cpp	texture_cook_wrapper.h:1	target_evidence=2/2:boost,texture_cook_wrapper	stubs_in_counterpart=6
core/sources/texture_cook_wrapper.h	BASENAME	sources/vostok/render/core/texture_cook_wrapper.h;sources/vostok/render/core/dx11/texture_cook_wrapper.h;sources/vostok/render/core/dx11/sources/texture_cook_wrapper.cpp	texture_cook_wrapper.h:1	target_evidence=1/1:texture_cook_wrapper	stubs_in_counterpart=6
core/sources/texture_options.cpp	BASENAME	sources/vostok/render/core/texture_options.h;sources/vostok/render/core/dx11/sources/texture_options.cpp	texture_options_cooker.h:2	target_evidence=4/5:boost,resources,texture_options_binary_cooker,texture_options_cooker	stubs_in_counterpart=6
core/sources/texture_pool.cpp	BASENAME	sources/vostok/render/core/dx11/sources/texture_pool.cpp;sources/vostok/render/core/dx11/sources/texture_pool.h	texture_pool.h:1;resource_manager.h:1	target_evidence=3/3:resource_manager,std,texture_pool	stubs_in_counterpart=4
core/sources/texture_pool.h	BASENAME	sources/vostok/render/core/dx11/sources/texture_pool.cpp;sources/vostok/render/core/dx11/sources/texture_pool.h	texture_pool.h:2	target_evidence=1/2:texture_pool	stubs_in_counterpart=4
core/sources/texture_storage.cpp	BASENAME	sources/vostok/render/core/dx11/sources/texture_storage.cpp;sources/vostok/render/core/dx11/sources/texture_storage.h	texture_storage.h:1	target_evidence=1/2:texture_storage	stubs_in_counterpart=4
core/sources/texture_storage.h	BASENAME	sources/vostok/render/core/dx11/sources/texture_storage.cpp;sources/vostok/render/core/dx11/sources/texture_storage.h	texture_storage.h:1	target_evidence=1/1:texture_storage	stubs_in_counterpart=4
core/sources/untyped_buffer.cpp	BASENAME	sources/vostok/render/core/untyped_buffer.h;sources/vostok/render/core/dx11/sources/untyped_buffer.cpp	untyped_buffer.h:1;resource_manager.h:1	target_evidence=2/2:resource_manager,untyped_buffer	stubs_in_counterpart=3
core/sources/utils.cpp	BASENAME	sources/vostok/render/core/utils.h;sources/vostok/render/core/dx11/utils.h;sources/vostok/render/core/dx11/sources/utils.cpp	-	target_evidence=0/0	stubs_in_counterpart=3
core/sources/vertex_buffer.cpp	BASENAME	sources/vostok/render/core/vertex_buffer.h;sources/vostok/render/core/dx11/sources/vertex_buffer.cpp	vertex_buffer.h:1	target_evidence=1/1:vertex_buffer	stubs_in_counterpart=3
core/sources/vertex_stream.cpp	SYMBOL	sources/vostok/render/core/dx11/resource_manager.h	resource_manager.h:1	target_evidence=1/2:resource_manager	stubs_in_counterpart=0
core/sources/xs_descriptor.cpp	BASENAME	sources/vostok/render/core/dx11/xs_descriptor.h	-	target_evidence=0/0	stubs_in_counterpart=0
core/dx11/backend_handlers_inline.h	UNMAPPED	-	-	target_evidence=0/0	stubs_in_counterpart=0
core/dx11/blender_defines.h	DEAD	-	-	target_evidence=0/2	stubs_in_counterpart=0
core/dx11/custom_config.h	BASENAME	sources/vostok/render/core/custom_config.h;sources/vostok/render/core/dx11/sources/custom_config.cpp	custom_config.h:1	target_evidence=1/1:custom_config	stubs_in_counterpart=29
core/dx11/custom_config_value.h	BASENAME	sources/vostok/render/core/custom_config_value.h;sources/vostok/render/core/dx11/sources/custom_config_value.cpp	custom_config_value.h:1	target_evidence=1/1:custom_config_value	stubs_in_counterpart=3
core/dx11/custom_config_value_inline.h	UNMAPPED	-	-	target_evidence=0/0	stubs_in_counterpart=0
core/dx11/decl_utils.h	BASENAME	sources/vostok/render/core/decl_utils.h;sources/vostok/render/core/dx11/decl_utils.h;sources/vostok/render/core/dx11/sources/decl_utils.cpp	-	target_evidence=0/0	stubs_in_counterpart=3
core/dx11/destroy_data_helper.h	BASENAME	sources/vostok/render/core/destroy_data_helper.h	destroy_data_helper.h:2	target_evidence=0/2	stubs_in_counterpart=0
core/dx11/device_caps.h	BASENAME	sources/vostok/render/core/dx11/device_caps.h	device_caps.h:3	target_evidence=0/3	stubs_in_counterpart=0
core/dx11/dx10_defines.h	UNMAPPED	-	-	target_evidence=0/0	stubs_in_counterpart=0
core/dx11/effect_compiler.h	BASENAME	sources/vostok/render/core/dx11/effect_compiler.h;sources/vostok/render/core/dx11/sources/effect_compiler.cpp	effect_compiler.h:2;effect_manager.h:1	target_evidence=2/2:effect_compiler,shader_cache_info	stubs_in_counterpart=24
core/dx11/effect_constant_storage.h	BASENAME	sources/vostok/render/core/dx11/effect_constant_storage.h;sources/vostok/render/core/dx11/sources/effect_constant_storage.cpp	effect_constant_storage.h:3	target_evidence=2/3:data_indexer,effect_constant_storage	stubs_in_counterpart=0
core/dx11/effect_cook.h	BASENAME	sources/vostok/render/core/effect_cook.h;sources/vostok/render/core/dx11/effect_cook.h;sources/vostok/render/core/dx11/sources/effect_cook.cpp	effect_cook.h:1	target_evidence=1/2:effect_cook	stubs_in_counterpart=6
core/dx11/effect_descriptor.h	BASENAME	sources/vostok/render/core/effect_descriptor.h;sources/vostok/render/core/dx11/sources/effect_descriptor.cpp	effect_descriptor.h:1	target_evidence=1/1:effect_descriptor	stubs_in_counterpart=4
core/dx11/effect_manager.h	BASENAME	sources/vostok/render/core/effect_manager.h;sources/vostok/render/core/dx11/effect_manager.h;sources/vostok/render/core/dx11/sources/effect_manager.cpp	effect_manager.h:4;effect_compiler.h:1;effect_loader.h:1	target_evidence=5/5:effect_holder_struct,effect_loader,effect_manager,effect_to_recompile_struct,shader_cache_info	stubs_in_counterpart=22
core/dx11/effect_manager_inline.h	UNMAPPED	-	-	target_evidence=0/0	stubs_in_counterpart=0
core/dx11/effect_options_descriptor.h	BASENAME	sources/vostok/render/core/effect_options_descriptor.h;sources/vostok/render/core/dx11/sources/effect_options_descriptor.cpp	effect_options_descriptor.h:1	target_evidence=1/2:effect_options_descriptor	stubs_in_counterpart=8
core/dx11/gpu_timer.h	DEAD	-	-	target_evidence=0/1	stubs_in_counterpart=0
core/dx11/library_linkage.h	BASENAME	sources/vostok/render/library_linkage.h;sources/vostok/render/engine/library_linkage.h;sources/vostok/render/core/library_linkage.h;sources/vostok/render/core/dx11/library_linkage.h;sources/vostok/render/facade/library_linkage.h	-	target_evidence=0/0	stubs_in_counterpart=0
core/dx11/pix_event_wrapper.h	DEAD	-	-	target_evidence=0/1	stubs_in_counterpart=0
core/dx11/quasi_singleton.h	BASENAME	sources/vostok/render/core/quasi_singleton.h	quasi_singleton.h:1	target_evidence=0/1	stubs_in_counterpart=0
core/dx11/render_target.h	BASENAME	sources/vostok/render/engine/sources/render_target.h;sources/vostok/render/core/render_target.h;sources/vostok/render/core/dx11/render_target.h;sources/vostok/render/core/dx11/sources/render_target.cpp	render_target.h:2;render_target.h:2	target_evidence=2/2:enum_rt_usage,render_target	stubs_in_counterpart=8
core/dx11/res_declaration.h	BASENAME	sources/vostok/render/core/dx11/res_declaration.h;sources/vostok/render/core/dx11/sources/res_declaration.cpp	res_declaration.h:2	target_evidence=2/2:res_declaration,signature_layout_pair	stubs_in_counterpart=4
core/dx11/res_effect.h	BASENAME	sources/vostok/render/core/res_effect.h;sources/vostok/render/core/dx11/sources/res_effect.cpp	res_shader_technique.h:2;res_effect.h:1;binary_shader_source.h:1	target_evidence=7/8:binary_shader_cook_data,binary_shader_key_type,binary_shader_source,effect_compile_data,res_effect	stubs_in_counterpart=12
core/dx11/res_geometry.h	BASENAME	sources/vostok/render/engine/sources/res_geometry.h;sources/vostok/render/core/dx11/res_geometry.h;sources/vostok/render/core/dx11/sources/res_geometry.cpp	res_geometry.h:1;res_geometry.h:1	target_evidence=1/1:res_geometry	stubs_in_counterpart=4
core/dx11/res_input_layout.h	BASENAME	sources/vostok/render/core/dx11/res_input_layout.h;sources/vostok/render/core/dx11/sources/res_input_layout.cpp	res_input_layout.h:1	target_evidence=1/1:res_input_layout	stubs_in_counterpart=3
core/dx11/res_sampler_state.h	UNMAPPED	-	-	target_evidence=0/0	stubs_in_counterpart=0
core/dx11/res_signature.h	BASENAME	sources/vostok/render/core/dx11/res_signature.h;sources/vostok/render/core/dx11/sources/res_signature.cpp	res_signature.h:1	target_evidence=1/1:res_signature	stubs_in_counterpart=2
core/dx11/res_state.h	BASENAME	sources/vostok/render/core/res_state.h;sources/vostok/render/core/dx11/res_state.h;sources/vostok/render/core/dx11/sources/res_state.cpp	res_state.h:1	target_evidence=1/1:res_state	stubs_in_counterpart=4
core/dx11/res_xs_hw.h	BASENAME	sources/vostok/render/core/dx11/res_xs_hw.h	res_xs_hw.h:1	target_evidence=1/1:res_xs_hw	stubs_in_counterpart=5
core/dx11/res_xs_hw_impl.h	UNMAPPED	-	-	target_evidence=0/0	stubs_in_counterpart=0
core/dx11/resource_manager.h	BASENAME	sources/vostok/render/core/resource_manager.h;sources/vostok/render/core/dx11/resource_manager.h;sources/vostok/render/core/dx11/sources/resource_manager.cpp	resource_manager.h:4	target_evidence=3/4:resource_manager,shader_name_config_pair,str_pred	stubs_in_counterpart=80
core/dx11/resource_manager_inline.h	UNMAPPED	-	-	target_evidence=0/0	stubs_in_counterpart=0
core/dx11/sampler_state_descriptor.h	BASENAME	sources/vostok/render/core/dx11/sampler_state_descriptor.h	sampler_state_descriptor.h:1	target_evidence=1/1:sampler_state_descriptor	stubs_in_counterpart=0
core/dx11/sampler_state_descriptor_inline.h	UNMAPPED	-	-	target_evidence=0/0	stubs_in_counterpart=0
core/dx11/shader_configuration.h	BASENAME	sources/vostok/render/core/shader_configuration.h;sources/vostok/render/core/dx11/shader_configuration.h	shader_configuration.h:1	target_evidence=1/1:shader_configuration	stubs_in_counterpart=0
core/dx11/state_cache.h	BASENAME	sources/vostok/render/core/state_cache.h;sources/vostok/render/core/dx11/state_cache.h;sources/vostok/render/core/dx11/sources/state_cache.cpp	state_cache.h:2	target_evidence=2/2:state_cache,state_record	stubs_in_counterpart=7
core/dx11/state_cache_inline.h	UNMAPPED	-	-	target_evidence=0/0	stubs_in_counterpart=0
core/dx11/state_descriptor.h	BASENAME	sources/vostok/render/core/dx11/state_descriptor.h;sources/vostok/render/core/dx11/sources/state_descriptor.cpp	state_descriptor.h:1	target_evidence=1/1:state_descriptor	stubs_in_counterpart=10
core/dx11/state_utils.h	BASENAME	sources/vostok/render/core/state_utils.h;sources/vostok/render/core/dx11/state_utils.h;sources/vostok/render/core/dx11/sources/state_utils.cpp	-	target_evidence=0/0	stubs_in_counterpart=12
core/dx11/texture_slot.h	BASENAME	sources/vostok/render/core/dx11/texture_slot.h	texture_slot.h:1	target_evidence=1/1:texture_slot	stubs_in_counterpart=0
core/dx11/untyped_buffer.h	BASENAME	sources/vostok/render/core/untyped_buffer.h;sources/vostok/render/core/dx11/sources/untyped_buffer.cpp	untyped_buffer.h:2	target_evidence=2/2:enum_buffer_type,untyped_buffer	stubs_in_counterpart=3
core/dx11/untyped_buffer_inline.h	UNMAPPED	-	-	target_evidence=0/0	stubs_in_counterpart=0
core/dx11/xs_data.h	BASENAME	sources/vostok/render/core/dx11/xs_data.h	xs_data.h:3;shader_data_base.h:1	target_evidence=3/4:gs_data,ps_data,vs_data	stubs_in_counterpart=0
core/dx11/sources/backend.cpp	BASENAME	sources/vostok/render/core/backend.h;sources/vostok/render/core/dx11/backend.h;sources/vostok/render/core/dx11/sources/backend.cpp	device.h:1;backend.h:1	target_evidence=2/2:backend,device	stubs_in_counterpart=19
core/dx11/sources/backend_handlers.cpp	BASENAME	sources/vostok/render/core/backend_handlers.h;sources/vostok/render/core/dx11/backend_handlers.h;sources/vostok/render/core/dx11/sources/backend_handlers.cpp	device.h:1	target_evidence=3/3:device,memory,utils	stubs_in_counterpart=17
core/dx11/sources/com_utils.h	BASENAME	sources/vostok/render/core/dx11/sources/com_utils.h	-	target_evidence=0/0	stubs_in_counterpart=0
core/dx11/sources/custom_config.cpp	BASENAME	sources/vostok/render/core/custom_config.h;sources/vostok/render/core/dx11/sources/custom_config.cpp	custom_config.h:1	target_evidence=4/4:custom_config,memory,predicate,std	stubs_in_counterpart=29
core/dx11/sources/custom_config_value.cpp	BASENAME	sources/vostok/render/core/custom_config_value.h;sources/vostok/render/core/dx11/sources/custom_config_value.cpp	custom_config_value.h:1	target_evidence=2/2:custom_config_value,strings	stubs_in_counterpart=3
core/dx11/sources/dds.cpp	SYMBOL	sources/vostok/render/core/dx11/device.h	device.h:1	target_evidence=2/2:device,memory	stubs_in_counterpart=1
core/dx11/sources/dds.h	DEAD	-	-	target_evidence=0/1	stubs_in_counterpart=0
core/dx11/sources/decl_utils.cpp	BASENAME	sources/vostok/render/core/decl_utils.h;sources/vostok/render/core/dx11/decl_utils.h;sources/vostok/render/core/dx11/sources/decl_utils.cpp	decl_utils.h:2	target_evidence=0/2	stubs_in_counterpart=3
core/dx11/sources/device.cpp	BASENAME	sources/vostok/render/core/device.h;sources/vostok/render/core/dx11/device.h;sources/vostok/render/core/dx11/sources/device.cpp	device.h:1	target_evidence=1/1:device	stubs_in_counterpart=14
core/dx11/sources/device_caps.cpp	BASENAME	sources/vostok/render/core/dx11/device_caps.h	device_caps.h:1	target_evidence=0/1	stubs_in_counterpart=0
core/dx11/sources/effect_compiler.cpp	BASENAME	sources/vostok/render/core/dx11/effect_compiler.h;sources/vostok/render/core/dx11/sources/effect_compiler.cpp	effect_compiler.h:1	target_evidence=1/1:effect_compiler	stubs_in_counterpart=24
core/dx11/sources/effect_constant_storage.cpp	BASENAME	sources/vostok/render/core/dx11/effect_constant_storage.h;sources/vostok/render/core/dx11/sources/effect_constant_storage.cpp	effect_constant_storage.h:1	target_evidence=1/1:effect_constant_storage	stubs_in_counterpart=0
core/dx11/sources/effect_cook.cpp	BASENAME	sources/vostok/render/core/effect_cook.h;sources/vostok/render/core/dx11/effect_cook.h;sources/vostok/render/core/dx11/sources/effect_cook.cpp	effect_cook.h:1;effect_manager.h:1	target_evidence=4/4:boost,effect_cook,effect_manager,resources	stubs_in_counterpart=6
core/dx11/sources/effect_descriptor.cpp	BASENAME	sources/vostok/render/core/effect_descriptor.h;sources/vostok/render/core/dx11/sources/effect_descriptor.cpp	effect_descriptor.h:1	target_evidence=1/1:effect_descriptor	stubs_in_counterpart=4
core/dx11/sources/effect_manager.cpp	BASENAME	sources/vostok/render/core/effect_manager.h;sources/vostok/render/core/dx11/effect_manager.h;sources/vostok/render/core/dx11/sources/effect_manager.cpp	effect_loader.h:1;effect_manager.h:1	target_evidence=5/5:boost,effect_loader,effect_manager,effect_manager_call_destructor_predicate,resources	stubs_in_counterpart=22
core/dx11/sources/effect_options_descriptor.cpp	BASENAME	sources/vostok/render/core/effect_options_descriptor.h;sources/vostok/render/core/dx11/sources/effect_options_descriptor.cpp	effect_options_descriptor.h:1	target_evidence=2/2:effect_options_descriptor,memory	stubs_in_counterpart=8
core/dx11/sources/gpu_timer.cpp	SYMBOL	sources/vostok/render/core/dx11/device.h	device.h:1	target_evidence=1/2:device	stubs_in_counterpart=1
core/dx11/sources/include_handler.h	SYMBOL	sources/vostok/render/core/dx11/sources/shader_binary_source_cook.cpp	shader_binary_source_cook.cpp:1	target_evidence=0/2	stubs_in_counterpart=8
core/dx11/sources/index_buffer.cpp	BASENAME	sources/vostok/render/core/index_buffer.h;sources/vostok/render/core/dx11/sources/index_buffer.cpp	index_buffer.h:1	target_evidence=1/1:index_buffer	stubs_in_counterpart=3
core/dx11/sources/manager_common_inline.h	BASENAME	sources/vostok/render/core/dx11/sources/manager_common_inline.h	-	target_evidence=0/0	stubs_in_counterpart=0
core/dx11/sources/options.cpp	BASENAME	sources/vostok/render/core/options.h;sources/vostok/render/core/dx11/sources/options.cpp	options.h:5	target_evidence=9/9:boost,console_commands,options,render_cc,render_cc_bool	stubs_in_counterpart=31
core/dx11/sources/pix_event_wrapper.cpp	DEAD	-	-	target_evidence=0/1	stubs_in_counterpart=0
core/dx11/sources/render_core_entry_point.cpp	BASENAME	sources/vostok/render/core/dx11/sources/render_core_entry_point.cpp	-	target_evidence=1/1:core	stubs_in_counterpart=2
core/dx11/sources/render_core_pc_dx11.vcproj	BASENAME	sources/vostok/render/core/dx11/sources/render_core_pc_dx11.vcproj	-	target_evidence=0/0	stubs_in_counterpart=0
core/dx11/sources/render_target.cpp	BASENAME	sources/vostok/render/engine/sources/render_target.h;sources/vostok/render/core/render_target.h;sources/vostok/render/core/dx11/render_target.h;sources/vostok/render/core/dx11/sources/render_target.cpp	render_target.h:1;render_target.h:1;resource_manager.h:1	target_evidence=3/3:memory,render_target,resource_manager	stubs_in_counterpart=8
core/dx11/sources/res_declaration.cpp	BASENAME	sources/vostok/render/core/dx11/res_declaration.h;sources/vostok/render/core/dx11/sources/res_declaration.cpp	res_declaration.h:2;resource_manager.h:1	target_evidence=3/3:res_declaration,resource_manager,signature_layout_pair	stubs_in_counterpart=4
core/dx11/sources/res_effect.cpp	BASENAME	sources/vostok/render/core/res_effect.h;sources/vostok/render/core/dx11/sources/res_effect.cpp	res_effect.h:1;res_pass.h:1;backend.h:1	target_evidence=5/5:backend,effect_manager,res_effect,res_pass,res_shader_technique	stubs_in_counterpart=12
core/dx11/sources/res_geometry.cpp	BASENAME	sources/vostok/render/engine/sources/res_geometry.h;sources/vostok/render/core/dx11/res_geometry.h;sources/vostok/render/core/dx11/sources/res_geometry.cpp	res_geometry.h:1;res_geometry.h:1;resource_manager.h:1	target_evidence=3/3:backend,res_geometry,resource_manager	stubs_in_counterpart=4
core/dx11/sources/res_gs_hw.cpp	BASENAME	sources/vostok/render/core/dx11/sources/res_gs_hw.cpp	device.h:1	target_evidence=1/1:device	stubs_in_counterpart=1
core/dx11/sources/res_input_layout.cpp	BASENAME	sources/vostok/render/core/dx11/res_input_layout.h;sources/vostok/render/core/dx11/sources/res_input_layout.cpp	device.h:1;res_input_layout.h:1;resource_manager.h:1	target_evidence=3/3:device,res_input_layout,resource_manager	stubs_in_counterpart=3
core/dx11/sources/res_ps_hw.cpp	BASENAME	sources/vostok/render/core/dx11/sources/res_ps_hw.cpp	device.h:1	target_evidence=1/1:device	stubs_in_counterpart=1
core/dx11/sources/res_render_output.cpp	BASENAME	sources/vostok/render/core/res_render_output.h;sources/vostok/render/core/dx11/res_render_output.h;sources/vostok/render/core/dx11/sources/res_render_output.cpp	res_render_output.h:1;resource_manager.h:1	target_evidence=2/2:res_render_output,resource_manager	stubs_in_counterpart=11
core/dx11/sources/res_sampler_list.cpp	BASENAME	sources/vostok/render/core/res_sampler_list.h;sources/vostok/render/core/dx11/sources/res_sampler_list.cpp	resource_manager.h:1;res_sampler_list.h:1	target_evidence=2/2:res_sampler_list,resource_manager	stubs_in_counterpart=7
core/dx11/sources/res_sampler_state.cpp	UNMAPPED	-	-	target_evidence=0/0	stubs_in_counterpart=0
core/dx11/sources/res_signature.cpp	BASENAME	sources/vostok/render/core/dx11/res_signature.h;sources/vostok/render/core/dx11/sources/res_signature.cpp	res_signature.h:1;resource_manager.h:1	target_evidence=2/2:res_signature,resource_manager	stubs_in_counterpart=2
core/dx11/sources/res_state.cpp	BASENAME	sources/vostok/render/core/res_state.h;sources/vostok/render/core/dx11/res_state.h;sources/vostok/render/core/dx11/sources/res_state.cpp	backend.h:1;res_state.h:1;resource_manager.h:1	target_evidence=3/3:backend,res_state,resource_manager	stubs_in_counterpart=4
core/dx11/sources/res_texture.cpp	BASENAME	sources/vostok/render/engine/sources/res_texture.h;sources/vostok/render/core/res_texture.h;sources/vostok/render/core/dx11/res_texture.h;sources/vostok/render/core/dx11/sources/res_texture.cpp	device.h:1;res_texture.h:1;resource_manager.h:1	target_evidence=3/3:device,res_texture,resource_manager	stubs_in_counterpart=12
core/dx11/sources/res_texture_list.cpp	BASENAME	sources/vostok/render/core/res_texture_list.h;sources/vostok/render/core/dx11/sources/res_texture_list.cpp	res_texture_list.h:1;resource_manager.h:1	target_evidence=2/2:res_texture_list,resource_manager	stubs_in_counterpart=6
core/dx11/sources/res_vs_hw.cpp	BASENAME	sources/vostok/render/core/dx11/sources/res_vs_hw.cpp	device.h:1	target_evidence=1/1:device	stubs_in_counterpart=1
core/dx11/sources/res_xs.cpp	BASENAME	sources/vostok/render/core/res_xs.h;sources/vostok/render/core/dx11/res_xs.h;sources/vostok/render/core/dx11/sources/res_xs.cpp	backend.h:1;resource_manager.h:1	target_evidence=2/2:backend,resource_manager	stubs_in_counterpart=7
core/dx11/sources/resource_manager.cpp	BASENAME	sources/vostok/render/core/resource_manager.h;sources/vostok/render/core/dx11/resource_manager.h;sources/vostok/render/core/dx11/sources/resource_manager.cpp	resource_manager.cpp:2;shader_macros.h:1;device.h:1	target_evidence=9/12:boost,device,effect_manager,memory,resource_manager	stubs_in_counterpart=80
core/dx11/sources/sampler_slot.cpp	BASENAME	sources/vostok/render/core/sampler_slot.h;sources/vostok/render/core/dx11/sampler_slot.h	-	target_evidence=0/0	stubs_in_counterpart=0
core/dx11/sources/sampler_state_descriptor.cpp	BASENAME	sources/vostok/render/core/dx11/sampler_state_descriptor.h	sampler_state_descriptor.h:1	target_evidence=1/1:sampler_state_descriptor	stubs_in_counterpart=0
core/dx11/sources/shader_binary_source_cook.cpp	BASENAME	sources/vostok/render/core/shader_binary_source_cook.h;sources/vostok/render/core/dx11/shader_binary_source_cook.h;sources/vostok/render/core/dx11/sources/shader_binary_source_cook.cpp	shader_binary_source_cook.h:1;shader_macros.h:1;resource_manager.h:1	target_evidence=9/9:boost,memory,resource_manager,resources,save_generated_data	stubs_in_counterpart=8
core/dx11/sources/shader_binary_source_cook.h	BASENAME	sources/vostok/render/core/shader_binary_source_cook.h;sources/vostok/render/core/dx11/shader_binary_source_cook.h;sources/vostok/render/core/dx11/sources/shader_binary_source_cook.cpp	shader_binary_source_cook.h:2	target_evidence=2/3:conveted_shader_loaded_data,shader_binary_source_cook	stubs_in_counterpart=8
core/dx11/sources/shader_constant_buffer.cpp	BASENAME	sources/vostok/render/core/shader_constant_buffer.h;sources/vostok/render/core/dx11/shader_constant_buffer.h;sources/vostok/render/core/dx11/sources/shader_constant_buffer.cpp	device.h:1;shader_constant_buffer.h:1;resource_manager.h:1	target_evidence=3/3:device,resource_manager,shader_constant_buffer	stubs_in_counterpart=4
core/dx11/sources/shader_constant_table.cpp	BASENAME	sources/vostok/render/core/shader_constant_table.h;sources/vostok/render/core/dx11/sources/shader_constant_table.cpp	resource_manager.h:1;shader_constant_table.h:1	target_evidence=4/4:math,resource_manager,shader_constant_table,std	stubs_in_counterpart=11
core/dx11/sources/shader_declarated_macros.cpp	UNMAPPED	-	-	target_evidence=0/0	stubs_in_counterpart=0
core/dx11/sources/shader_macros.cpp	BASENAME	sources/vostok/render/core/shader_macros.h;sources/vostok/render/core/dx11/sources/shader_macros.cpp	shader_macros.h:1;options.h:1	target_evidence=4/4:options,shader_macros,shader_macros_dort_predicate,std	stubs_in_counterpart=9
core/dx11/sources/state_cache.cpp	BASENAME	sources/vostok/render/core/state_cache.h;sources/vostok/render/core/dx11/state_cache.h;sources/vostok/render/core/dx11/sources/state_cache.cpp	-	target_evidence=0/0	stubs_in_counterpart=7
core/dx11/sources/state_descriptor.cpp	BASENAME	sources/vostok/render/core/dx11/state_descriptor.h;sources/vostok/render/core/dx11/sources/state_descriptor.cpp	state_descriptor.h:1	target_evidence=2/2:state_descriptor,state_utils	stubs_in_counterpart=10
core/dx11/sources/state_utils.cpp	BASENAME	sources/vostok/render/core/state_utils.h;sources/vostok/render/core/dx11/state_utils.h;sources/vostok/render/core/dx11/sources/state_utils.cpp	-	target_evidence=1/1:crc	stubs_in_counterpart=12
core/dx11/sources/static_type.cpp	BASENAME	sources/vostok/render/core/static_type.h;sources/vostok/render/core/dx11/sources/static_type.cpp	-	target_evidence=0/0	stubs_in_counterpart=0
core/dx11/sources/texture_converter_cook.cpp	SYMBOL	sources/vostok/render/core/dx11/sources/texture_cook.cpp	texture_cook.cpp:1	target_evidence=0/4	stubs_in_counterpart=6
core/dx11/sources/texture_converter_cook.h	SYMBOL	sources/vostok/render/core/dx11/sources/texture_cook.cpp	texture_cook.cpp:1	target_evidence=0/3	stubs_in_counterpart=6
core/dx11/sources/texture_cook.cpp	BASENAME	sources/vostok/render/core/texture_cook.h;sources/vostok/render/core/dx11/texture_cook.h;sources/vostok/render/core/dx11/sources/texture_cook.cpp	texture_cook.h:2	target_evidence=2/2:texture_cook,texture_data_resource	stubs_in_counterpart=6
core/dx11/sources/texture_cook.h	BASENAME	sources/vostok/render/core/texture_cook.h;sources/vostok/render/core/dx11/texture_cook.h;sources/vostok/render/core/dx11/sources/texture_cook.cpp	texture_options_cooker.h:2;texture_cook.h:2	target_evidence=4/5:texture_cook,texture_data_resource,texture_options_binary_cooker,texture_options_cooker	stubs_in_counterpart=6
core/dx11/sources/texture_cook_register.cpp	BASENAME	sources/vostok/render/core/dx11/sources/texture_cook_register.cpp	-	target_evidence=2/2:render,resources	stubs_in_counterpart=2
core/dx11/sources/texture_cook_wrapper.cpp	BASENAME	sources/vostok/render/core/texture_cook_wrapper.h;sources/vostok/render/core/dx11/texture_cook_wrapper.h;sources/vostok/render/core/dx11/sources/texture_cook_wrapper.cpp	texture_cook_wrapper.h:1	target_evidence=2/2:boost,texture_cook_wrapper	stubs_in_counterpart=6
core/dx11/sources/texture_cook_wrapper.h	BASENAME	sources/vostok/render/core/texture_cook_wrapper.h;sources/vostok/render/core/dx11/texture_cook_wrapper.h;sources/vostok/render/core/dx11/sources/texture_cook_wrapper.cpp	texture_cook_wrapper.h:1	target_evidence=1/1:texture_cook_wrapper	stubs_in_counterpart=6
core/dx11/sources/texture_options.cpp	BASENAME	sources/vostok/render/core/texture_options.h;sources/vostok/render/core/dx11/sources/texture_options.cpp	texture_options_cooker.h:2	target_evidence=4/5:boost,resources,texture_options_binary_cooker,texture_options_cooker	stubs_in_counterpart=6
core/dx11/sources/texture_pool.cpp	BASENAME	sources/vostok/render/core/dx11/sources/texture_pool.cpp;sources/vostok/render/core/dx11/sources/texture_pool.h	texture_pool.h:1;resource_manager.h:1	target_evidence=3/3:resource_manager,std,texture_pool	stubs_in_counterpart=4
core/dx11/sources/texture_pool.h	BASENAME	sources/vostok/render/core/dx11/sources/texture_pool.cpp;sources/vostok/render/core/dx11/sources/texture_pool.h	texture_pool.h:2	target_evidence=1/2:texture_pool	stubs_in_counterpart=4
core/dx11/sources/texture_storage.cpp	BASENAME	sources/vostok/render/core/dx11/sources/texture_storage.cpp;sources/vostok/render/core/dx11/sources/texture_storage.h	texture_storage.h:1	target_evidence=1/2:texture_storage	stubs_in_counterpart=4
core/dx11/sources/texture_storage.h	BASENAME	sources/vostok/render/core/dx11/sources/texture_storage.cpp;sources/vostok/render/core/dx11/sources/texture_storage.h	texture_storage.h:1	target_evidence=1/1:texture_storage	stubs_in_counterpart=4
core/dx11/sources/untyped_buffer.cpp	BASENAME	sources/vostok/render/core/untyped_buffer.h;sources/vostok/render/core/dx11/sources/untyped_buffer.cpp	untyped_buffer.h:1;resource_manager.h:1	target_evidence=2/2:resource_manager,untyped_buffer	stubs_in_counterpart=3
core/dx11/sources/utils.cpp	BASENAME	sources/vostok/render/core/utils.h;sources/vostok/render/core/dx11/utils.h;sources/vostok/render/core/dx11/sources/utils.cpp	-	target_evidence=0/0	stubs_in_counterpart=3
core/dx11/sources/vertex_buffer.cpp	BASENAME	sources/vostok/render/core/vertex_buffer.h;sources/vostok/render/core/dx11/sources/vertex_buffer.cpp	vertex_buffer.h:1	target_evidence=1/1:vertex_buffer	stubs_in_counterpart=3
core/dx11/sources/xs_descriptor.cpp	BASENAME	sources/vostok/render/core/dx11/xs_descriptor.h	-	target_evidence=0/0	stubs_in_counterpart=0
base/api.h	BASENAME	sources/vostok/render/api.h;sources/vostok/render/engine/api.h;sources/vostok/render/core/api.h;sources/vostok/render/core/dx11/api.h	-	target_evidence=0/0	stubs_in_counterpart=0
base/command_common.h	UNMAPPED	-	-	target_evidence=0/0	stubs_in_counterpart=0
base/common_types.h	BASENAME	sources/vostok/render/facade/common_types.h	common_types.h:2;vertex_colored.h:1	target_evidence=3/4:buffer_fragment,terrain_data,vertex_colored	stubs_in_counterpart=0
base/debug_renderer.h	BASENAME	sources/vostok/render/facade/debug_renderer.h;sources/vostok/render/facade/sources/debug_renderer.h;sources/vostok/render/facade/sources/debug_renderer.cpp	base_command.h:1	target_evidence=0/1	stubs_in_counterpart=27
base/editor_allocator.h	BASENAME	sources/vostok/render/facade/sources/editor_allocator.h	-	target_evidence=0/0	stubs_in_counterpart=0
base/editor_renderer.h	SYMBOL	sources/vostok/render/facade/base_command.h	base_command.h:1	target_evidence=0/1	stubs_in_counterpart=0
base/engine_renderer.h	BASENAME	sources/vostok/render/facade/engine_renderer.h;sources/vostok/render/facade/sources/engine_renderer.h;sources/vostok/render/facade/sources/engine_renderer.cpp	base_command.h:1	target_evidence=0/1	stubs_in_counterpart=0
base/engine_wrapper.h	SYMBOL	sources/vostok/render/facade/base_command.h	base_command.h:1	target_evidence=0/1	stubs_in_counterpart=0
base/extended_renderer.h	SYMBOL	sources/vostok/render/facade/base_command.h	base_command.h:1	target_evidence=0/1	stubs_in_counterpart=0
base/game_renderer.h	BASENAME	sources/vostok/render/facade/game_renderer.h;sources/vostok/render/facade/sources/game_renderer.h;sources/vostok/render/facade/sources/game_renderer.cpp	base_command.h:1	target_evidence=0/1	stubs_in_counterpart=11
base/library_linkage.h	BASENAME	sources/vostok/render/library_linkage.h;sources/vostok/render/engine/library_linkage.h;sources/vostok/render/core/library_linkage.h;sources/vostok/render/core/dx11/library_linkage.h;sources/vostok/render/facade/library_linkage.h	-	target_evidence=0/0	stubs_in_counterpart=0
base/light_props.h	BASENAME	sources/vostok/render/facade/light_props.h	light_props.h:2	target_evidence=1/2:light_props	stubs_in_counterpart=0
base/logic_allocator.h	BASENAME	sources/vostok/render/facade/sources/logic_allocator.h	-	target_evidence=0/0	stubs_in_counterpart=0
base/memory.h	BASENAME	sources/vostok/render/core/memory.h	-	target_evidence=0/0	stubs_in_counterpart=0
base/model.h	BASENAME	sources/vostok/render/facade/model.h	model.h:4	target_evidence=3/8:animated_model_instance,skeleton_model_instance,static_model_instance	stubs_in_counterpart=4
base/platform.h	SYMBOL	sources/vostok/render/facade/base_command.h	base_command.h:1	target_evidence=0/1	stubs_in_counterpart=0
base/render_allocator.h	UNMAPPED	-	-	target_evidence=0/0	stubs_in_counterpart=0
base/renderer_dx11.h	SYMBOL	sources/vostok/render/facade/base_command.h	base_command.h:1	target_evidence=0/1	stubs_in_counterpart=0
base/transform_control.h	DEAD	-	-	target_evidence=0/1	stubs_in_counterpart=0
base/ui_renderer.h	BASENAME	sources/vostok/render/facade/ui_renderer.h;sources/vostok/render/facade/sources/ui_renderer.cpp;sources/vostok/render/facade/sources/ui_renderer.h	base_command.h:1;ui_renderer.h:1	target_evidence=1/3:vertex	stubs_in_counterpart=3
base/visual.h	DEAD	-	-	target_evidence=0/1	stubs_in_counterpart=0
base/world.h	BASENAME	sources/vostok/render/world.h;sources/vostok/render/engine/world.h	-	target_evidence=0/1	stubs_in_counterpart=0
base/sources/command_add_light.cpp	DEAD	-	-	target_evidence=0/1	stubs_in_counterpart=0
base/sources/command_add_light.h	DEAD	-	-	target_evidence=0/1	stubs_in_counterpart=0
base/sources/command_add_static.cpp	DEAD	-	-	target_evidence=0/1	stubs_in_counterpart=0
base/sources/command_add_static.h	DEAD	-	-	target_evidence=0/1	stubs_in_counterpart=0
base/sources/command_add_visual.cpp	DEAD	-	-	target_evidence=0/1	stubs_in_counterpart=0
base/sources/command_add_visual.h	DEAD	-	-	target_evidence=0/1	stubs_in_counterpart=0
base/sources/command_change_visual_shader.cpp	DEAD	-	-	target_evidence=0/1	stubs_in_counterpart=0
base/sources/command_change_visual_shader.h	DEAD	-	-	target_evidence=0/1	stubs_in_counterpart=0
base/sources/command_delegate.cpp	DEAD	-	-	target_evidence=0/1	stubs_in_counterpart=0
base/sources/command_delegate.h	DEAD	-	-	target_evidence=0/1	stubs_in_counterpart=0
base/sources/command_draw_visual.cpp	DEAD	-	-	target_evidence=0/1	stubs_in_counterpart=0
base/sources/command_draw_visual.h	DEAD	-	-	target_evidence=0/1	stubs_in_counterpart=0
base/sources/command_processor.cpp	UNMAPPED	-	-	target_evidence=1/2:threading	stubs_in_counterpart=0
base/sources/command_processor.h	DEAD	-	-	target_evidence=0/1	stubs_in_counterpart=0
base/sources/command_projection_matrix.cpp	DEAD	-	-	target_evidence=0/1	stubs_in_counterpart=0
base/sources/command_projection_matrix.h	DEAD	-	-	target_evidence=0/1	stubs_in_counterpart=0
base/sources/command_remove_light.cpp	DEAD	-	-	target_evidence=0/1	stubs_in_counterpart=0
base/sources/command_remove_light.h	DEAD	-	-	target_evidence=0/1	stubs_in_counterpart=0
base/sources/command_remove_visual.cpp	DEAD	-	-	target_evidence=0/1	stubs_in_counterpart=0
base/sources/command_remove_visual.h	DEAD	-	-	target_evidence=0/1	stubs_in_counterpart=0
base/sources/command_render_visuals.cpp	DEAD	-	-	target_evidence=0/1	stubs_in_counterpart=0
base/sources/command_render_visuals.h	DEAD	-	-	target_evidence=0/1	stubs_in_counterpart=0
base/sources/command_terrain_add_cell.cpp	DEAD	-	-	target_evidence=0/1	stubs_in_counterpart=0
base/sources/command_terrain_add_cell.h	DEAD	-	-	target_evidence=0/1	stubs_in_counterpart=0
base/sources/command_terrain_cell_add_texture.cpp	DEAD	-	-	target_evidence=0/1	stubs_in_counterpart=0
base/sources/command_terrain_cell_add_texture.h	DEAD	-	-	target_evidence=0/1	stubs_in_counterpart=0
base/sources/command_terrain_cell_remove_texture.cpp	DEAD	-	-	target_evidence=0/1	stubs_in_counterpart=0
base/sources/command_terrain_cell_remove_texture.h	DEAD	-	-	target_evidence=0/1	stubs_in_counterpart=0
base/sources/command_terrain_cell_set_visible.cpp	UNMAPPED	-	-	target_evidence=0/0	stubs_in_counterpart=0
base/sources/command_terrain_cell_set_visible.h	UNMAPPED	-	-	target_evidence=0/0	stubs_in_counterpart=0
base/sources/command_terrain_cell_update_buffer.cpp	DEAD	-	-	target_evidence=0/1	stubs_in_counterpart=0
base/sources/command_terrain_cell_update_buffer.h	DEAD	-	-	target_evidence=0/1	stubs_in_counterpart=0
base/sources/command_terrain_exchange_texture.cpp	DEAD	-	-	target_evidence=0/1	stubs_in_counterpart=0
base/sources/command_terrain_exchange_texture.h	DEAD	-	-	target_evidence=0/1	stubs_in_counterpart=0
base/sources/command_terrain_remove_cell.cpp	DEAD	-	-	target_evidence=0/1	stubs_in_counterpart=0
base/sources/command_terrain_remove_cell.h	DEAD	-	-	target_evidence=0/1	stubs_in_counterpart=0
base/sources/command_update_light.cpp	DEAD	-	-	target_evidence=0/1	stubs_in_counterpart=0
base/sources/command_update_light.h	DEAD	-	-	target_evidence=0/1	stubs_in_counterpart=0
base/sources/command_update_visual.cpp	DEAD	-	-	target_evidence=0/1	stubs_in_counterpart=0
base/sources/command_update_visual.h	DEAD	-	-	target_evidence=0/1	stubs_in_counterpart=0
base/sources/command_update_visual_vertex_buffer.cpp	UNMAPPED	-	-	target_evidence=1/2:memory	stubs_in_counterpart=0
base/sources/command_update_visual_vertex_buffer.h	DEAD	-	-	target_evidence=0/1	stubs_in_counterpart=0
base/sources/command_view_matrix.cpp	DEAD	-	-	target_evidence=0/1	stubs_in_counterpart=0
base/sources/command_view_matrix.h	DEAD	-	-	target_evidence=0/1	stubs_in_counterpart=0
base/sources/debug_draw_lines_command.cpp	BASENAME	sources/vostok/render/facade/sources/debug_draw_lines_command.h;sources/vostok/render/facade/sources/debug_draw_lines_command.cpp	debug_draw_lines_command.h:1	target_evidence=1/1:draw_lines_command	stubs_in_counterpart=7
base/sources/debug_draw_lines_command.h	BASENAME	sources/vostok/render/facade/sources/debug_draw_lines_command.h;sources/vostok/render/facade/sources/debug_draw_lines_command.cpp	debug_draw_lines_command.h:2	target_evidence=1/2:draw_lines_command	stubs_in_counterpart=7
base/sources/debug_draw_lines_command_inline.h	SYMBOL	sources/vostok/render/facade/sources/debug_draw_lines_command.h	debug_draw_lines_command.h:1	target_evidence=0/1	stubs_in_counterpart=3
base/sources/debug_draw_triangles_command.cpp	BASENAME	sources/vostok/render/facade/sources/debug_draw_triangles_command.cpp;sources/vostok/render/facade/sources/debug_draw_triangles_command.h	debug_draw_triangles_command.h:1	target_evidence=1/1:draw_triangles_command	stubs_in_counterpart=5
base/sources/debug_draw_triangles_command.h	BASENAME	sources/vostok/render/facade/sources/debug_draw_triangles_command.cpp;sources/vostok/render/facade/sources/debug_draw_triangles_command.h	debug_draw_triangles_command.h:1;debug_draw_lines_command.h:1	target_evidence=1/2:draw_triangles_command	stubs_in_counterpart=5
base/sources/debug_draw_triangles_command_inline.h	SYMBOL	sources/vostok/render/facade/sources/debug_draw_lines_command.h	debug_draw_lines_command.h:1	target_evidence=0/1	stubs_in_counterpart=3
base/sources/debug_renderer.cpp	BASENAME	sources/vostok/render/facade/debug_renderer.h;sources/vostok/render/facade/sources/debug_renderer.h;sources/vostok/render/facade/sources/debug_renderer.cpp	-	target_evidence=1/2:math	stubs_in_counterpart=27
base/sources/debug_renderer.h	BASENAME	sources/vostok/render/facade/debug_renderer.h;sources/vostok/render/facade/sources/debug_renderer.h;sources/vostok/render/facade/sources/debug_renderer.cpp	-	target_evidence=0/1	stubs_in_counterpart=27
base/sources/editor_clear_zbuffer_command.cpp	DEAD	-	-	target_evidence=0/1	stubs_in_counterpart=0
base/sources/editor_clear_zbuffer_command.h	DEAD	-	-	target_evidence=0/1	stubs_in_counterpart=0
base/sources/editor_draw_3d_screen_lines_command.cpp	DEAD	-	-	target_evidence=0/1	stubs_in_counterpart=0
base/sources/editor_draw_3d_screen_lines_command.h	DEAD	-	-	target_evidence=0/1	stubs_in_counterpart=0
base/sources/editor_draw_screen_lines_command.cpp	DEAD	-	-	target_evidence=0/1	stubs_in_counterpart=0
base/sources/editor_draw_screen_lines_command.h	DEAD	-	-	target_evidence=0/1	stubs_in_counterpart=0
base/sources/editor_flush_command.cpp	DEAD	-	-	target_evidence=0/1	stubs_in_counterpart=0
base/sources/editor_flush_command.h	DEAD	-	-	target_evidence=0/1	stubs_in_counterpart=0
base/sources/editor_renderer.cpp	DEAD	-	-	target_evidence=0/1	stubs_in_counterpart=0
base/sources/editor_renderer.h	DEAD	-	-	target_evidence=0/2	stubs_in_counterpart=0
base/sources/editor_setup_grid_render_mode_command.cpp	DEAD	-	-	target_evidence=0/1	stubs_in_counterpart=0
base/sources/editor_setup_grid_render_mode_command.h	DEAD	-	-	target_evidence=0/1	stubs_in_counterpart=0
base/sources/editor_setup_rotation_control_modes_command.cpp	DEAD	-	-	target_evidence=0/1	stubs_in_counterpart=0
base/sources/editor_setup_rotation_control_modes_command.h	DEAD	-	-	target_evidence=0/1	stubs_in_counterpart=0
base/sources/engine_renderer.cpp	BASENAME	sources/vostok/render/facade/engine_renderer.h;sources/vostok/render/facade/sources/engine_renderer.h;sources/vostok/render/facade/sources/engine_renderer.cpp	-	target_evidence=1/1:engine_renderer	stubs_in_counterpart=0
base/sources/engine_renderer.h	BASENAME	sources/vostok/render/facade/engine_renderer.h;sources/vostok/render/facade/sources/engine_renderer.h;sources/vostok/render/facade/sources/engine_renderer.cpp	-	target_evidence=1/1:engine_renderer	stubs_in_counterpart=0
base/sources/game_renderer.cpp	BASENAME	sources/vostok/render/facade/game_renderer.h;sources/vostok/render/facade/sources/game_renderer.h;sources/vostok/render/facade/sources/game_renderer.cpp	-	target_evidence=1/1:game_renderer	stubs_in_counterpart=11
base/sources/game_renderer.h	BASENAME	sources/vostok/render/facade/game_renderer.h;sources/vostok/render/facade/sources/game_renderer.h;sources/vostok/render/facade/sources/game_renderer.cpp	-	target_evidence=1/1:game_renderer	stubs_in_counterpart=11
base/sources/pch.cpp	BASENAME	sources/vostok/render/engine/sources/pch.h;sources/vostok/render/engine/sources/pch.cpp;sources/vostok/render/core/dx11/sources/pch.h;sources/vostok/render/core/dx11/sources/pch.cpp;sources/vostok/render/facade/sources/pch.h;sources/vostok/render/facade/sources/pch.cpp	-	target_evidence=0/0	stubs_in_counterpart=0
base/sources/pch.h	BASENAME	sources/vostok/render/engine/sources/pch.h;sources/vostok/render/engine/sources/pch.cpp;sources/vostok/render/core/dx11/sources/pch.h;sources/vostok/render/core/dx11/sources/pch.cpp;sources/vostok/render/facade/sources/pch.h;sources/vostok/render/facade/sources/pch.cpp	-	target_evidence=0/0	stubs_in_counterpart=0
base/sources/platform_api.h	UNMAPPED	-	-	target_evidence=0/0	stubs_in_counterpart=0
base/sources/platform_api_pc.cpp	DEAD	-	-	target_evidence=0/2	stubs_in_counterpart=0
base/sources/platform_api_ps3.cpp	DEAD	-	-	target_evidence=0/1	stubs_in_counterpart=0
base/sources/platform_api_xbox360.cpp	DEAD	-	-	target_evidence=0/1	stubs_in_counterpart=0
base/sources/platform_dx11.cpp	SYMBOL	sources/vostok/render/engine/sources/lights_db.h;sources/vostok/render/core/dx11/backend.h;sources/vostok/render/core/dx11/device.h	lights_db.h:1;backend.h:1;device.h:1	target_evidence=7/9:backend,device,lights_db,memory,platform	stubs_in_counterpart=4
base/sources/platform_dx11.h	UNMAPPED	-	-	target_evidence=1/1:platform	stubs_in_counterpart=0
base/sources/platform_dx9.cpp	SYMBOL	sources/vostok/render/engine/sources/lights_db.h;sources/vostok/render/core/dx11/backend.h	lights_db.h:1;backend.h:1	target_evidence=7/11:backend,boost,lights_db,memory,platform	stubs_in_counterpart=3
base/sources/platform_dx9.h	UNMAPPED	-	-	target_evidence=1/1:platform	stubs_in_counterpart=0
base/sources/platform_dx9_inline.h	UNMAPPED	-	-	target_evidence=0/0	stubs_in_counterpart=0
base/sources/platform_dx9_static.cpp	UNMAPPED	-	-	target_evidence=0/0	stubs_in_counterpart=0
base/sources/platform_ps3.cpp	UNMAPPED	-	-	target_evidence=1/1:platform	stubs_in_counterpart=0
base/sources/platform_ps3.h	UNMAPPED	-	-	target_evidence=1/1:platform	stubs_in_counterpart=0
base/sources/platform_xbox360.cpp	UNMAPPED	-	-	target_evidence=3/3:memory,platform,strings	stubs_in_counterpart=0
base/sources/platform_xbox360.h	UNMAPPED	-	-	target_evidence=1/1:platform	stubs_in_counterpart=0
base/sources/platform_xbox360_inline.h	UNMAPPED	-	-	target_evidence=0/0	stubs_in_counterpart=0
base/sources/render_base.vcproj	UNMAPPED	-	-	target_evidence=0/0	stubs_in_counterpart=0
base/sources/render_base_entry_point.cpp	UNMAPPED	-	-	target_evidence=1/1:render	stubs_in_counterpart=0
base/sources/render_base_library_linkage.cpp	UNMAPPED	-	-	target_evidence=0/0	stubs_in_counterpart=0
base/sources/render_base_world.cpp	DEAD	-	-	target_evidence=0/1	stubs_in_counterpart=0
base/sources/scene_renderer_impl.cpp	DEAD	-	-	target_evidence=0/1	stubs_in_counterpart=0
base/sources/transform_controls.cpp	DEAD	-	-	target_evidence=0/4	stubs_in_counterpart=0
base/sources/transform_controls.h	DEAD	-	-	target_evidence=0/5	stubs_in_counterpart=0
base/sources/transform_controls_renderer.cpp	DEAD	-	-	target_evidence=0/4	stubs_in_counterpart=0
base/sources/transform_controls_renderer.h	DEAD	-	-	target_evidence=0/5	stubs_in_counterpart=0
base/sources/ui_renderer.cpp	BASENAME	sources/vostok/render/facade/ui_renderer.h;sources/vostok/render/facade/sources/ui_renderer.cpp;sources/vostok/render/facade/sources/ui_renderer.h	-	target_evidence=0/2	stubs_in_counterpart=3
base/sources/ui_renderer.h	BASENAME	sources/vostok/render/facade/ui_renderer.h;sources/vostok/render/facade/sources/ui_renderer.cpp;sources/vostok/render/facade/sources/ui_renderer.h	-	target_evidence=0/2	stubs_in_counterpart=3
facade/ambient_volume_properties.h	BASENAME	sources/vostok/render/facade/ambient_volume_properties.h	ambient_volume_properties.h:1	target_evidence=1/1:ambient_volume_properties	stubs_in_counterpart=0
facade/base_command.h	BASENAME	sources/vostok/render/facade/base_command.h	base_command.h:1	target_evidence=0/1	stubs_in_counterpart=0
facade/common_types.h	BASENAME	sources/vostok/render/facade/common_types.h	common_types.h:3	target_evidence=2/3:buffer_fragment,terrain_data	stubs_in_counterpart=0
facade/cull_mode.h	BASENAME	sources/vostok/render/facade/cull_mode.h	cull_mode.h:1	target_evidence=1/1:enum_cull_mode	stubs_in_counterpart=0
facade/debug_renderer.h	BASENAME	sources/vostok/render/facade/debug_renderer.h;sources/vostok/render/facade/sources/debug_renderer.h;sources/vostok/render/facade/sources/debug_renderer.cpp	ui_renderer.h:1;game_renderer.h:1;engine_renderer.h:1	target_evidence=1/1:renderer	stubs_in_counterpart=27
facade/decal_properties.h	BASENAME	sources/vostok/render/facade/decal_properties.h	decal_properties.h:1	target_evidence=1/1:decal_properties	stubs_in_counterpart=0
facade/decal_properties_inline.h	BASENAME	sources/vostok/render/facade/decal_properties_inline.h	-	target_evidence=0/0	stubs_in_counterpart=1
facade/editor_renderer.h	SYMBOL	sources/vostok/render/facade/sources/ui_renderer.h;sources/vostok/render/facade/sources/game_renderer.h;sources/vostok/render/facade/sources/engine_renderer.h	ui_renderer.h:1;game_renderer.h:1;engine_renderer.h:1	target_evidence=1/1:renderer	stubs_in_counterpart=0
facade/engine_renderer.h	BASENAME	sources/vostok/render/facade/engine_renderer.h;sources/vostok/render/facade/sources/engine_renderer.h;sources/vostok/render/facade/sources/engine_renderer.cpp	ui_renderer.h:1;game_renderer.h:1;engine_renderer.h:1	target_evidence=1/1:renderer	stubs_in_counterpart=0
facade/game_renderer.h	BASENAME	sources/vostok/render/facade/game_renderer.h;sources/vostok/render/facade/sources/game_renderer.h;sources/vostok/render/facade/sources/game_renderer.cpp	ui_renderer.h:1;game_renderer.h:1;engine_renderer.h:1	target_evidence=1/1:renderer	stubs_in_counterpart=11
facade/library_linkage.h	BASENAME	sources/vostok/render/library_linkage.h;sources/vostok/render/engine/library_linkage.h;sources/vostok/render/core/library_linkage.h;sources/vostok/render/core/dx11/library_linkage.h;sources/vostok/render/facade/library_linkage.h	-	target_evidence=0/0	stubs_in_counterpart=0
facade/light_props.h	BASENAME	sources/vostok/render/facade/light_props.h	light_props.h:2	target_evidence=1/2:light_props	stubs_in_counterpart=0
facade/material_effects_instance_cook_data.h	BASENAME	sources/vostok/render/facade/material_effects_instance_cook_data.h	material_effects_instance_cook_data.h:1	target_evidence=1/1:material_effects_instance_cook_data	stubs_in_counterpart=1
facade/model.h	BASENAME	sources/vostok/render/facade/model.h	model.h:7;speedtree_instance.h:1;speedtree_tree_base.h:1	target_evidence=8/10:animated_model_instance,model_locator_item,render_model_instance,skeleton_model_instance,speedtree_instance	stubs_in_counterpart=4
facade/one_way_render_channel.h	BASENAME	sources/vostok/render/facade/one_way_render_channel.h;sources/vostok/render/facade/sources/one_way_render_channel.cpp;sources/vostok/render/facade/sources/one_way_render_channel.h	one_way_render_channel.h:2	target_evidence=1/2:one_way_render_channel	stubs_in_counterpart=5
facade/one_way_render_channel_inline.h	UNMAPPED	-	-	target_evidence=0/0	stubs_in_counterpart=0
facade/particles.h	BASENAME	sources/vostok/render/facade/particles.h	particles.h:1	target_evidence=1/2:enum_particle_render_mode	stubs_in_counterpart=0
facade/platform.h	SYMBOL	sources/vostok/render/facade/base_command.h	base_command.h:1	target_evidence=0/1	stubs_in_counterpart=0
facade/render_output_window_base.h	DEAD	-	-	target_evidence=0/1	stubs_in_counterpart=0
facade/render_stage_types.h	BASENAME	sources/vostok/render/facade/render_stage_types.h;sources/vostok/render/facade/sources/render_stage_types.h;sources/vostok/render/facade/sources/render_stage_types.cpp	render_stage_types.h:1	target_evidence=1/1:enum_render_stage_type	stubs_in_counterpart=1
facade/render_statistics.h	DEAD	-	-	target_evidence=0/1	stubs_in_counterpart=0
facade/scene_renderer.h	BASENAME	sources/vostok/render/facade/scene_renderer.h;sources/vostok/render/facade/sources/scene_renderer.cpp;sources/vostok/render/facade/sources/scene_renderer.h	scene_renderer.h:1	target_evidence=1/1:scene_renderer	stubs_in_counterpart=46
facade/scene_view_mode.h	BASENAME	sources/vostok/render/facade/scene_view_mode.h	scene_view_mode.h:1	target_evidence=1/1:scene_view_mode	stubs_in_counterpart=0
facade/terrain_base.h	DEAD	-	-	target_evidence=0/1	stubs_in_counterpart=0
facade/ui_renderer.h	BASENAME	sources/vostok/render/facade/ui_renderer.h;sources/vostok/render/facade/sources/ui_renderer.cpp;sources/vostok/render/facade/sources/ui_renderer.h	ui_renderer.h:2;game_renderer.h:1;engine_renderer.h:1	target_evidence=2/2:renderer,vertex	stubs_in_counterpart=3
facade/vertex_input_type.h	BASENAME	sources/vostok/render/facade/vertex_input_type.h	vertex_input_type.h:1	target_evidence=1/1:enum_vertex_input_type	stubs_in_counterpart=0
facade/volume_fog_parameters.h	BASENAME	sources/vostok/render/facade/volume_fog_parameters.h	volume_fog_parameters.h:1	target_evidence=1/1:volume_fog_parameters	stubs_in_counterpart=0
facade/sources/debug_draw_lines_command.cpp	BASENAME	sources/vostok/render/facade/sources/debug_draw_lines_command.h;sources/vostok/render/facade/sources/debug_draw_lines_command.cpp	debug_draw_lines_command.h:1	target_evidence=2/2:draw_lines_command,render	stubs_in_counterpart=7
facade/sources/debug_draw_lines_command.h	BASENAME	sources/vostok/render/facade/sources/debug_draw_lines_command.h;sources/vostok/render/facade/sources/debug_draw_lines_command.cpp	debug_draw_lines_command.h:2	target_evidence=1/2:draw_lines_command	stubs_in_counterpart=7
facade/sources/debug_draw_lines_command_inline.h	SYMBOL	sources/vostok/render/facade/sources/debug_draw_lines_command.h	debug_draw_lines_command.h:1	target_evidence=0/1	stubs_in_counterpart=3
facade/sources/debug_draw_triangles_command.cpp	BASENAME	sources/vostok/render/facade/sources/debug_draw_triangles_command.cpp;sources/vostok/render/facade/sources/debug_draw_triangles_command.h	debug_draw_triangles_command.h:1	target_evidence=2/2:draw_triangles_command,render	stubs_in_counterpart=5
facade/sources/debug_draw_triangles_command.h	BASENAME	sources/vostok/render/facade/sources/debug_draw_triangles_command.cpp;sources/vostok/render/facade/sources/debug_draw_triangles_command.h	debug_draw_triangles_command.h:1;debug_draw_lines_command.h:1	target_evidence=1/2:draw_triangles_command	stubs_in_counterpart=5
facade/sources/debug_draw_triangles_command_inline.h	SYMBOL	sources/vostok/render/facade/sources/debug_draw_lines_command.h	debug_draw_lines_command.h:1	target_evidence=0/1	stubs_in_counterpart=3
facade/sources/debug_renderer.cpp	BASENAME	sources/vostok/render/facade/debug_renderer.h;sources/vostok/render/facade/sources/debug_renderer.h;sources/vostok/render/facade/sources/debug_renderer.cpp	ui_renderer.h:1;game_renderer.h:1;engine_renderer.h:1	target_evidence=2/2:math,renderer	stubs_in_counterpart=27
facade/sources/editor_allocator.h	BASENAME	sources/vostok/render/facade/sources/editor_allocator.h	-	target_evidence=0/0	stubs_in_counterpart=0
facade/sources/editor_draw_3d_screen_lines_command.cpp	UNMAPPED	-	-	target_evidence=1/2:render	stubs_in_counterpart=0
facade/sources/editor_draw_3d_screen_lines_command.h	DEAD	-	-	target_evidence=0/1	stubs_in_counterpart=0
facade/sources/editor_draw_screen_lines_command.cpp	UNMAPPED	-	-	target_evidence=1/2:render	stubs_in_counterpart=0
facade/sources/editor_draw_screen_lines_command.h	DEAD	-	-	target_evidence=0/1	stubs_in_counterpart=0
facade/sources/editor_renderer.cpp	SYMBOL	sources/vostok/render/facade/sources/ui_renderer.h;sources/vostok/render/facade/sources/game_renderer.h;sources/vostok/render/facade/sources/engine_renderer.h	ui_renderer.h:1;game_renderer.h:1;engine_renderer.h:1	target_evidence=2/2:boost,renderer	stubs_in_counterpart=0
facade/sources/engine_renderer.cpp	BASENAME	sources/vostok/render/facade/engine_renderer.h;sources/vostok/render/facade/sources/engine_renderer.h;sources/vostok/render/facade/sources/engine_renderer.cpp	ui_renderer.h:1;game_renderer.h:1;engine_renderer.h:1	target_evidence=1/1:renderer	stubs_in_counterpart=0
facade/sources/functor_command.cpp	BASENAME	sources/vostok/render/facade/sources/functor_command.cpp;sources/vostok/render/facade/sources/functor_command.h	functor_command.h:1	target_evidence=1/1:functor_command	stubs_in_counterpart=4
facade/sources/functor_command.h	BASENAME	sources/vostok/render/facade/sources/functor_command.cpp;sources/vostok/render/facade/sources/functor_command.h	functor_command.h:1	target_evidence=1/1:functor_command	stubs_in_counterpart=4
facade/sources/functor_with_big_buffer_to_copy_command.h	BASENAME	sources/vostok/render/facade/sources/functor_with_big_buffer_to_copy_command.h	functor_with_big_buffer_to_copy_command.h:1	target_evidence=1/1:functor_with_big_buffer_to_copy_command	stubs_in_counterpart=3
facade/sources/functor_with_big_buffer_to_copy_command_inline.h	UNMAPPED	-	-	target_evidence=0/0	stubs_in_counterpart=0
facade/sources/game_renderer.cpp	BASENAME	sources/vostok/render/facade/game_renderer.h;sources/vostok/render/facade/sources/game_renderer.h;sources/vostok/render/facade/sources/game_renderer.cpp	ui_renderer.h:1;game_renderer.h:1;engine_renderer.h:1	target_evidence=2/2:boost,renderer	stubs_in_counterpart=11
facade/sources/logic_allocator.h	BASENAME	sources/vostok/render/facade/sources/logic_allocator.h	-	target_evidence=0/0	stubs_in_counterpart=0
facade/sources/one_way_render_channel.cpp	BASENAME	sources/vostok/render/facade/one_way_render_channel.h;sources/vostok/render/facade/sources/one_way_render_channel.cpp;sources/vostok/render/facade/sources/one_way_render_channel.h	one_way_render_channel.h:1	target_evidence=2/3:one_way_render_channel,threading	stubs_in_counterpart=5
facade/sources/pch.cpp	BASENAME	sources/vostok/render/engine/sources/pch.h;sources/vostok/render/engine/sources/pch.cpp;sources/vostok/render/core/dx11/sources/pch.h;sources/vostok/render/core/dx11/sources/pch.cpp;sources/vostok/render/facade/sources/pch.h;sources/vostok/render/facade/sources/pch.cpp	-	target_evidence=0/0	stubs_in_counterpart=0
facade/sources/pch.h	BASENAME	sources/vostok/render/engine/sources/pch.h;sources/vostok/render/engine/sources/pch.cpp;sources/vostok/render/core/dx11/sources/pch.h;sources/vostok/render/core/dx11/sources/pch.cpp;sources/vostok/render/facade/sources/pch.h;sources/vostok/render/facade/sources/pch.cpp	-	target_evidence=0/0	stubs_in_counterpart=0
facade/sources/render_facade.vcproj	BASENAME	sources/vostok/render/facade/sources/render_facade.vcproj	-	target_evidence=0/0	stubs_in_counterpart=0
facade/sources/render_facade_entry_point.cpp	BASENAME	sources/vostok/render/facade/sources/render_facade_entry_point.cpp;sources/vostok/render/facade/sources/render_facade_entry_point.h	-	target_evidence=0/0	stubs_in_counterpart=2
facade/sources/render_facade_library_linkage.cpp	UNMAPPED	-	-	target_evidence=0/0	stubs_in_counterpart=0
facade/sources/render_facade_world.cpp	BASENAME	sources/vostok/render/facade/sources/render_facade_world.h;sources/vostok/render/facade/sources/render_facade_world.cpp	render_facade_world.h:1;world_pc.h:1	target_evidence=3/3:engine,threading,world	stubs_in_counterpart=7
facade/sources/render_stage_types.cpp	BASENAME	sources/vostok/render/facade/render_stage_types.h;sources/vostok/render/facade/sources/render_stage_types.h;sources/vostok/render/facade/sources/render_stage_types.cpp	-	target_evidence=0/0	stubs_in_counterpart=1
facade/sources/scene_renderer.cpp	BASENAME	sources/vostok/render/facade/scene_renderer.h;sources/vostok/render/facade/sources/scene_renderer.cpp;sources/vostok/render/facade/sources/scene_renderer.h	scene_renderer.h:1	target_evidence=2/2:boost,scene_renderer	stubs_in_counterpart=46
facade/sources/terrain_cell_update_buffer_command.cpp	DEAD	-	-	target_evidence=0/1	stubs_in_counterpart=0
facade/sources/terrain_cell_update_buffer_command.h	DEAD	-	-	target_evidence=0/1	stubs_in_counterpart=0
facade/sources/terrain_exchange_texture_command.cpp	DEAD	-	-	target_evidence=0/1	stubs_in_counterpart=0
facade/sources/terrain_exchange_texture_command.h	DEAD	-	-	target_evidence=0/1	stubs_in_counterpart=0
facade/sources/ui_draw_vertices_command.cpp	BASENAME	sources/vostok/render/facade/sources/ui_draw_vertices_command.h;sources/vostok/render/facade/sources/ui_draw_vertices_command.cpp	ui_draw_vertices_command.h:1	target_evidence=2/2:draw_vertices_command,render	stubs_in_counterpart=3
facade/sources/ui_draw_vertices_command.h	BASENAME	sources/vostok/render/facade/sources/ui_draw_vertices_command.h;sources/vostok/render/facade/sources/ui_draw_vertices_command.cpp	ui_draw_vertices_command.h:1	target_evidence=1/1:draw_vertices_command	stubs_in_counterpart=3
facade/sources/ui_renderer.cpp	BASENAME	sources/vostok/render/facade/ui_renderer.h;sources/vostok/render/facade/sources/ui_renderer.cpp;sources/vostok/render/facade/sources/ui_renderer.h	ui_renderer.h:1;game_renderer.h:1;engine_renderer.h:1	target_evidence=1/1:renderer	stubs_in_counterpart=3
facade/sources/update_model_vertex_buffer_command.cpp	BASENAME	sources/vostok/render/facade/sources/update_model_vertex_buffer_command.cpp;sources/vostok/render/facade/sources/update_model_vertex_buffer_command.h	update_model_vertex_buffer_command.h:1	target_evidence=2/2:memory,update_model_vertex_buffer_command	stubs_in_counterpart=2
facade/sources/update_model_vertex_buffer_command.h	BASENAME	sources/vostok/render/facade/sources/update_model_vertex_buffer_command.cpp;sources/vostok/render/facade/sources/update_model_vertex_buffer_command.h	update_model_vertex_buffer_command.h:1	target_evidence=1/1:update_model_vertex_buffer_command	stubs_in_counterpart=2
facade/sources/update_skeleton_command.cpp	BASENAME	sources/vostok/render/facade/sources/update_skeleton_command.h;sources/vostok/render/facade/sources/update_skeleton_command.cpp	update_skeleton_command.h:1	target_evidence=2/2:memory,update_skeleton_command	stubs_in_counterpart=2
facade/sources/update_skeleton_command.h	BASENAME	sources/vostok/render/facade/sources/update_skeleton_command.h;sources/vostok/render/facade/sources/update_skeleton_command.cpp	update_skeleton_command.h:1	target_evidence=1/1:update_skeleton_command	stubs_in_counterpart=2
facade/sources/vertex_input_type.cpp	BASENAME	sources/vostok/render/facade/vertex_input_type.h	-	target_evidence=0/0	stubs_in_counterpart=0
