rva	name	size	type	comment
0x1a02c0	DAT_001b02c0	0x4f0	code	Boost.System 1.48 error_code.obj system_error_category::default_error_condition Windows switch body; disassembly ends at ret 0x1a07ad before its first jump table
0x1a07b0	DAT_001b07b0	0x48	switch::JumpTable[18]	Boost.System error mapping switch table used by jmp [eax*4+0x1b07b0]; 18 relocated code-label pointers end at 0x1a07f8
0x1a07f8	DAT_001b07f8	0xd5	switch::IndexTable<u8>[213]	Boost.System error mapping index for Windows codes 0..0xd4; cmp bound proves 213 entries, followed by a three-byte alignment nop
0x1a08d0	DAT_001b08d0	0x10	switch::JumpTable[4]	Boost.System error mapping table used by jmp [ecx*4+0x1b08d0]; four relocated code-label pointers end at 0x1a08e0
0x1a08e0	DAT_001b08e0	0x12	switch::IndexTable<u8>[18]	Boost.System error mapping index for Windows codes 0x3e3..0x3f4; the subtract and cmp 0x11 prove 18 entries
0x1a08f4	DAT_001b08f4	0x7c	switch::JumpTable[31]	Boost.System error mapping table used by jmp [edx*4+0x1b08f4]; 31 relocated code-label pointers end at 0x1a0970
0x1a0970	DAT_001b0970	0x39	switch::IndexTable<u8>[57]	Boost.System error mapping index for Windows codes 0x2719..0x2751; the subtract and cmp 0x38 prove 57 entries through the contribution end
0x1a2810	DAT_001b2810	0x3c	code	SpeedTree CCoordSys::GetBuiltInConverter body; enum switch returns the four reviewed CoordSys.obj singleton addresses and ends at ret 0x1a284b
0x1a284c	DAT_001b284c	0x10	switch::JumpTable[4]	CCoordSys::GetBuiltInConverter jump table; cmp type,3 and four relocated case pointers prove the 16-byte extent through the CoordSys.obj contribution end
0x3455f0	DAT_003555f0	0x180	code	libpng pngerror.obj private numeric-formatting helper; one EBP-frame body with five format cases ends at ret 0x34576f before its jump table
0x345770	DAT_00355770	0x14	switch::JumpTable[5]	pngerror.obj formatting-mode jump table; subtract 1 and cmp 4 prove five relocated code-label pointers through the contribution end
0x347460	DAT_00357460	0x1cc	code	libpng png.obj private floating-point syntax parser; one EBP-frame state-machine body ends at ret 0x34762b before its tables
0x34762c	DAT_0035762c	0x1c	switch::JumpTable[7]	png.obj character-class dispatch table used at 0x3474a7; seven relocated code-label pointers end at 0x347648
0x347648	DAT_00357648	0x3b	switch::IndexTable<u8>[59]	png.obj character index after subtracting '+' and comparing with 0x3a; bound proves 59 entries, followed by one alignment byte
0x347684	DAT_00357684	0x24	switch::JumpTable[9]	png.obj parser-state dispatch table used at 0x347517; nine relocated code-label pointers end at 0x3476a8
0x3476a8	DAT_003576a8	0x1e	switch::IndexTable<u8>[30]	png.obj parser-state index selected after subtracting 4 and comparing with 0x1d; bound proves 30 entries through the contribution end
0x348630	DAT_00358630	0x263	code	libpng png_create_read_struct_2 body; allocation, version check, callback setup, cleanup paths, and final ret end at 0x348892, followed by one alignment nop
0x348894	DAT_00358894	0x1c	switch::JumpTable[7]	png_create_read_struct_2 version-mismatch dispatch table; add 6 and cmp 6 prove seven relocated code-label pointers through the pngread.obj contribution end
0x348d50	DAT_00358d50	0x6ce	code	libpng png_read_row body; row setup, color-type dispatch, transforms, callbacks, and final ret end at 0x34941d, followed by a two-byte alignment nop
0x349420	DAT_00359420	0x18	switch::JumpTable[6]	png_read_row color-type jump table; cmp color_type,5 proves six relocated code-label pointers through the pngread.obj contribution end
0x34c080	DAT_0035c080	0x2dd	code	libpng png_do_unshift body; channel-shift setup and bit-depth-specific row loops end at ret 0x34c35c, followed by a three-byte alignment nop
0x34c360	DAT_0035c360	0x14	switch::JumpTable[5]	png_do_unshift bit-depth dispatch table; five relocated code-label pointers end at 0x34c374
0x34c374	DAT_0035c374	0xf	switch::IndexTable<u8>[15]	png_do_unshift bit-depth index after subtracting 2 and comparing with 14; bound proves 15 entries through the contribution end
0x34dc70	DAT_0035dc70	0x1cad	code	libpng pngrtran.obj private row-composition transform; one large EBP-frame body dispatches by color type and bit depth and ends at ret 0x34f91c
0x34f920	DAT_0035f920	0x1c	switch::JumpTable[7]	pngrtran row-composition color-type table; cmp color_type,6 proves seven relocated code-label pointers ending at 0x34f93c
0x34f93c	DAT_0035f93c	0x18	switch::JumpTable[6]	pngrtran row-composition bit-depth dispatch table; six relocated code-label pointers end at 0x34f954
0x34f954	DAT_0035f954	0x10	switch::IndexTable<u8>[16]	pngrtran row-composition bit-depth index after subtracting 1 and comparing with 15; bound proves 16 entries through the contribution end
0x34f970	DAT_0035f970	0x6be	code	libpng pngrtran.obj private gamma-table row transform; one EBP-frame body dispatches by color type and 8/16-bit depth and ends at ret 0x35002d
0x350030	DAT_00360030	0x1c	switch::JumpTable[7]	pngrtran gamma-transform color-type table; cmp color_type,6 proves seven relocated code-label pointers through the contribution end
0x352000	DAT_00362000	0x388	code	libpng png_write_row body; one EBP-frame body contains the seven color-type cases and ends at ret 0x352387
0x352388	DAT_00362388	0x1c	switch::JumpTable[7]	png_write_row color-type dispatch table; cmp color_type,6 proves seven relocated code-label pointers through the pngwrite.obj contribution end
0x359500	DAT_00369500	0x6b	code	libpng private Sub-filter row callback; png_read_filter_row installs this address and the contribution ends exactly at ret 0x35956a
0x359570	DAT_00369570	0x66	code	libpng private Up-filter row callback; adds the prior-row byte across rowbytes and ends exactly at ret 0x3595d5
0x3595e0	DAT_003695e0	0xd5	code	libpng private Average-filter row callback; separate leading-bpp and remaining-row loops end exactly at ret 0x3596b4
0x3596c0	DAT_003696c0	0x127	code	libpng private Paeth-filter callback for one-byte pixels; selected when bytes-per-pixel is one and ends exactly at ret 0x3597e6
0x3597f0	DAT_003697f0	0x155	code	libpng private Paeth-filter callback for multibyte pixels; selected when bytes-per-pixel is not one and ends exactly at ret 0x359944
0x35a920	DAT_0036a920	0x268	code	libpng private palette-index validation body; scans packed pixels by bit depth, updates the maximum palette index, and ends at ret 0x35ab87
0x35ab88	DAT_0036ab88	0x20	switch::JumpTable[8]	palette-index validation bit-depth dispatch table; subtract 1 and cmp 7 prove eight relocated code-label pointers through the pngtrans.obj contribution end
0x35af20	DAT_0036af20	0x4bd	code	libpng png_write_IHDR body; validates the IHDR fields, writes the chunk, initializes row state, and ends at ret 0x35b3dc before a three-byte alignment nop
0x35b3e0	DAT_0036b3e0	0x1c	switch::JumpTable[7]	png_write_IHDR color-type dispatch table; cmp color_type,6 proves seven relocated code-label pointers
0x35b3fc	DAT_0036b3fc	0x8	switch::JumpTable[2]	png_write_IHDR grayscale bit-depth validity dispatch; two relocated destinations are selected through the following byte-index table
0x35b404	DAT_0036b404	0x10	switch::IndexTable<u8>[16]	png_write_IHDR grayscale bit-depth index after subtracting 1 and comparing with 15; bound proves sixteen entries
0x35b414	DAT_0036b414	0x8	switch::JumpTable[2]	png_write_IHDR palette bit-depth validity dispatch; two relocated destinations are selected through the following byte-index table
0x35b41c	DAT_0036b41c	0x8	switch::IndexTable<u8>[8]	png_write_IHDR palette bit-depth index after subtracting 1 and comparing with 7; bound proves eight entries through the pngwutil.obj contribution end
0x361000	DAT_00371000	0xa1	code	libjpeg jpeg_consume_input state-machine body; handles decompressor states 200 through 210 and ends at ret 0x3610a0 before a three-byte alignment nop
0x3610a4	DAT_003710a4	0x14	switch::JumpTable[5]	jpeg_consume_input state-action jump table; five relocated destinations are selected through the following byte-index table
0x3610b8	DAT_003710b8	0xb	switch::IndexTable<u8>[11]	jpeg_consume_input global-state index after subtracting 200 and comparing with 10; bound proves eleven entries through the jdapimin.obj contribution end
0x361ed0	DAT_00371ed0	0x353	code	libjpeg jdmarker private get_dqt body; reads and natural-orders a quantization table and ends at ret 0x362222 before one alignment nop
0x362224	DAT_00372224	0x1c	switch::JumpTable[7]	get_dqt reduced-DCT natural-order selection table; seven relocated destinations are selected through the following byte-index table
0x362240	DAT_00372240	0x2e	switch::IndexTable<u8>[46]	get_dqt coefficient-count index after subtracting 4 and comparing with 45; bound proves 46 entries through the jdmarker.obj contribution end
0x362680	DAT_00372680	0x184	code	libjpeg jdmarker get_interesting_appn callback; buffers APP0/APP14 marker bytes, examines them, skips the remainder, and ends exactly at ret 0x362803
0x362810	DAT_00372810	0xa7	code	libjpeg jdmarker skip_variable callback; reads and traces a marker length, skips its payload, and ends exactly at ret 0x3628b6
0x362a80	DAT_00372a80	0x1fc	code	libjpeg jdmarker read_markers state-machine callback; dispatches all marker codes, returns suspended/SOS/EOI states, and ends at ret 0x362c7b
0x362c7c	DAT_00372c7c	0x48	switch::JumpTable[18]	read_markers marker-action jump table; eighteen relocated destinations are selected through the following byte-index table
0x362cc4	DAT_00372cc4	0xfe	switch::IndexTable<u8>[254]	read_markers marker-code index after subtracting 1 and comparing with 253; bound proves 254 entries through the jdmarker.obj contribution end
0x362dd0	DAT_00372dd0	0x9d	code	libjpeg jdmarker read_restart_marker callback; consumes or resynchronizes the expected RST marker and ends exactly at ret 0x362e6c
0x362f70	DAT_00372f70	0x2b	code	libjpeg jdmarker reset_marker_reader callback; clears stream and marker-reader state and ends exactly at ret 0x362f9a
0x363020	DAT_00373020	0x1e	code	libjpeg jerror error_exit callback; emits the message, destroys the JPEG object, calls exit, and ends at the unreachable pop at 0x36303d before the alignment traps
0x363040	DAT_00373040	0x59	code	libjpeg jerror output_message callback; formats the message and writes it to the configured stderr path, ending exactly at ret 0x363098
0x3630a0	DAT_003730a0	0x39	code	libjpeg jerror emit_message callback; applies warning/trace policy and ends exactly at ret 0x3630d8
0x3630e0	DAT_003730e0	0xa5	code	libjpeg jerror format_message callback; selects a message table entry and formats string or integer parameters, ending exactly at ret 0x363184
0x363190	DAT_00373190	0x11	code	libjpeg jerror reset_error_mgr callback; clears warning count and message code and ends exactly at ret 0x3631a0
0x3632a0	DAT_003732a0	0x1e3	code	libjpeg jpeg_calc_output_dimensions body; derives scaled component and output dimensions and ends at ret 0x363482 before one alignment nop
0x363484	DAT_00373484	0x14	switch::JumpTable[5]	jpeg_calc_output_dimensions output-color-space dispatch table; subtract 1 and cmp 4 prove five relocated code-label pointers through the jdmaster.obj contribution end
0x3636f0	DAT_003736f0	0x155	code	libjpeg jdmaster prepare_for_output_pass callback; configures dummy/quantization passes and output modules and ends exactly at ret 0x363844
0x363850	DAT_00373850	0x25	code	libjpeg jdmaster finish_output_pass callback; finishes color quantization when enabled, increments pass number, and ends exactly at ret 0x363874
0x363cd0	DAT_00373cd0	0x3f2	code	libjpeg jdinput initial_setup body; validates image/component geometry, derives JPEG color-space metadata, and ends at ret 0x3640c1 before a two-byte alignment nop
0x3640c4	DAT_003740c4	0x40	switch::JumpTable[16]	initial_setup JPEG color-space action table; sixteen relocated destinations are selected through the following byte-index table
0x364104	DAT_00374104	0xe1	switch::IndexTable<u8>[225]	initial_setup JPEG color-space index for values 0 through 224; the upper-bound comparison and contribution end prove 225 entries
0x364430	DAT_00374430	0x3f	code	libjpeg jdinput start_input_pass callback; performs per-scan setup, latches quantization tables, starts entropy/coefficient input, and ends exactly at ret 0x36446e
0x364470	DAT_00374470	0xf0	code	libjpeg jdinput consume_markers callback; advances SOS/EOI/suspended input state and ends exactly at ret 0x36455f
0x364560	DAT_00374560	0x42	code	libjpeg jdinput reset_input_controller callback; restores marker-consumption state and resets error/marker modules, ending exactly at ret 0x3645a1
0x3645b0	DAT_003745b0	0x11	code	libjpeg jdinput finish_input_pass callback; restores consume_input to consume_markers and ends exactly at ret 0x3645c0
0x364640	DAT_00374640	0x123	code	libjpeg jmemmgr alloc_small callback; allocates from a small-object pool and ends exactly at ret 0x364762
0x364770	DAT_00374770	0xa0	code	libjpeg jmemmgr alloc_large callback; allocates and links a large-object pool node and ends exactly at ret 0x36480f
0x364810	DAT_00374810	0xa9	code	libjpeg jmemmgr alloc_sarray callback; allocates a sample-row pointer array and backing rows and ends exactly at ret 0x3648b8
0x3648c0	DAT_003748c0	0xa9	code	libjpeg jmemmgr alloc_barray callback; allocates a block-row pointer array and backing rows and ends exactly at ret 0x364968
0x364970	DAT_00374970	0x6a	code	libjpeg jmemmgr request_virt_sarray callback; records a virtual sample-array request and ends exactly at ret 0x3649d9
0x3649e0	DAT_003749e0	0x6a	code	libjpeg jmemmgr request_virt_barray callback; records a virtual block-array request and ends exactly at ret 0x364a49
0x364a50	DAT_00374a50	0x193	code	libjpeg jmemmgr realize_virt_arrays callback; realizes pending virtual arrays within the memory budget and ends exactly at ret 0x364be2
0x364d30	DAT_00374d30	0x13c	code	libjpeg jmemmgr access_virt_sarray callback; validates and realizes a requested virtual sample window and ends exactly at ret 0x364e6b
0x364e70	DAT_00374e70	0x14c	code	libjpeg jmemmgr access_virt_barray callback; validates and realizes a requested virtual block window and ends exactly at ret 0x364fbb
0x364fc0	DAT_00374fc0	0x105	code	libjpeg jmemmgr free_pool callback; releases all large and small allocations in a pool and ends exactly at ret 0x3650c4
0x3650d0	DAT_003750d0	0x3e	code	libjpeg jmemmgr self_destruct callback; frees every pool and the manager object and ends exactly at ret 0x36510d
0x365340	DAT_00375340	0x13	code	libjpeg jdcoefct start_input_pass callback; clears the input iMCU row and tail-dispatches start_iMCU_row through the contribution end
0x365360	DAT_00375360	0x241	code	libjpeg jdcoefct decompress_onepass callback; decodes, inverse-transforms, and outputs one iMCU row through the exact contribution extent
0x3655b0	DAT_003755b0	0x1d6	code	libjpeg jdcoefct consume_data callback; fills the full-image coefficient buffer one iMCU row at a time through the exact contribution extent
0x365790	DAT_00375790	0x185	code	libjpeg jdcoefct decompress_data callback; reads buffered coefficients, inverse-transforms an output iMCU row, and ends at the exact contribution extent
0x365a80	DAT_00375a80	0x630	code	libjpeg jdcoefct decompress_smooth_data callback; performs block-smoothing coefficient prediction and inverse transforms through the exact contribution extent
0x3660b0	DAT_003760b0	0x49	code	libjpeg jdcoefct start_output_pass callback; selects smoothed or ordinary buffered decompression and resets the output iMCU row, ending exactly at ret 0x3660f8
0x366790	DAT_00376790	0x216	code	libjpeg private decode_mcu_DC_first callback; selected by start_pass for a progressive DC first scan and ends at ret 0x3669a5
0x3669b0	DAT_003769b0	0x22c	code	libjpeg private decode_mcu_DC_refine callback; selected by start_pass for a progressive DC refinement scan and ends at ret 0x366bdb
0x366be0	DAT_00376be0	0xe0	code	libjpeg private decode_mcu_AC_first callback; selected by start_pass for a progressive AC first scan and ends at ret 0x366cbf
0x366cc0	DAT_00376cc0	0x3e1	code	libjpeg private decode_mcu_AC_refine callback; selected by start_pass for a progressive AC refinement scan and ends at ret 0x3670a0
0x3670b0	DAT_003770b0	0x454	code	libjpeg private decode_mcu_slow callback; selected when lim_Se is below 63 and ends at ret 0x367503
0x367510	DAT_00377510	0x435	code	libjpeg private decode_mcu_fast callback; selected when lim_Se is 63 and ends at ret 0x367944
0x367950	DAT_00377950	0x54c	code	libjpeg private start_pass_huff_decoder callback; selects the six MCU decoders and ends at ret 0x367e9a plus one alignment nop
0x367e9c	DAT_00377e9c	0x20	switch::JumpTable[8]	libjpeg start_pass_huff_decoder table used by jmp [edx*4+0x377e9c]; eight relocated code-label pointers end at 0x367ebc
0x367ebc	DAT_00377ebc	0x31	switch::IndexTable<u8>[49]	libjpeg start_pass_huff_decoder index for lim_Se values 0..48; cmp 0x30 proves 49 entries through the jdhuff.obj contribution end
0x368220	DAT_00378220	0x1f3	code	libjpeg private arithmetic decode_mcu_DC_first callback; start_pass selects it for a progressive DC first scan and the contribution ends at ret 0x368412
0x368420	DAT_00378420	0x219	code	libjpeg private arithmetic decode_mcu_AC_first callback; start_pass selects it for a progressive AC first scan and the contribution ends at ret 0x368638
0x368640	DAT_00378640	0x6b	code	libjpeg private arithmetic decode_mcu_DC_refine callback; start_pass selects it for a progressive DC refinement scan and the contribution ends at ret 0x3686aa
0x3686b0	DAT_003786b0	0x1ba	code	libjpeg private arithmetic decode_mcu_AC_refine callback; start_pass selects it for a progressive AC refinement scan and the contribution ends at ret 0x368869
0x368870	DAT_00378870	0x3c4	code	libjpeg private arithmetic decode_mcu callback for sequential scans; start_pass stores this address and the contribution ends at ret 0x368c33
0x368c40	DAT_00378c40	0x381	code	libjpeg private arithmetic start_pass callback; selects the five MCU decoders and the contribution ends at ret 0x368fc0
0x369470	DAT_00379470	0x6f	code	libjpeg jdmainct process_data_simple_main callback; start_pass_main selects it when context rows are unnecessary and the contribution ends at ret 0x3694de
0x3694e0	DAT_003794e0	0x138	code	libjpeg jdmainct process_data_context_main callback; start_pass_main selects it when the upsampler needs context rows and the contribution ends at ret 0x369617
0x369620	DAT_00379620	0x29	code	libjpeg jdmainct process_data_crank_post callback; start_pass_main selects it for JBUF_CRANK_DEST and the contribution ends at ret 0x369648
0x369650	DAT_00379650	0x78	code	libjpeg jdmainct start_pass_main callback; selects the three process_data callbacks and the contribution ends at ret 0x3696c7
0x3697b0	DAT_003797b0	0x591	code	libjpeg jddctmgr private start_pass callback; installs inverse-DCT methods and multiplier tables and the exact contribution ends at ret 0x369d40
0x369dc0	DAT_00379dc0	0x79	code	libjpeg jdpostct post_process_1pass callback; start_pass_dpost selects it for one-pass quantization and the contribution ends at ret 0x369e38
0x369e40	DAT_00379e40	0xa1	code	libjpeg jdpostct post_process_prepass callback; start_pass_dpost selects it for JBUF_SAVE_AND_PASS and the contribution ends at ret 0x369ee0
0x369ef0	DAT_00379ef0	0x97	code	libjpeg jdpostct post_process_2pass callback; start_pass_dpost selects it for JBUF_CRANK_DEST and the contribution ends at ret 0x369f86
0x369f90	DAT_00379f90	0xff	code	libjpeg jdpostct start_pass_dpost callback; selects or forwards the post-process callback and the contribution ends at ret 0x36a08e
0x36a130	DAT_0037a130	0x1a	code	libjpeg jdsample private start_pass_upsample callback; initializes row counters and the exact contribution ends at ret 0x36a149
0x36a150	DAT_0037a150	0xcb	code	libjpeg jdsample private sep_upsample callback; invokes the selected component upsamplers and color conversion and ends at ret 0x36a21a
0x36a220	DAT_0037a220	0xb	code	libjpeg jdsample private fullsize_upsample callback; aliases the input row array and ends at ret 0x36a22a
0x36a230	DAT_0037a230	0xb	code	libjpeg jdsample private noop_upsample callback; clears the output row pointer and ends at ret 0x36a23a
0x36a240	DAT_0037a240	0xd6	code	libjpeg jdsample private int_upsample callback; handles arbitrary integral sampling ratios and ends at ret 0x36a315
0x36a320	DAT_0037a320	0x52	code	libjpeg jdsample private h2v1_upsample callback; doubles samples horizontally and ends at ret 0x36a371
0x36a380	DAT_0037a380	0x69	code	libjpeg jdsample private h2v2_upsample callback; doubles samples in both axes and ends at ret 0x36a3e8
0x36a660	DAT_0037a660	0x11d	code	libjpeg jdcolor private ycc_rgb_convert callback; the initializer stores it for YCbCr-to-RGB output and the contribution ends at ret 0x36a77c
0x36a7e0	DAT_0037a7e0	0xb4	code	libjpeg jdcolor private rgb_gray_convert callback; converts three RGB planes with the precomputed luminance table and ends at ret 0x36a893
0x36a8a0	DAT_0037a8a0	0x7c	code	libjpeg jdcolor private rgb_rgb_convert callback; interleaves three RGB planes and ends at ret 0x36a91b
0x36a920	DAT_0037a920	0x8a	code	libjpeg jdcolor private null_convert callback; interleaves an arbitrary component count and ends at ret 0x36a9a9
0x36a9b0	DAT_0037a9b0	0x29	code	libjpeg jdcolor private grayscale_convert callback; forwards the luminance plane through jcopy_sample_rows and ends at ret 0x36a9d8
0x36a9e0	DAT_0037a9e0	0x56	code	libjpeg jdcolor private gray_rgb_convert callback; replicates luminance into RGB and ends at ret 0x36aa35
0x36aa40	DAT_0037aa40	0x150	code	libjpeg jdcolor private ycck_cmyk_convert callback; converts YCCK through the YCbCr lookup tables and ends at ret 0x36ab8f
0x36ab90	DAT_0037ab90	0x184	code	libjpeg jdcolor private jinit_color_deconverter body; selects color-conversion callbacks and ends at ret 0x36ad10 plus its alignment instruction
0x36ad14	DAT_0037ad14	0x14	switch::JumpTable[5]	libjpeg jinit_color_deconverter jpeg_color_space dispatch table used by jmp [eax*4+0x37ad14]; five relocated code-label pointers fill the contribution tail
0x36ae00	DAT_0037ae00	0x15	code	libjpeg jdmerge private start_pass_merged_upsample callback; resets spare-row state and the contribution ends at ret 0x36ae14
0x36ae20	DAT_0037ae20	0xc0	code	libjpeg jdmerge private merged_2v_upsample callback; manages the spare output row around the 2v upmethod and ends at ret 0x36aedf
0x36aee0	DAT_0037aee0	0x36	code	libjpeg jdmerge private merged_1v_upsample callback; invokes one-row merged upsampling and advances both counters, ending at ret 0x36af15
0x36af20	DAT_0037af20	0x148	code	libjpeg jdmerge private h2v1_merged_upsample callback; merges 2:1 horizontal chroma with RGB conversion and ends at ret 0x36b067
0x36b070	DAT_0037b070	0x212	code	libjpeg jdmerge private h2v2_merged_upsample callback; merges 2:1 chroma in both axes with RGB conversion and ends at ret 0x36b281
0x36b310	DAT_0037b310	0x73	code	libjpeg jquant2 private prescan_quantize callback; accumulates the three-dimensional color histogram and ends at ret 0x36b382
0x36bfc0	DAT_0037bfc0	0xbf	code	libjpeg jquant2 private pass2_no_dither callback; maps pixels through the inverse-color cache without dithering and ends at ret 0x36c07e
0x36c080	DAT_0037c080	0x2bc	code	libjpeg jquant2 private pass2_fs_dither callback; performs Floyd-Steinberg quantization and ends at ret 0x36c33b
0x36c3e0	DAT_0037c3e0	0x25	code	libjpeg jquant2 private finish_pass1 callback; selects the representative colors and marks the cache dirty, ending at ret 0x36c404
0x36c410	DAT_0037c410	0x124	code	libjpeg jquant2 private start_pass_2_quant callback; selects prescan or second-pass methods and initializes their workspaces, ending at ret 0x36c533
0x36c540	DAT_0037c540	0xf	code	libjpeg jquant2 private new_color_map_2_quant callback; marks the inverse color map for reset and ends at ret 0x36c54e
0x36cb40	DAT_0037cb40	0xa6	code	libjpeg jquant1 private color_quantize callback; handles an arbitrary output-component count without dithering and ends at ret 0x36cbe5
0x36cbf0	DAT_0037cbf0	0xb0	code	libjpeg jquant1 private color_quantize3 callback; handles the three-component no-dither fast path and ends at ret 0x36cc9f
0x36cca0	DAT_0037cca0	0x110	code	libjpeg jquant1 private quantize_ord_dither callback; handles general ordered dithering and ends at ret 0x36cdaf
0x36cdb0	DAT_0037cdb0	0x121	code	libjpeg jquant1 private quantize3_ord_dither callback; handles the three-component ordered-dither fast path and ends at ret 0x36ced0
0x36cee0	DAT_0037cee0	0x1a0	code	libjpeg jquant1 private quantize_fs_dither callback; performs Floyd-Steinberg one-pass quantization and ends at ret 0x36d07f
0x36d0c0	DAT_0037d0c0	0xe4	code	libjpeg jquant1 private start_pass_1_quant callback; selects the five quantizers and initializes their workspaces, ending at ret 0x36d1a3
0x36d1b0	DAT_0037d1b0	0x17	code	libjpeg jquant1 private new_color_map_1_quant callback; tail-dispatches the unsupported mode-change error and fills its exact contribution
0x4f8150	DAT_00508150	0x11	code	PCRE private default allocation callback stored in pcre_malloc and pcre_stack_malloc; forwards one size argument to the target malloc and ends at ret 0x4f8160
0x4f8170	DAT_00508170	0x11	code	PCRE private default deallocation callback stored in pcre_free and pcre_stack_free; forwards one pointer argument to the target free and ends at ret 0x4f8180
0x4f8190	DAT_00508190	0x1b8	code	PCRE private _pcre_find_bracket body; scans compiled opcodes for a numbered bracket and ends at ret 0x4f8347 before its two switch-table pairs
0x4f8348	DAT_00508348	0x14	switch::JumpTable[5]	PCRE _pcre_find_bracket opcode dispatch table used by jmp [eax*4+0x508348]; five relocated code-label pointers end at 0x4f835c
0x4f835c	DAT_0050835c	0x41	switch::IndexTable<u8>[65]	PCRE _pcre_find_bracket opcode index for values 0x55..0x95; subtract 0x55 and cmp 0x40 prove 65 entries
0x4f83a0	DAT_005083a0	0x8	switch::JumpTable[2]	PCRE _pcre_find_bracket UTF-8 opcode dispatch table used by jmp [edx*4+0x5083a0]; two relocated code-label pointers end at 0x4f83a8
0x4f83a8	DAT_005083a8	0x1e	switch::IndexTable<u8>[30]	PCRE _pcre_find_bracket UTF-8 opcode index for values 0x1d..0x3a; subtract 0x1d and cmp 0x1d prove 30 entries through the contribution end
0x4f9220	DAT_00509220	0x3e0	code	PCRE private find_fixedlength body; recursively computes the fixed length of compiled branches and ends at ret 0x4f95fe plus one alignment nop
0x4f9600	DAT_00509600	0x40	switch::JumpTable[16]	PCRE find_fixedlength opcode dispatch table used by jmp [edx*4+0x509600]; 16 relocated code-label pointers end at 0x4f9640
0x4f9640	DAT_00509640	0x9c	switch::IndexTable<u8>[156]	PCRE find_fixedlength opcode index for values 0..0x9b; cmp 0x9b proves 156 entries
0x4f96dc	DAT_005096dc	0x8	switch::JumpTable[2]	PCRE find_fixedlength sub-opcode dispatch table used by jmp [edx*4+0x5096dc]; two relocated code-label pointers end at 0x4f96e4
0x4f96e4	DAT_005096e4	0x8	switch::IndexTable<u8>[8]	PCRE find_fixedlength sub-opcode index for values 0x62..0x69; subtract 0x62 and cmp 7 prove eight entries through the contribution end
0x4f9c40	DAT_00509c40	0x5744	code	PCRE private compile_branch body; compiles one regular-expression branch into opcode form
0x4ff384	DAT_0050f384	0x34	switch::JumpTable[13]	compile_branch escape and opcode dispatch destinations
0x4ff3b8	DAT_0050f3b8	0x7d	switch::IndexTable<u8>[125]	compile_branch opcode selector map for values 0x00 through 0x7c
0x4ff438	DAT_0050f438	0x40	switch::JumpTable[16]	compile_branch direct repeat-type dispatch for selector values 0x00 through 0x0f
0x4ff478	DAT_0050f478	0x54	switch::JumpTable[21]	compile_branch POSIX and metacharacter dispatch destinations
0x4ff4cc	DAT_0050f4cc	0x3b	switch::IndexTable<u8>[59]	compile_branch POSIX and metacharacter selector map after subtracting 0x21
0x4ff508	DAT_0050f508	0x3c	switch::JumpTable[15]	compile_branch group and assertion dispatch destinations
0x4ff544	DAT_0050f544	0x5c	switch::IndexTable<u8>[92]	compile_branch group and assertion selector map after subtracting 0x21
0x4ff5a0	DAT_0050f5a0	0x24	switch::JumpTable[9]	compile_branch verb and special-group dispatch destinations
0x4ff5c4	DAT_0050f5c4	0x4c	switch::IndexTable<u8>[76]	compile_branch verb and special-group selector map after subtracting 0x2d
0x4ff7b0	DAT_0050f7b0	0x878	code	PCRE private check_escape body; bounded by entry and return/alignment before its character escape dispatch tables
0x500028	DAT_00510028	0x24	switch::JumpTable[9]	check_escape character escape dispatch destinations for the 0x30..0x78 selector
0x50004c	DAT_0051004c	0x49	switch::IndexTable<u8>[73]	check_escape character escape selector map for input values 0x30 through 0x78 inclusive
0x500830	DAT_00510830	0x4cc	code	PCRE private could_be_empty_branch body; recursively scans compiled branches through first_significant_code
0x500cfc	DAT_00510cfc	0x2c	switch::JumpTable[11]	could_be_empty_branch opcode dispatch destinations
0x500d28	DAT_00510d28	0x90	switch::IndexTable<u8>[144]	could_be_empty_branch opcode selector map after subtracting 0x06, covering 0x00 through 0x8f
0x500db8	DAT_00510db8	0xc	switch::JumpTable[3]	could_be_empty_branch nested repeat-opcode dispatch destinations
0x500dc4	DAT_00510dc4	0x8	switch::IndexTable<u8>[8]	could_be_empty_branch nested repeat-opcode selector map after subtracting 0x62
0x500dd0	DAT_00510dd0	0xa4	code	PCRE private first_significant_code body; skips assertions and variable-length compiled opcodes
0x500e74	DAT_00510e74	0x10	switch::JumpTable[4]	first_significant_code opcode dispatch destinations
0x500e84	DAT_00510e84	0x88	switch::IndexTable<u8>[136]	first_significant_code opcode selector map after subtracting 0x04, covering 0x00 through 0x87
0x5011d0	DAT_005111d0	0x144	code	PCRE private find_recurse body; scans compiled opcodes until OP_RECURSE or OP_END
0x501314	DAT_00511314	0x14	switch::JumpTable[5]	find_recurse variable-length opcode dispatch destinations
0x501328	DAT_00511328	0x41	switch::IndexTable<u8>[65]	find_recurse opcode selector map after subtracting 0x55, covering 0x00 through 0x40
0x50136c	DAT_0051136c	0x8	switch::JumpTable[2]	find_recurse UTF-8 trailing-character dispatch destinations
0x501374	DAT_00511374	0x1e	switch::IndexTable<u8>[30]	find_recurse UTF-8 opcode selector map after subtracting 0x1d
0x501450	DAT_00511450	0x10ac	code	PCRE private check_auto_possessive body; compares a repeated opcode with the next pattern item
0x5024fc	DAT_005124fc	0x34	switch::JumpTable[13]	check_auto_possessive non-negative opcode dispatch destinations
0x502530	DAT_00512530	0x1b	switch::IndexTable<u8>[27]	check_auto_possessive non-negative opcode selector map after subtracting 0x06
0x50254c	DAT_0051254c	0x30	switch::JumpTable[12]	check_auto_possessive negative escape/opcode dispatch destinations
0x50257c	DAT_0051257c	0x19	switch::IndexTable<u8>[25]	check_auto_possessive negative escape/opcode selector map after subtracting 0x06
0x502598	DAT_00512598	0x24	switch::JumpTable[9]	check_auto_possessive property-type dispatch destinations
0x5025bc	DAT_005125bc	0x10	switch::IndexTable<u8>[16]	check_auto_possessive property-type selector map after subtracting 0x06
0x5029b0	DAT_005129b0	0x198	code	PCRE private find_firstassertedchar body; recursively finds a common fixed character in leading assertions
0x502b48	DAT_00512b48	0x18	switch::JumpTable[6]	find_firstassertedchar opcode dispatch destinations
0x502b60	DAT_00512b60	0x69	switch::IndexTable<u8>[105]	find_firstassertedchar opcode selector map after subtracting 0x1d, covering 0x00 through 0x68
0x502bd0	DAT_00512bd0	0x2b8	code	PCRE pcre_fullinfo body; dispatches the requested compiled-pattern information selector
0x502e88	DAT_00512e88	0x48	switch::JumpTable[18]	pcre_fullinfo direct dispatch table for selector values 0x00 through 0x11
0x5047c0	DAT_005147c0	0xe7fc	code	PCRE private match body; recursive regular-expression execution engine through its final return and alignment
0x512fbc	DAT_00522fbc	0x140	switch::JumpTable[80]	match primary compiled-opcode dispatch destinations
0x5130fc	DAT_005230fc	0x9c	switch::IndexTable<u8>[156]	match primary compiled-opcode selector map for values 0x00 through 0x9b
0x513198	DAT_00523198	0x8	switch::JumpTable[2]	match first newline-mode dispatch destinations
0x5131a0	DAT_005231a0	0x8	switch::IndexTable<u8>[8]	match first newline-mode selector map after subtracting 0x62
0x5131a8	DAT_005231a8	0x8	switch::JumpTable[2]	match second newline-mode dispatch destinations
0x5131b0	DAT_005231b0	0x8	switch::IndexTable<u8>[8]	match second newline-mode selector map after subtracting 0x62
0x5131b8	DAT_005231b8	0x8	switch::JumpTable[2]	match third newline-mode dispatch destinations
0x5131c0	DAT_005231c0	0x8	switch::IndexTable<u8>[8]	match third newline-mode selector map after subtracting 0x62
0x5131c8	DAT_005231c8	0x40	switch::JumpTable[16]	match first direct repeat-type dispatch for selector values 0x00 through 0x0f
0x513208	DAT_00523208	0x40	switch::JumpTable[16]	match second direct repeat-type dispatch for selector values 0x00 through 0x0f
0x513248	DAT_00523248	0x10	switch::JumpTable[4]	match first character-type dispatch destinations
0x513258	DAT_00523258	0x7c	switch::IndexTable<u8>[124]	match first character-type selector map after subtracting 0x0a
0x5132d4	DAT_005232d4	0x40	switch::JumpTable[16]	match third direct repeat-type dispatch for selector values 0x00 through 0x0f
0x513314	DAT_00523314	0x40	switch::JumpTable[16]	match fourth direct repeat-type dispatch for selector values 0x00 through 0x0f
0x513354	DAT_00523354	0x10	switch::JumpTable[4]	match second character-type dispatch destinations
0x513364	DAT_00523364	0x7c	switch::IndexTable<u8>[124]	match second character-type selector map after subtracting 0x0a
0x5133e0	DAT_005233e0	0x40	switch::JumpTable[16]	match fifth direct repeat-type dispatch for selector values 0x00 through 0x0f
0x513420	DAT_00523420	0x40	switch::JumpTable[16]	match sixth direct repeat-type dispatch for selector values 0x00 through 0x0f
0x513550	_pcre_valid_utf8	0x4a0	code	PCRE _pcre_valid_utf8 body; retail ret and alignment bound code before its embedded dispatch table
0x5139f0	DAT_005239f0	0x14	switch::JumpTable[5]	PCRE _pcre_valid_utf8 relocated switch destinations; five contiguous retail code pointers fill the contribution tail
0x515940	DAT_00525940	0x65	code	Expat private contentProcessor body; delegates to doContent and preserves raw element names
0x515ac0	DAT_00525ac0	0x1010	code	Expat private doContent body; processes XML content tokens for the active parser
0x516ad0	DAT_00526ad0	0x4c	switch::JumpTable[19]	doContent direct token dispatch after normalizing the tokenizer result by adding 0x05
0x517d10	DAT_00527d10	0xb0	code	Expat private cdataSectionProcessor body; resumes the appropriate content processor after a closed CDATA section
0x517dc0	DAT_00527dc0	0x65	code	Expat private externalEntityContentProcessor body; delegates external-entity text to doContent
0x517e30	DAT_00527e30	0x2d4	code	Expat private doCdataSection body; scans and reports CDATA-section contents
0x518104	DAT_00528104	0x1c	switch::JumpTable[7]	doCdataSection tokenizer-result dispatch destinations
0x518120	DAT_00528120	0x2d	switch::IndexTable<u8>[45]	doCdataSection tokenizer-result selector map after adding 0x04
0x518620	DAT_00528620	0x47	code	Expat private prologInitProcessor body; initializes encoding and installs prologProcessor
0x518670	DAT_00528670	0x76	code	Expat private prologProcessor body; tokenizes the next prolog item and delegates to doProlog
0x5186f0	DAT_005286f0	0x239c	code	Expat private doProlog body; processes XML prolog tokens and declarations
0x51aa8c	DAT_0052aa8c	0x18	switch::JumpTable[6]	doProlog negative role-result dispatch destinations
0x51aaa4	DAT_0052aaa4	0x10	switch::IndexTable<u8>[16]	doProlog negative role-result selector map after adding 0x0f
0x51aab4	DAT_0052aab4	0xf8	switch::JumpTable[62]	doProlog direct role dispatch for normalized selector values 0x00 through 0x3d
0x51abb0	DAT_0052abb0	0x7b	code	Expat private ignoreSectionProcessor body; resumes prolog processing after a closed ignored section
0x51ac30	DAT_0052ac30	0x15c	code	Expat private doIgnoreSection body; scans an ignored conditional section
0x51ad8c	DAT_0052ad8c	0x14	switch::JumpTable[5]	doIgnoreSection tokenizer-result dispatch destinations
0x51ada0	DAT_0052ada0	0x2f	switch::IndexTable<u8>[47]	doIgnoreSection tokenizer-result selector map after adding 0x04
0x51add0	DAT_0052add0	0x214	code	Expat private epilogProcessor body; processes tokens after the document element
0x51afe4	DAT_0052afe4	0x24	switch::JumpTable[9]	epilogProcessor tokenizer-result dispatch destinations
0x51b008	DAT_0052b008	0x1f	switch::IndexTable<u8>[31]	epilogProcessor tokenizer-result selector map after adding 0x0f
0x51b200	DAT_0052b200	0x222	code	Expat private internalEntityProcessor body; resumes a suspended internal entity
0x51b510	DAT_0052b510	0x578	code	Expat private appendAttributeValue body; tokenizes and appends an attribute value into its string pool
0x51ba88	DAT_0052ba88	0x24	switch::JumpTable[9]	appendAttributeValue tokenizer-result dispatch destinations
0x51baac	DAT_0052baac	0x2c	switch::IndexTable<u8>[44]	appendAttributeValue tokenizer-result selector map after adding 0x04
0x51bae0	DAT_0052bae0	0x48c	code	Expat private storeEntityValue body; tokenizes and stores a DTD entity replacement value
0x51bf6c	DAT_0052bf6c	0x24	switch::JumpTable[9]	storeEntityValue tokenizer-result dispatch destinations
0x51bf90	DAT_0052bf90	0x21	switch::IndexTable<u8>[33]	storeEntityValue tokenizer-result selector map after adding 0x04
0x51e5c0	_isNever	0x7	code	Expat xmltok _isNever body; manually bounded by its retail COFF contribution
0x51e5d0	_utf8_isName2	0x4d	code	Expat xmltok _utf8_isName2 body; manually bounded by its retail COFF contribution
0x51e620	_utf8_isName3	0x5c	code	Expat xmltok _utf8_isName3 body; manually bounded by its retail COFF contribution
0x51e680	_utf8_isNmstrt2	0x4d	code	Expat xmltok _utf8_isNmstrt2 body; manually bounded by its retail COFF contribution
0x51e6d0	_utf8_isNmstrt3	0x5c	code	Expat xmltok _utf8_isNmstrt3 body; manually bounded by its retail COFF contribution
0x51e730	_utf8_isInvalid2	0x4c	code	Expat xmltok _utf8_isInvalid2 body; manually bounded by its retail COFF contribution
0x51e780	_utf8_isInvalid3	0x13f	code	Expat xmltok _utf8_isInvalid3 body; manually bounded by its retail COFF contribution
0x51e8c0	_utf8_isInvalid4	0x12c	code	Expat xmltok _utf8_isInvalid4 body; manually bounded by its retail COFF contribution
0x51e9f0	_normal_cdataSectionTok	0x35c	code	Expat xmltok _normal_cdataSectionTok body; manually bounded by its retail COFF contribution and first embedded dispatch table
0x51ed4c	DAT_0052ed4c	0x2c	switch::JumpTable[11]	Expat xmltok _normal_cdataSectionTok relocated switch destinations; 11 contiguous retail code pointers
0x51ed78	DAT_0052ed78	0x14	switch::JumpTable[5]	Expat xmltok _normal_cdataSectionTok relocated switch destinations; 5 contiguous retail code pointers
0x51ed8c	DAT_0052ed8c	0xb	switch::IndexTable<u8>[11]	Expat xmltok _normal_cdataSectionTok selector index; retail cmp bound proves 11 byte entries
0x51eda0	_normal_contentTok	0x3f8	code	Expat xmltok _normal_contentTok body; manually bounded by its retail COFF contribution and first embedded dispatch table
0x51f198	DAT_0052f198	0x2c	switch::JumpTable[11]	Expat xmltok _normal_contentTok relocated switch destinations; 11 contiguous retail code pointers
0x51f1c4	DAT_0052f1c4	0x14	switch::JumpTable[5]	Expat xmltok _normal_contentTok relocated switch destinations; 5 contiguous retail code pointers
0x51f1d8	DAT_0052f1d8	0xb	switch::IndexTable<u8>[11]	Expat xmltok _normal_contentTok selector index; retail cmp bound proves 11 byte entries
0x51f1f0	DAT_0052f1f0	0x2e4	code	Expat xmltok private routine 0x51f1f0 body; manually bounded by its retail COFF contribution and first embedded dispatch table
0x51f4d4	DAT_0052f4d4	0x1c	switch::JumpTable[7]	Expat xmltok private routine 0x51f1f0 relocated switch destinations; 7 contiguous retail code pointers
0x51f4f0	DAT_0052f4f0	0x19	switch::IndexTable<u8>[25]	Expat xmltok private routine 0x51f1f0 selector index; retail cmp bound proves 25 byte entries
0x51f50c	DAT_0052f50c	0x1c	switch::JumpTable[7]	Expat xmltok private routine 0x51f1f0 relocated switch destinations; 7 contiguous retail code pointers
0x51f528	DAT_0052f528	0x19	switch::IndexTable<u8>[25]	Expat xmltok private routine 0x51f1f0 selector index; retail cmp bound proves 25 byte entries
0x51f6d0	DAT_0052f6d0	0x6fc	code	Expat xmltok private routine 0x51f6d0 body; manually bounded by its retail COFF contribution and first embedded dispatch table
0x51fdcc	DAT_0052fdcc	0x24	switch::JumpTable[9]	Expat xmltok private routine 0x51f6d0 relocated switch destinations; 9 contiguous retail code pointers
0x51fdf0	DAT_0052fdf0	0x19	switch::IndexTable<u8>[25]	Expat xmltok private routine 0x51f6d0 selector index; retail cmp bound proves 25 byte entries
0x51fe0c	DAT_0052fe0c	0x28	switch::JumpTable[10]	Expat xmltok private routine 0x51f6d0 relocated switch destinations; 10 contiguous retail code pointers
0x51fe34	DAT_0052fe34	0x19	switch::IndexTable<u8>[25]	Expat xmltok private routine 0x51f6d0 selector index; retail cmp bound proves 25 byte entries
0x51fe50	DAT_0052fe50	0x18	switch::JumpTable[6]	Expat xmltok private routine 0x51f6d0 relocated switch destinations; 6 contiguous retail code pointers
0x51fe68	DAT_0052fe68	0x19	switch::IndexTable<u8>[25]	Expat xmltok private routine 0x51f6d0 selector index; retail cmp bound proves 25 byte entries
0x51fe84	DAT_0052fe84	0x24	switch::JumpTable[9]	Expat xmltok private routine 0x51f6d0 relocated switch destinations; 9 contiguous retail code pointers
0x51fea8	DAT_0052fea8	0x19	switch::IndexTable<u8>[25]	Expat xmltok private routine 0x51f6d0 selector index; retail cmp bound proves 25 byte entries
0x51fed0	DAT_0052fed0	0x1d0	code	Expat xmltok private routine 0x51fed0 body; manually bounded by its retail COFF contribution and first embedded dispatch table
0x5200a0	DAT_005300a0	0x18	switch::JumpTable[6]	Expat xmltok private routine 0x51fed0 relocated switch destinations; 6 contiguous retail code pointers
0x5200b8	DAT_005300b8	0x1c	switch::IndexTable<u8>[28]	Expat xmltok private routine 0x51fed0 selector index; retail cmp bound proves 28 byte entries
0x5200e0	DAT_005300e0	0x4c8	code	Expat xmltok private routine 0x5200e0 body; manually bounded by its retail COFF contribution and first embedded dispatch table
0x5205a8	DAT_005305a8	0x18	switch::JumpTable[6]	Expat xmltok private routine 0x5200e0 relocated switch destinations; 6 contiguous retail code pointers
0x5205c0	DAT_005305c0	0x19	switch::IndexTable<u8>[25]	Expat xmltok private routine 0x5200e0 selector index; retail cmp bound proves 25 byte entries
0x5205dc	DAT_005305dc	0x20	switch::JumpTable[8]	Expat xmltok private routine 0x5200e0 relocated switch destinations; 8 contiguous retail code pointers
0x5205fc	DAT_005305fc	0x19	switch::IndexTable<u8>[25]	Expat xmltok private routine 0x5200e0 selector index; retail cmp bound proves 25 byte entries
0x520618	DAT_00530618	0x18	switch::JumpTable[6]	Expat xmltok private routine 0x5200e0 relocated switch destinations; 6 contiguous retail code pointers
0x520630	DAT_00530630	0x10	switch::IndexTable<u8>[16]	Expat xmltok private routine 0x5200e0 selector index; retail cmp bound proves 16 byte entries
0x520790	DAT_00530790	0x354	code	Expat xmltok private routine 0x520790 body; manually bounded by its retail COFF contribution and first embedded dispatch table
0x520ae4	DAT_00530ae4	0x18	switch::JumpTable[6]	Expat xmltok private routine 0x520790 relocated switch destinations; 6 contiguous retail code pointers
0x520afc	DAT_00530afc	0x19	switch::IndexTable<u8>[25]	Expat xmltok private routine 0x520790 selector index; retail cmp bound proves 25 byte entries
0x520b18	DAT_00530b18	0x24	switch::JumpTable[9]	Expat xmltok private routine 0x520790 relocated switch destinations; 9 contiguous retail code pointers
0x520b3c	DAT_00530b3c	0x19	switch::IndexTable<u8>[25]	Expat xmltok private routine 0x520790 selector index; retail cmp bound proves 25 byte entries
0x520b58	DAT_00530b58	0xc	switch::JumpTable[3]	Expat xmltok private routine 0x520790 relocated switch destinations; 3 contiguous retail code pointers
0x520b64	DAT_00530b64	0xd	switch::IndexTable<u8>[13]	Expat xmltok private routine 0x520790 selector index; retail cmp bound proves 13 byte entries
0x520b80	DAT_00530b80	0x77c	code	Expat xmltok private routine 0x520b80 body; manually bounded by its retail COFF contribution and first embedded dispatch table
0x5212fc	DAT_005312fc	0x24	switch::JumpTable[9]	Expat xmltok private routine 0x520b80 relocated switch destinations; 9 contiguous retail code pointers
0x521320	DAT_00531320	0x19	switch::IndexTable<u8>[25]	Expat xmltok private routine 0x520b80 selector index; retail cmp bound proves 25 byte entries
0x52133c	DAT_0053133c	0x18	switch::JumpTable[6]	Expat xmltok private routine 0x520b80 relocated switch destinations; 6 contiguous retail code pointers
0x521354	DAT_00531354	0x19	switch::IndexTable<u8>[25]	Expat xmltok private routine 0x520b80 selector index; retail cmp bound proves 25 byte entries
0x521370	DAT_00531370	0x24	switch::JumpTable[9]	Expat xmltok private routine 0x520b80 relocated switch destinations; 9 contiguous retail code pointers
0x521394	DAT_00531394	0x10	switch::JumpTable[4]	Expat xmltok private routine 0x520b80 relocated switch destinations; 4 contiguous retail code pointers
0x5213a4	DAT_005313a4	0xd	switch::IndexTable<u8>[13]	Expat xmltok private routine 0x520b80 selector index; retail cmp bound proves 13 byte entries
0x5213b4	DAT_005313b4	0x24	switch::JumpTable[9]	Expat xmltok private routine 0x520b80 relocated switch destinations; 9 contiguous retail code pointers
0x5213d8	DAT_005313d8	0x19	switch::IndexTable<u8>[25]	Expat xmltok private routine 0x520b80 selector index; retail cmp bound proves 25 byte entries
0x521400	_normal_prologTok	0x904	code	Expat xmltok _normal_prologTok body; manually bounded by its retail COFF contribution and first embedded dispatch table
0x521d04	DAT_00531d04	0x54	switch::JumpTable[21]	Expat xmltok _normal_prologTok relocated switch destinations; 21 contiguous retail code pointers
0x521d58	DAT_00531d58	0x23	switch::IndexTable<u8>[35]	Expat xmltok _normal_prologTok selector index; retail cmp bound proves 35 byte entries
0x521d7c	DAT_00531d7c	0x10	switch::JumpTable[4]	Expat xmltok _normal_prologTok relocated switch destinations; 4 contiguous retail code pointers
0x521d8c	DAT_00531d8c	0x19	switch::IndexTable<u8>[25]	Expat xmltok _normal_prologTok selector index; retail cmp bound proves 25 byte entries
0x521da8	DAT_00531da8	0x14	switch::JumpTable[5]	Expat xmltok _normal_prologTok relocated switch destinations; 5 contiguous retail code pointers
0x521dbc	DAT_00531dbc	0x1c	switch::IndexTable<u8>[28]	Expat xmltok _normal_prologTok selector index; retail cmp bound proves 28 byte entries
0x521dd8	DAT_00531dd8	0x2c	switch::JumpTable[11]	Expat xmltok _normal_prologTok relocated switch destinations; 11 contiguous retail code pointers
0x521e04	DAT_00531e04	0x20	switch::IndexTable<u8>[32]	Expat xmltok _normal_prologTok selector index; retail cmp bound proves 32 byte entries
0x521e24	DAT_00531e24	0x18	switch::JumpTable[6]	Expat xmltok _normal_prologTok relocated switch destinations; 6 contiguous retail code pointers
0x521e3c	DAT_00531e3c	0x19	switch::IndexTable<u8>[25]	Expat xmltok _normal_prologTok selector index; retail cmp bound proves 25 byte entries
0x521e60	DAT_00531e60	0x14c	code	Expat xmltok private routine 0x521e60 body; manually bounded by its retail COFF contribution and first embedded dispatch table
0x521fac	DAT_00531fac	0x20	switch::JumpTable[8]	Expat xmltok private routine 0x521e60 relocated switch destinations; 8 contiguous retail code pointers
0x521fcc	DAT_00531fcc	0x10	switch::JumpTable[4]	Expat xmltok private routine 0x521e60 relocated switch destinations; 4 contiguous retail code pointers
0x521fdc	DAT_00531fdc	0x16	switch::IndexTable<u8>[22]	Expat xmltok private routine 0x521e60 selector index; retail cmp bound proves 22 byte entries
0x521ff4	DAT_00531ff4	0x8	switch::JumpTable[2]	Expat xmltok private routine 0x521e60 relocated switch destinations; 2 contiguous retail code pointers
0x521ffc	DAT_00531ffc	0x16	switch::IndexTable<u8>[22]	Expat xmltok private routine 0x521e60 selector index; retail cmp bound proves 22 byte entries
0x522020	DAT_00532020	0x2d8	code	Expat xmltok private routine 0x522020 body; manually bounded by its retail COFF contribution and first embedded dispatch table
0x5222f8	DAT_005322f8	0x1c	switch::JumpTable[7]	Expat xmltok private routine 0x522020 relocated switch destinations; 7 contiguous retail code pointers
0x522314	DAT_00532314	0x1a	switch::IndexTable<u8>[26]	Expat xmltok private routine 0x522020 selector index; retail cmp bound proves 26 byte entries
0x522330	DAT_00532330	0x1c	switch::JumpTable[7]	Expat xmltok private routine 0x522020 relocated switch destinations; 7 contiguous retail code pointers
0x52234c	DAT_0053234c	0x19	switch::IndexTable<u8>[25]	Expat xmltok private routine 0x522020 selector index; retail cmp bound proves 25 byte entries
0x522370	DAT_00532370	0x2c4	code	Expat xmltok private routine 0x522370 body; manually bounded by its retail COFF contribution and first embedded dispatch table
0x522634	DAT_00532634	0x18	switch::JumpTable[6]	Expat xmltok private routine 0x522370 relocated switch destinations; 6 contiguous retail code pointers
0x52264c	DAT_0053264c	0x19	switch::IndexTable<u8>[25]	Expat xmltok private routine 0x522370 selector index; retail cmp bound proves 25 byte entries
0x522668	DAT_00532668	0x1c	switch::JumpTable[7]	Expat xmltok private routine 0x522370 relocated switch destinations; 7 contiguous retail code pointers
0x522684	DAT_00532684	0x20	switch::IndexTable<u8>[32]	Expat xmltok private routine 0x522370 selector index; retail cmp bound proves 32 byte entries
0x5226b0	DAT_005326b0	0x1ac	code	Expat xmltok private routine 0x5226b0 body; manually bounded by its retail COFF contribution and first embedded dispatch table
0x52285c	DAT_0053285c	0x18	switch::JumpTable[6]	Expat xmltok private routine 0x5226b0 relocated switch destinations; 6 contiguous retail code pointers
0x522874	DAT_00532874	0xe	switch::IndexTable<u8>[14]	Expat xmltok private routine 0x5226b0 selector index; retail cmp bound proves 14 byte entries
0x522884	DAT_00532884	0x8	switch::JumpTable[2]	Expat xmltok private routine 0x5226b0 relocated switch destinations; 2 contiguous retail code pointers
0x52288c	DAT_0053288c	0x16	switch::IndexTable<u8>[22]	Expat xmltok private routine 0x5226b0 selector index; retail cmp bound proves 22 byte entries
0x5228b0	_normal_attributeValueTok	0x1a4	code	Expat xmltok _normal_attributeValueTok body; manually bounded by its retail COFF contribution and first embedded dispatch table
0x522a54	DAT_00532a54	0x24	switch::JumpTable[9]	Expat xmltok _normal_attributeValueTok relocated switch destinations; 9 contiguous retail code pointers
0x522a78	DAT_00532a78	0x14	switch::IndexTable<u8>[20]	Expat xmltok _normal_attributeValueTok selector index; retail cmp bound proves 20 byte entries
0x522a90	_normal_entityValueTok	0x1b4	code	Expat xmltok _normal_entityValueTok body; manually bounded by its retail COFF contribution and first embedded dispatch table
0x522c44	DAT_00532c44	0x20	switch::JumpTable[8]	Expat xmltok _normal_entityValueTok relocated switch destinations; 8 contiguous retail code pointers
0x522c64	DAT_00532c64	0x1c	switch::IndexTable<u8>[28]	Expat xmltok _normal_entityValueTok selector index; retail cmp bound proves 28 byte entries
0x522c80	_normal_ignoreSectionTok	0x234	code	Expat xmltok _normal_ignoreSectionTok body; manually bounded by its retail COFF contribution and first embedded dispatch table
0x522eb4	DAT_00532eb4	0x24	switch::JumpTable[9]	Expat xmltok _normal_ignoreSectionTok relocated switch destinations; 9 contiguous retail code pointers
0x522ee0	_normal_isPublicId	0xbc	code	Expat xmltok _normal_isPublicId body; manually bounded by its retail COFF contribution and first embedded dispatch table
0x522f9c	DAT_00532f9c	0x10	switch::JumpTable[4]	Expat xmltok _normal_isPublicId relocated switch destinations; 4 contiguous retail code pointers
0x522fac	DAT_00532fac	0x1b	switch::IndexTable<u8>[27]	Expat xmltok _normal_isPublicId selector index; retail cmp bound proves 27 byte entries
0x522fd0	_normal_getAtts	0x2fc	code	Expat xmltok _normal_getAtts body; manually bounded by its retail COFF contribution and first embedded dispatch table
0x5232cc	DAT_005332cc	0x2c	switch::JumpTable[11]	Expat xmltok _normal_getAtts relocated switch destinations; 11 contiguous retail code pointers
0x5232f8	DAT_005332f8	0x1b	switch::IndexTable<u8>[27]	Expat xmltok _normal_getAtts selector index; retail cmp bound proves 27 byte entries
0x523320	_normal_charRefNumber	0x128	code	Expat xmltok _normal_charRefNumber body; manually bounded by its retail COFF contribution and first embedded dispatch table
0x523448	DAT_00533448	0x10	switch::JumpTable[4]	Expat xmltok _normal_charRefNumber relocated switch destinations; 4 contiguous retail code pointers
0x523458	DAT_00533458	0x37	switch::IndexTable<u8>[55]	Expat xmltok _normal_charRefNumber selector index; retail cmp bound proves 55 byte entries
0x523490	_normal_predefinedEntityName	0x14e	code	Expat xmltok _normal_predefinedEntityName body; manually bounded by its retail COFF contribution
0x5235e0	_normal_sameName	0x1fc	code	Expat xmltok _normal_sameName body; manually bounded by its retail COFF contribution and first embedded dispatch table
0x5237dc	DAT_005337dc	0x14	switch::JumpTable[5]	Expat xmltok _normal_sameName relocated switch destinations; 5 contiguous retail code pointers
0x5237f0	DAT_005337f0	0x19	switch::IndexTable<u8>[25]	Expat xmltok _normal_sameName selector index; retail cmp bound proves 25 byte entries
0x52380c	DAT_0053380c	0x8	switch::JumpTable[2]	Expat xmltok _normal_sameName relocated switch destinations; 2 contiguous retail code pointers
0x523814	DAT_00533814	0x19	switch::IndexTable<u8>[25]	Expat xmltok _normal_sameName selector index; retail cmp bound proves 25 byte entries
0x523830	_normal_nameMatchesAscii	0x52	code	Expat xmltok _normal_nameMatchesAscii body; manually bounded by its retail COFF contribution
0x523890	_normal_nameLength	0x78	code	Expat xmltok _normal_nameLength body; manually bounded by its retail COFF contribution and first embedded dispatch table
0x523908	DAT_00533908	0x14	switch::JumpTable[5]	Expat xmltok _normal_nameLength relocated switch destinations; 5 contiguous retail code pointers
0x52391c	DAT_0053391c	0x19	switch::IndexTable<u8>[25]	Expat xmltok _normal_nameLength selector index; retail cmp bound proves 25 byte entries
0x523940	_normal_skipS	0x3e	code	Expat xmltok _normal_skipS body; manually bounded by its retail COFF contribution
0x523980	_normal_updatePosition	0xec	code	Expat xmltok _normal_updatePosition body; manually bounded by its retail COFF contribution and first embedded dispatch table
0x523a6c	DAT_00533a6c	0x18	switch::JumpTable[6]	Expat xmltok _normal_updatePosition relocated switch destinations; 6 contiguous retail code pointers
0x523a90	_utf8_toUtf8	0xa4	code	Expat xmltok _utf8_toUtf8 body; manually bounded by its retail COFF contribution
0x523b40	_utf8_toUtf16	0x197	code	Expat xmltok _utf8_toUtf16 body; manually bounded by its retail COFF contribution
0x523ce0	_latin1_toUtf8	0xc9	code	Expat xmltok _latin1_toUtf8 body; manually bounded by its retail COFF contribution
0x523db0	_latin1_toUtf16	0x46	code	Expat xmltok _latin1_toUtf16 body; manually bounded by its retail COFF contribution
0x523e00	_ascii_toUtf8	0x43	code	Expat xmltok _ascii_toUtf8 body; manually bounded by its retail COFF contribution
0x523e50	_little2_toUtf8	0x298	code	Expat xmltok _little2_toUtf8 body; manually bounded by its retail COFF contribution and first embedded dispatch table
0x5240e8	DAT_005340e8	0x10	switch::JumpTable[4]	Expat xmltok _little2_toUtf8 relocated switch destinations; 4 contiguous retail code pointers
0x5240f8	DAT_005340f8	0xdc	switch::IndexTable<u8>[220]	Expat xmltok _little2_toUtf8 selector index; retail cmp bound proves 220 byte entries
0x5241e0	_little2_toUtf16	0x8b	code	Expat xmltok _little2_toUtf16 body; manually bounded by its retail COFF contribution
0x524270	_big2_toUtf8	0x298	code	Expat xmltok _big2_toUtf8 body; manually bounded by its retail COFF contribution and first embedded dispatch table
0x524508	DAT_00534508	0x10	switch::JumpTable[4]	Expat xmltok _big2_toUtf8 relocated switch destinations; 4 contiguous retail code pointers
0x524518	DAT_00534518	0xdc	switch::IndexTable<u8>[220]	Expat xmltok _big2_toUtf8 selector index; retail cmp bound proves 220 byte entries
0x524600	_big2_toUtf16	0x8b	code	Expat xmltok _big2_toUtf16 body; manually bounded by its retail COFF contribution
0x524690	_little2_cdataSectionTok	0x370	code	Expat xmltok _little2_cdataSectionTok body; manually bounded by its retail COFF contribution and first embedded dispatch table
0x524a00	DAT_00534a00	0x2c	switch::JumpTable[11]	Expat xmltok _little2_cdataSectionTok relocated switch destinations; 11 contiguous retail code pointers
0x524a2c	DAT_00534a2c	0x14	switch::JumpTable[5]	Expat xmltok _little2_cdataSectionTok relocated switch destinations; 5 contiguous retail code pointers
0x524a40	DAT_00534a40	0xb	switch::IndexTable<u8>[11]	Expat xmltok _little2_cdataSectionTok selector index; retail cmp bound proves 11 byte entries
0x524a50	_unicode_byte_type	0x60	code	Expat xmltok _unicode_byte_type body; manually bounded by its retail COFF contribution and first embedded dispatch table
0x524ab0	DAT_00534ab0	0x10	switch::JumpTable[4]	Expat xmltok _unicode_byte_type relocated switch destinations; 4 contiguous retail code pointers
0x524ac0	DAT_00534ac0	0x28	switch::IndexTable<u8>[40]	Expat xmltok _unicode_byte_type selector index; retail cmp bound proves 40 byte entries
0x524af0	_little2_contentTok	0x428	code	Expat xmltok _little2_contentTok body; manually bounded by its retail COFF contribution and first embedded dispatch table
0x524f18	DAT_00534f18	0x2c	switch::JumpTable[11]	Expat xmltok _little2_contentTok relocated switch destinations; 11 contiguous retail code pointers
0x524f44	DAT_00534f44	0x14	switch::JumpTable[5]	Expat xmltok _little2_contentTok relocated switch destinations; 5 contiguous retail code pointers
0x524f58	DAT_00534f58	0xb	switch::IndexTable<u8>[11]	Expat xmltok _little2_contentTok selector index; retail cmp bound proves 11 byte entries
0x524f70	DAT_00534f70	0x32c	code	Expat xmltok private routine 0x524f70 body; manually bounded by its retail COFF contribution and first embedded dispatch table
0x52529c	DAT_0053529c	0x1c	switch::JumpTable[7]	Expat xmltok private routine 0x524f70 relocated switch destinations; 7 contiguous retail code pointers
0x5252b8	DAT_005352b8	0x19	switch::IndexTable<u8>[25]	Expat xmltok private routine 0x524f70 selector index; retail cmp bound proves 25 byte entries
0x5252d4	DAT_005352d4	0x1c	switch::JumpTable[7]	Expat xmltok private routine 0x524f70 relocated switch destinations; 7 contiguous retail code pointers
0x5252f0	DAT_005352f0	0x19	switch::IndexTable<u8>[25]	Expat xmltok private routine 0x524f70 selector index; retail cmp bound proves 25 byte entries
0x525550	DAT_00535550	0x7c0	code	Expat xmltok private routine 0x525550 body; manually bounded by its retail COFF contribution and first embedded dispatch table
0x525d10	DAT_00535d10	0x24	switch::JumpTable[9]	Expat xmltok private routine 0x525550 relocated switch destinations; 9 contiguous retail code pointers
0x525d34	DAT_00535d34	0x19	switch::IndexTable<u8>[25]	Expat xmltok private routine 0x525550 selector index; retail cmp bound proves 25 byte entries
0x525d50	DAT_00535d50	0x28	switch::JumpTable[10]	Expat xmltok private routine 0x525550 relocated switch destinations; 10 contiguous retail code pointers
0x525d78	DAT_00535d78	0x19	switch::IndexTable<u8>[25]	Expat xmltok private routine 0x525550 selector index; retail cmp bound proves 25 byte entries
0x525d94	DAT_00535d94	0x18	switch::JumpTable[6]	Expat xmltok private routine 0x525550 relocated switch destinations; 6 contiguous retail code pointers
0x525dac	DAT_00535dac	0x19	switch::IndexTable<u8>[25]	Expat xmltok private routine 0x525550 selector index; retail cmp bound proves 25 byte entries
0x525dc8	DAT_00535dc8	0x24	switch::JumpTable[9]	Expat xmltok private routine 0x525550 relocated switch destinations; 9 contiguous retail code pointers
0x525dec	DAT_00535dec	0x19	switch::IndexTable<u8>[25]	Expat xmltok private routine 0x525550 selector index; retail cmp bound proves 25 byte entries
0x525e10	DAT_00535e10	0x1e4	code	Expat xmltok private routine 0x525e10 body; manually bounded by its retail COFF contribution and first embedded dispatch table
0x525ff4	DAT_00535ff4	0x18	switch::JumpTable[6]	Expat xmltok private routine 0x525e10 relocated switch destinations; 6 contiguous retail code pointers
0x52600c	DAT_0053600c	0x1c	switch::IndexTable<u8>[28]	Expat xmltok private routine 0x525e10 selector index; retail cmp bound proves 28 byte entries
0x526030	DAT_00536030	0x510	code	Expat xmltok private routine 0x526030 body; manually bounded by its retail COFF contribution and first embedded dispatch table
0x526540	DAT_00536540	0x18	switch::JumpTable[6]	Expat xmltok private routine 0x526030 relocated switch destinations; 6 contiguous retail code pointers
0x526558	DAT_00536558	0x19	switch::IndexTable<u8>[25]	Expat xmltok private routine 0x526030 selector index; retail cmp bound proves 25 byte entries
0x526574	DAT_00536574	0x20	switch::JumpTable[8]	Expat xmltok private routine 0x526030 relocated switch destinations; 8 contiguous retail code pointers
0x526594	DAT_00536594	0x19	switch::IndexTable<u8>[25]	Expat xmltok private routine 0x526030 selector index; retail cmp bound proves 25 byte entries
0x5265b0	DAT_005365b0	0x18	switch::JumpTable[6]	Expat xmltok private routine 0x526030 relocated switch destinations; 6 contiguous retail code pointers
0x5265c8	DAT_005365c8	0x10	switch::IndexTable<u8>[16]	Expat xmltok private routine 0x526030 selector index; retail cmp bound proves 16 byte entries
0x526790	DAT_00536790	0x3cc	code	Expat xmltok private routine 0x526790 body; manually bounded by its retail COFF contribution and first embedded dispatch table
0x526b5c	DAT_00536b5c	0x18	switch::JumpTable[6]	Expat xmltok private routine 0x526790 relocated switch destinations; 6 contiguous retail code pointers
0x526b74	DAT_00536b74	0x19	switch::IndexTable<u8>[25]	Expat xmltok private routine 0x526790 selector index; retail cmp bound proves 25 byte entries
0x526b90	DAT_00536b90	0x24	switch::JumpTable[9]	Expat xmltok private routine 0x526790 relocated switch destinations; 9 contiguous retail code pointers
0x526bb4	DAT_00536bb4	0x19	switch::IndexTable<u8>[25]	Expat xmltok private routine 0x526790 selector index; retail cmp bound proves 25 byte entries
0x526bd0	DAT_00536bd0	0xc	switch::JumpTable[3]	Expat xmltok private routine 0x526790 relocated switch destinations; 3 contiguous retail code pointers
0x526bdc	DAT_00536bdc	0xd	switch::IndexTable<u8>[13]	Expat xmltok private routine 0x526790 selector index; retail cmp bound proves 13 byte entries
0x526bf0	DAT_00536bf0	0x868	code	Expat xmltok private routine 0x526bf0 body; manually bounded by its retail COFF contribution and first embedded dispatch table
0x527458	DAT_00537458	0x24	switch::JumpTable[9]	Expat xmltok private routine 0x526bf0 relocated switch destinations; 9 contiguous retail code pointers
0x52747c	DAT_0053747c	0x19	switch::IndexTable<u8>[25]	Expat xmltok private routine 0x526bf0 selector index; retail cmp bound proves 25 byte entries
0x527498	DAT_00537498	0x18	switch::JumpTable[6]	Expat xmltok private routine 0x526bf0 relocated switch destinations; 6 contiguous retail code pointers
0x5274b0	DAT_005374b0	0x19	switch::IndexTable<u8>[25]	Expat xmltok private routine 0x526bf0 selector index; retail cmp bound proves 25 byte entries
0x5274cc	DAT_005374cc	0x24	switch::JumpTable[9]	Expat xmltok private routine 0x526bf0 relocated switch destinations; 9 contiguous retail code pointers
0x5274f0	DAT_005374f0	0x10	switch::JumpTable[4]	Expat xmltok private routine 0x526bf0 relocated switch destinations; 4 contiguous retail code pointers
0x527500	DAT_00537500	0xd	switch::IndexTable<u8>[13]	Expat xmltok private routine 0x526bf0 selector index; retail cmp bound proves 13 byte entries
0x527510	DAT_00537510	0x24	switch::JumpTable[9]	Expat xmltok private routine 0x526bf0 relocated switch destinations; 9 contiguous retail code pointers
0x527534	DAT_00537534	0x19	switch::IndexTable<u8>[25]	Expat xmltok private routine 0x526bf0 selector index; retail cmp bound proves 25 byte entries
0x527550	_little2_prologTok	0xa00	code	Expat xmltok _little2_prologTok body; manually bounded by its retail COFF contribution and first embedded dispatch table
0x527f50	DAT_00537f50	0x54	switch::JumpTable[21]	Expat xmltok _little2_prologTok relocated switch destinations; 21 contiguous retail code pointers
0x527fa4	DAT_00537fa4	0x23	switch::IndexTable<u8>[35]	Expat xmltok _little2_prologTok selector index; retail cmp bound proves 35 byte entries
0x527fc8	DAT_00537fc8	0x10	switch::JumpTable[4]	Expat xmltok _little2_prologTok relocated switch destinations; 4 contiguous retail code pointers
0x527fd8	DAT_00537fd8	0x19	switch::IndexTable<u8>[25]	Expat xmltok _little2_prologTok selector index; retail cmp bound proves 25 byte entries
0x527ff4	DAT_00537ff4	0x14	switch::JumpTable[5]	Expat xmltok _little2_prologTok relocated switch destinations; 5 contiguous retail code pointers
0x528008	DAT_00538008	0x1c	switch::IndexTable<u8>[28]	Expat xmltok _little2_prologTok selector index; retail cmp bound proves 28 byte entries
0x528024	DAT_00538024	0x2c	switch::JumpTable[11]	Expat xmltok _little2_prologTok relocated switch destinations; 11 contiguous retail code pointers
0x528050	DAT_00538050	0x20	switch::IndexTable<u8>[32]	Expat xmltok _little2_prologTok selector index; retail cmp bound proves 32 byte entries
0x528070	DAT_00538070	0x18	switch::JumpTable[6]	Expat xmltok _little2_prologTok relocated switch destinations; 6 contiguous retail code pointers
0x528088	DAT_00538088	0x19	switch::IndexTable<u8>[25]	Expat xmltok _little2_prologTok selector index; retail cmp bound proves 25 byte entries
0x5280b0	DAT_005380b0	0x1dc	code	Expat xmltok private routine 0x5280b0 body; manually bounded by its retail COFF contribution and first embedded dispatch table
0x52828c	DAT_0053828c	0x20	switch::JumpTable[8]	Expat xmltok private routine 0x5280b0 relocated switch destinations; 8 contiguous retail code pointers
0x5282ac	DAT_005382ac	0x10	switch::JumpTable[4]	Expat xmltok private routine 0x5280b0 relocated switch destinations; 4 contiguous retail code pointers
0x5282bc	DAT_005382bc	0x16	switch::IndexTable<u8>[22]	Expat xmltok private routine 0x5280b0 selector index; retail cmp bound proves 22 byte entries
0x5282d4	DAT_005382d4	0x8	switch::JumpTable[2]	Expat xmltok private routine 0x5280b0 relocated switch destinations; 2 contiguous retail code pointers
0x5282dc	DAT_005382dc	0x16	switch::IndexTable<u8>[22]	Expat xmltok private routine 0x5280b0 selector index; retail cmp bound proves 22 byte entries
0x528300	DAT_00538300	0x31c	code	Expat xmltok private routine 0x528300 body; manually bounded by its retail COFF contribution and first embedded dispatch table
0x52861c	DAT_0053861c	0x1c	switch::JumpTable[7]	Expat xmltok private routine 0x528300 relocated switch destinations; 7 contiguous retail code pointers
0x528638	DAT_00538638	0x1a	switch::IndexTable<u8>[26]	Expat xmltok private routine 0x528300 selector index; retail cmp bound proves 26 byte entries
0x528654	DAT_00538654	0x1c	switch::JumpTable[7]	Expat xmltok private routine 0x528300 relocated switch destinations; 7 contiguous retail code pointers
0x528670	DAT_00538670	0x19	switch::IndexTable<u8>[25]	Expat xmltok private routine 0x528300 selector index; retail cmp bound proves 25 byte entries
0x528690	DAT_00538690	0x304	code	Expat xmltok private routine 0x528690 body; manually bounded by its retail COFF contribution and first embedded dispatch table
0x528994	DAT_00538994	0x18	switch::JumpTable[6]	Expat xmltok private routine 0x528690 relocated switch destinations; 6 contiguous retail code pointers
0x5289ac	DAT_005389ac	0x19	switch::IndexTable<u8>[25]	Expat xmltok private routine 0x528690 selector index; retail cmp bound proves 25 byte entries
0x5289c8	DAT_005389c8	0x1c	switch::JumpTable[7]	Expat xmltok private routine 0x528690 relocated switch destinations; 7 contiguous retail code pointers
0x5289e4	DAT_005389e4	0x20	switch::IndexTable<u8>[32]	Expat xmltok private routine 0x528690 selector index; retail cmp bound proves 32 byte entries
0x528a10	DAT_00538a10	0x1d0	code	Expat xmltok private routine 0x528a10 body; manually bounded by its retail COFF contribution and first embedded dispatch table
0x528be0	DAT_00538be0	0x18	switch::JumpTable[6]	Expat xmltok private routine 0x528a10 relocated switch destinations; 6 contiguous retail code pointers
0x528bf8	DAT_00538bf8	0xe	switch::IndexTable<u8>[14]	Expat xmltok private routine 0x528a10 selector index; retail cmp bound proves 14 byte entries
0x528c08	DAT_00538c08	0x8	switch::JumpTable[2]	Expat xmltok private routine 0x528a10 relocated switch destinations; 2 contiguous retail code pointers
0x528c10	DAT_00538c10	0x16	switch::IndexTable<u8>[22]	Expat xmltok private routine 0x528a10 selector index; retail cmp bound proves 22 byte entries
0x528c30	_little2_attributeValueTok	0x200	code	Expat xmltok _little2_attributeValueTok body; manually bounded by its retail COFF contribution and first embedded dispatch table
0x528e30	DAT_00538e30	0x24	switch::JumpTable[9]	Expat xmltok _little2_attributeValueTok relocated switch destinations; 9 contiguous retail code pointers
0x528e54	DAT_00538e54	0x14	switch::IndexTable<u8>[20]	Expat xmltok _little2_attributeValueTok selector index; retail cmp bound proves 20 byte entries
0x528e70	_little2_entityValueTok	0x210	code	Expat xmltok _little2_entityValueTok body; manually bounded by its retail COFF contribution and first embedded dispatch table
0x529080	DAT_00539080	0x20	switch::JumpTable[8]	Expat xmltok _little2_entityValueTok relocated switch destinations; 8 contiguous retail code pointers
0x5290a0	DAT_005390a0	0x1c	switch::IndexTable<u8>[28]	Expat xmltok _little2_entityValueTok selector index; retail cmp bound proves 28 byte entries
0x5290c0	_little2_ignoreSectionTok	0x254	code	Expat xmltok _little2_ignoreSectionTok body; manually bounded by its retail COFF contribution and first embedded dispatch table
0x529314	DAT_00539314	0x24	switch::JumpTable[9]	Expat xmltok _little2_ignoreSectionTok relocated switch destinations; 9 contiguous retail code pointers
0x529340	_little2_isPublicId	0x12c	code	Expat xmltok _little2_isPublicId body; manually bounded by its retail COFF contribution and first embedded dispatch table
0x52946c	DAT_0053946c	0x10	switch::JumpTable[4]	Expat xmltok _little2_isPublicId relocated switch destinations; 4 contiguous retail code pointers
0x52947c	DAT_0053947c	0x1b	switch::IndexTable<u8>[27]	Expat xmltok _little2_isPublicId selector index; retail cmp bound proves 27 byte entries
0x5294a0	_little2_getAtts	0x398	code	Expat xmltok _little2_getAtts body; manually bounded by its retail COFF contribution and first embedded dispatch table
0x529838	DAT_00539838	0x2c	switch::JumpTable[11]	Expat xmltok _little2_getAtts relocated switch destinations; 11 contiguous retail code pointers
0x529864	DAT_00539864	0x1b	switch::IndexTable<u8>[27]	Expat xmltok _little2_getAtts selector index; retail cmp bound proves 27 byte entries
0x529880	_little2_charRefNumber	0x180	code	Expat xmltok _little2_charRefNumber body; manually bounded by its retail COFF contribution and first embedded dispatch table
0x529a00	DAT_00539a00	0x10	switch::JumpTable[4]	Expat xmltok _little2_charRefNumber relocated switch destinations; 4 contiguous retail code pointers
0x529a10	DAT_00539a10	0x37	switch::IndexTable<u8>[55]	Expat xmltok _little2_charRefNumber selector index; retail cmp bound proves 55 byte entries
0x529a50	_little2_predefinedEntityName	0x1f7	code	Expat xmltok _little2_predefinedEntityName body; manually bounded by its retail COFF contribution
0x529c50	_little2_sameName	0x248	code	Expat xmltok _little2_sameName body; manually bounded by its retail COFF contribution and first embedded dispatch table
0x529e98	DAT_00539e98	0x14	switch::JumpTable[5]	Expat xmltok _little2_sameName relocated switch destinations; 5 contiguous retail code pointers
0x529eac	DAT_00539eac	0x19	switch::IndexTable<u8>[25]	Expat xmltok _little2_sameName selector index; retail cmp bound proves 25 byte entries
0x529ec8	DAT_00539ec8	0x8	switch::JumpTable[2]	Expat xmltok _little2_sameName relocated switch destinations; 2 contiguous retail code pointers
0x529ed0	DAT_00539ed0	0x19	switch::IndexTable<u8>[25]	Expat xmltok _little2_sameName selector index; retail cmp bound proves 25 byte entries
0x529ef0	_little2_nameMatchesAscii	0x5b	code	Expat xmltok _little2_nameMatchesAscii body; manually bounded by its retail COFF contribution
0x529f50	_little2_nameLength	0xa8	code	Expat xmltok _little2_nameLength body; manually bounded by its retail COFF contribution and first embedded dispatch table
0x529ff8	DAT_00539ff8	0x14	switch::JumpTable[5]	Expat xmltok _little2_nameLength relocated switch destinations; 5 contiguous retail code pointers
0x52a00c	DAT_0053a00c	0x19	switch::IndexTable<u8>[25]	Expat xmltok _little2_nameLength selector index; retail cmp bound proves 25 byte entries
0x52a030	_little2_skipS	0x6e	code	Expat xmltok _little2_skipS body; manually bounded by its retail COFF contribution
0x52a0a0	_little2_updatePosition	0x14c	code	Expat xmltok _little2_updatePosition body; manually bounded by its retail COFF contribution and first embedded dispatch table
0x52a1ec	DAT_0053a1ec	0x18	switch::JumpTable[6]	Expat xmltok _little2_updatePosition relocated switch destinations; 6 contiguous retail code pointers
0x52a210	_big2_cdataSectionTok	0x370	code	Expat xmltok _big2_cdataSectionTok body; manually bounded by its retail COFF contribution and first embedded dispatch table
0x52a580	DAT_0053a580	0x2c	switch::JumpTable[11]	Expat xmltok _big2_cdataSectionTok relocated switch destinations; 11 contiguous retail code pointers
0x52a5ac	DAT_0053a5ac	0x14	switch::JumpTable[5]	Expat xmltok _big2_cdataSectionTok relocated switch destinations; 5 contiguous retail code pointers
0x52a5c0	DAT_0053a5c0	0xb	switch::IndexTable<u8>[11]	Expat xmltok _big2_cdataSectionTok selector index; retail cmp bound proves 11 byte entries
0x52a5d0	_big2_contentTok	0x428	code	Expat xmltok _big2_contentTok body; manually bounded by its retail COFF contribution and first embedded dispatch table
0x52a9f8	DAT_0053a9f8	0x2c	switch::JumpTable[11]	Expat xmltok _big2_contentTok relocated switch destinations; 11 contiguous retail code pointers
0x52aa24	DAT_0053aa24	0x14	switch::JumpTable[5]	Expat xmltok _big2_contentTok relocated switch destinations; 5 contiguous retail code pointers
0x52aa38	DAT_0053aa38	0xb	switch::IndexTable<u8>[11]	Expat xmltok _big2_contentTok selector index; retail cmp bound proves 11 byte entries
0x52aa50	DAT_0053aa50	0x32c	code	Expat xmltok private routine 0x52aa50 body; manually bounded by its retail COFF contribution and first embedded dispatch table
0x52ad7c	DAT_0053ad7c	0x1c	switch::JumpTable[7]	Expat xmltok private routine 0x52aa50 relocated switch destinations; 7 contiguous retail code pointers
0x52ad98	DAT_0053ad98	0x19	switch::IndexTable<u8>[25]	Expat xmltok private routine 0x52aa50 selector index; retail cmp bound proves 25 byte entries
0x52adb4	DAT_0053adb4	0x1c	switch::JumpTable[7]	Expat xmltok private routine 0x52aa50 relocated switch destinations; 7 contiguous retail code pointers
0x52add0	DAT_0053add0	0x19	switch::IndexTable<u8>[25]	Expat xmltok private routine 0x52aa50 selector index; retail cmp bound proves 25 byte entries
0x52b030	DAT_0053b030	0x7c4	code	Expat xmltok private routine 0x52b030 body; manually bounded by its retail COFF contribution and first embedded dispatch table
0x52b7f4	DAT_0053b7f4	0x24	switch::JumpTable[9]	Expat xmltok private routine 0x52b030 relocated switch destinations; 9 contiguous retail code pointers
0x52b818	DAT_0053b818	0x19	switch::IndexTable<u8>[25]	Expat xmltok private routine 0x52b030 selector index; retail cmp bound proves 25 byte entries
0x52b834	DAT_0053b834	0x28	switch::JumpTable[10]	Expat xmltok private routine 0x52b030 relocated switch destinations; 10 contiguous retail code pointers
0x52b85c	DAT_0053b85c	0x19	switch::IndexTable<u8>[25]	Expat xmltok private routine 0x52b030 selector index; retail cmp bound proves 25 byte entries
0x52b878	DAT_0053b878	0x18	switch::JumpTable[6]	Expat xmltok private routine 0x52b030 relocated switch destinations; 6 contiguous retail code pointers
0x52b890	DAT_0053b890	0x19	switch::IndexTable<u8>[25]	Expat xmltok private routine 0x52b030 selector index; retail cmp bound proves 25 byte entries
0x52b8ac	DAT_0053b8ac	0x24	switch::JumpTable[9]	Expat xmltok private routine 0x52b030 relocated switch destinations; 9 contiguous retail code pointers
0x52b8d0	DAT_0053b8d0	0x19	switch::IndexTable<u8>[25]	Expat xmltok private routine 0x52b030 selector index; retail cmp bound proves 25 byte entries
0x52b8f0	DAT_0053b8f0	0x1e4	code	Expat xmltok private routine 0x52b8f0 body; manually bounded by its retail COFF contribution and first embedded dispatch table
0x52bad4	DAT_0053bad4	0x18	switch::JumpTable[6]	Expat xmltok private routine 0x52b8f0 relocated switch destinations; 6 contiguous retail code pointers
0x52baec	DAT_0053baec	0x1c	switch::IndexTable<u8>[28]	Expat xmltok private routine 0x52b8f0 selector index; retail cmp bound proves 28 byte entries
0x52bb10	DAT_0053bb10	0x510	code	Expat xmltok private routine 0x52bb10 body; manually bounded by its retail COFF contribution and first embedded dispatch table
0x52c020	DAT_0053c020	0x18	switch::JumpTable[6]	Expat xmltok private routine 0x52bb10 relocated switch destinations; 6 contiguous retail code pointers
0x52c038	DAT_0053c038	0x19	switch::IndexTable<u8>[25]	Expat xmltok private routine 0x52bb10 selector index; retail cmp bound proves 25 byte entries
0x52c054	DAT_0053c054	0x20	switch::JumpTable[8]	Expat xmltok private routine 0x52bb10 relocated switch destinations; 8 contiguous retail code pointers
0x52c074	DAT_0053c074	0x19	switch::IndexTable<u8>[25]	Expat xmltok private routine 0x52bb10 selector index; retail cmp bound proves 25 byte entries
0x52c090	DAT_0053c090	0x18	switch::JumpTable[6]	Expat xmltok private routine 0x52bb10 relocated switch destinations; 6 contiguous retail code pointers
0x52c0a8	DAT_0053c0a8	0x10	switch::IndexTable<u8>[16]	Expat xmltok private routine 0x52bb10 selector index; retail cmp bound proves 16 byte entries
0x52c270	DAT_0053c270	0x3d0	code	Expat xmltok private routine 0x52c270 body; manually bounded by its retail COFF contribution and first embedded dispatch table
0x52c640	DAT_0053c640	0x18	switch::JumpTable[6]	Expat xmltok private routine 0x52c270 relocated switch destinations; 6 contiguous retail code pointers
0x52c658	DAT_0053c658	0x19	switch::IndexTable<u8>[25]	Expat xmltok private routine 0x52c270 selector index; retail cmp bound proves 25 byte entries
0x52c674	DAT_0053c674	0x24	switch::JumpTable[9]	Expat xmltok private routine 0x52c270 relocated switch destinations; 9 contiguous retail code pointers
0x52c698	DAT_0053c698	0x19	switch::IndexTable<u8>[25]	Expat xmltok private routine 0x52c270 selector index; retail cmp bound proves 25 byte entries
0x52c6b4	DAT_0053c6b4	0xc	switch::JumpTable[3]	Expat xmltok private routine 0x52c270 relocated switch destinations; 3 contiguous retail code pointers
0x52c6c0	DAT_0053c6c0	0xd	switch::IndexTable<u8>[13]	Expat xmltok private routine 0x52c270 selector index; retail cmp bound proves 13 byte entries
0x52c6d0	DAT_0053c6d0	0x86c	code	Expat xmltok private routine 0x52c6d0 body; manually bounded by its retail COFF contribution and first embedded dispatch table
0x52cf3c	DAT_0053cf3c	0x24	switch::JumpTable[9]	Expat xmltok private routine 0x52c6d0 relocated switch destinations; 9 contiguous retail code pointers
0x52cf60	DAT_0053cf60	0x19	switch::IndexTable<u8>[25]	Expat xmltok private routine 0x52c6d0 selector index; retail cmp bound proves 25 byte entries
0x52cf7c	DAT_0053cf7c	0x18	switch::JumpTable[6]	Expat xmltok private routine 0x52c6d0 relocated switch destinations; 6 contiguous retail code pointers
0x52cf94	DAT_0053cf94	0x19	switch::IndexTable<u8>[25]	Expat xmltok private routine 0x52c6d0 selector index; retail cmp bound proves 25 byte entries
0x52cfb0	DAT_0053cfb0	0x24	switch::JumpTable[9]	Expat xmltok private routine 0x52c6d0 relocated switch destinations; 9 contiguous retail code pointers
0x52cfd4	DAT_0053cfd4	0x10	switch::JumpTable[4]	Expat xmltok private routine 0x52c6d0 relocated switch destinations; 4 contiguous retail code pointers
0x52cfe4	DAT_0053cfe4	0xd	switch::IndexTable<u8>[13]	Expat xmltok private routine 0x52c6d0 selector index; retail cmp bound proves 13 byte entries
0x52cff4	DAT_0053cff4	0x24	switch::JumpTable[9]	Expat xmltok private routine 0x52c6d0 relocated switch destinations; 9 contiguous retail code pointers
0x52d018	DAT_0053d018	0x19	switch::IndexTable<u8>[25]	Expat xmltok private routine 0x52c6d0 selector index; retail cmp bound proves 25 byte entries
0x52d040	_big2_prologTok	0xa04	code	Expat xmltok _big2_prologTok body; manually bounded by its retail COFF contribution and first embedded dispatch table
0x52da44	DAT_0053da44	0x54	switch::JumpTable[21]	Expat xmltok _big2_prologTok relocated switch destinations; 21 contiguous retail code pointers
0x52da98	DAT_0053da98	0x23	switch::IndexTable<u8>[35]	Expat xmltok _big2_prologTok selector index; retail cmp bound proves 35 byte entries
0x52dabc	DAT_0053dabc	0x10	switch::JumpTable[4]	Expat xmltok _big2_prologTok relocated switch destinations; 4 contiguous retail code pointers
0x52dacc	DAT_0053dacc	0x19	switch::IndexTable<u8>[25]	Expat xmltok _big2_prologTok selector index; retail cmp bound proves 25 byte entries
0x52dae8	DAT_0053dae8	0x14	switch::JumpTable[5]	Expat xmltok _big2_prologTok relocated switch destinations; 5 contiguous retail code pointers
0x52dafc	DAT_0053dafc	0x1c	switch::IndexTable<u8>[28]	Expat xmltok _big2_prologTok selector index; retail cmp bound proves 28 byte entries
0x52db18	DAT_0053db18	0x2c	switch::JumpTable[11]	Expat xmltok _big2_prologTok relocated switch destinations; 11 contiguous retail code pointers
0x52db44	DAT_0053db44	0x20	switch::IndexTable<u8>[32]	Expat xmltok _big2_prologTok selector index; retail cmp bound proves 32 byte entries
0x52db64	DAT_0053db64	0x18	switch::JumpTable[6]	Expat xmltok _big2_prologTok relocated switch destinations; 6 contiguous retail code pointers
0x52db7c	DAT_0053db7c	0x19	switch::IndexTable<u8>[25]	Expat xmltok _big2_prologTok selector index; retail cmp bound proves 25 byte entries
0x52dba0	DAT_0053dba0	0x1dc	code	Expat xmltok private routine 0x52dba0 body; manually bounded by its retail COFF contribution and first embedded dispatch table
0x52dd7c	DAT_0053dd7c	0x20	switch::JumpTable[8]	Expat xmltok private routine 0x52dba0 relocated switch destinations; 8 contiguous retail code pointers
0x52dd9c	DAT_0053dd9c	0x10	switch::JumpTable[4]	Expat xmltok private routine 0x52dba0 relocated switch destinations; 4 contiguous retail code pointers
0x52ddac	DAT_0053ddac	0x16	switch::IndexTable<u8>[22]	Expat xmltok private routine 0x52dba0 selector index; retail cmp bound proves 22 byte entries
0x52ddc4	DAT_0053ddc4	0x8	switch::JumpTable[2]	Expat xmltok private routine 0x52dba0 relocated switch destinations; 2 contiguous retail code pointers
0x52ddcc	DAT_0053ddcc	0x16	switch::IndexTable<u8>[22]	Expat xmltok private routine 0x52dba0 selector index; retail cmp bound proves 22 byte entries
0x52ddf0	DAT_0053ddf0	0x320	code	Expat xmltok private routine 0x52ddf0 body; manually bounded by its retail COFF contribution and first embedded dispatch table
0x52e110	DAT_0053e110	0x1c	switch::JumpTable[7]	Expat xmltok private routine 0x52ddf0 relocated switch destinations; 7 contiguous retail code pointers
0x52e12c	DAT_0053e12c	0x1a	switch::IndexTable<u8>[26]	Expat xmltok private routine 0x52ddf0 selector index; retail cmp bound proves 26 byte entries
0x52e148	DAT_0053e148	0x1c	switch::JumpTable[7]	Expat xmltok private routine 0x52ddf0 relocated switch destinations; 7 contiguous retail code pointers
0x52e164	DAT_0053e164	0x19	switch::IndexTable<u8>[25]	Expat xmltok private routine 0x52ddf0 selector index; retail cmp bound proves 25 byte entries
0x52e180	DAT_0053e180	0x304	code	Expat xmltok private routine 0x52e180 body; manually bounded by its retail COFF contribution and first embedded dispatch table
0x52e484	DAT_0053e484	0x18	switch::JumpTable[6]	Expat xmltok private routine 0x52e180 relocated switch destinations; 6 contiguous retail code pointers
0x52e49c	DAT_0053e49c	0x19	switch::IndexTable<u8>[25]	Expat xmltok private routine 0x52e180 selector index; retail cmp bound proves 25 byte entries
0x52e4b8	DAT_0053e4b8	0x1c	switch::JumpTable[7]	Expat xmltok private routine 0x52e180 relocated switch destinations; 7 contiguous retail code pointers
0x52e4d4	DAT_0053e4d4	0x20	switch::IndexTable<u8>[32]	Expat xmltok private routine 0x52e180 selector index; retail cmp bound proves 32 byte entries
0x52e500	DAT_0053e500	0x1d0	code	Expat xmltok private routine 0x52e500 body; manually bounded by its retail COFF contribution and first embedded dispatch table
0x52e6d0	DAT_0053e6d0	0x18	switch::JumpTable[6]	Expat xmltok private routine 0x52e500 relocated switch destinations; 6 contiguous retail code pointers
0x52e6e8	DAT_0053e6e8	0xe	switch::IndexTable<u8>[14]	Expat xmltok private routine 0x52e500 selector index; retail cmp bound proves 14 byte entries
0x52e6f8	DAT_0053e6f8	0x8	switch::JumpTable[2]	Expat xmltok private routine 0x52e500 relocated switch destinations; 2 contiguous retail code pointers
0x52e700	DAT_0053e700	0x16	switch::IndexTable<u8>[22]	Expat xmltok private routine 0x52e500 selector index; retail cmp bound proves 22 byte entries
0x52e720	_big2_attributeValueTok	0x200	code	Expat xmltok _big2_attributeValueTok body; manually bounded by its retail COFF contribution and first embedded dispatch table
0x52e920	DAT_0053e920	0x24	switch::JumpTable[9]	Expat xmltok _big2_attributeValueTok relocated switch destinations; 9 contiguous retail code pointers
0x52e944	DAT_0053e944	0x14	switch::IndexTable<u8>[20]	Expat xmltok _big2_attributeValueTok selector index; retail cmp bound proves 20 byte entries
0x52e960	_big2_entityValueTok	0x210	code	Expat xmltok _big2_entityValueTok body; manually bounded by its retail COFF contribution and first embedded dispatch table
0x52eb70	DAT_0053eb70	0x20	switch::JumpTable[8]	Expat xmltok _big2_entityValueTok relocated switch destinations; 8 contiguous retail code pointers
0x52eb90	DAT_0053eb90	0x1c	switch::IndexTable<u8>[28]	Expat xmltok _big2_entityValueTok selector index; retail cmp bound proves 28 byte entries
0x52ebb0	_big2_ignoreSectionTok	0x254	code	Expat xmltok _big2_ignoreSectionTok body; manually bounded by its retail COFF contribution and first embedded dispatch table
0x52ee04	DAT_0053ee04	0x24	switch::JumpTable[9]	Expat xmltok _big2_ignoreSectionTok relocated switch destinations; 9 contiguous retail code pointers
0x52ee30	_big2_isPublicId	0x12c	code	Expat xmltok _big2_isPublicId body; manually bounded by its retail COFF contribution and first embedded dispatch table
0x52ef5c	DAT_0053ef5c	0x10	switch::JumpTable[4]	Expat xmltok _big2_isPublicId relocated switch destinations; 4 contiguous retail code pointers
0x52ef6c	DAT_0053ef6c	0x1b	switch::IndexTable<u8>[27]	Expat xmltok _big2_isPublicId selector index; retail cmp bound proves 27 byte entries
0x52ef90	_big2_getAtts	0x398	code	Expat xmltok _big2_getAtts body; manually bounded by its retail COFF contribution and first embedded dispatch table
0x52f328	DAT_0053f328	0x2c	switch::JumpTable[11]	Expat xmltok _big2_getAtts relocated switch destinations; 11 contiguous retail code pointers
0x52f354	DAT_0053f354	0x1b	switch::IndexTable<u8>[27]	Expat xmltok _big2_getAtts selector index; retail cmp bound proves 27 byte entries
0x52f370	_big2_charRefNumber	0x180	code	Expat xmltok _big2_charRefNumber body; manually bounded by its retail COFF contribution and first embedded dispatch table
0x52f4f0	DAT_0053f4f0	0x10	switch::JumpTable[4]	Expat xmltok _big2_charRefNumber relocated switch destinations; 4 contiguous retail code pointers
0x52f500	DAT_0053f500	0x37	switch::IndexTable<u8>[55]	Expat xmltok _big2_charRefNumber selector index; retail cmp bound proves 55 byte entries
0x52f540	_big2_predefinedEntityName	0x1f7	code	Expat xmltok _big2_predefinedEntityName body; manually bounded by its retail COFF contribution
0x52f740	_big2_sameName	0x248	code	Expat xmltok _big2_sameName body; manually bounded by its retail COFF contribution and first embedded dispatch table
0x52f988	DAT_0053f988	0x14	switch::JumpTable[5]	Expat xmltok _big2_sameName relocated switch destinations; 5 contiguous retail code pointers
0x52f99c	DAT_0053f99c	0x19	switch::IndexTable<u8>[25]	Expat xmltok _big2_sameName selector index; retail cmp bound proves 25 byte entries
0x52f9b8	DAT_0053f9b8	0x8	switch::JumpTable[2]	Expat xmltok _big2_sameName relocated switch destinations; 2 contiguous retail code pointers
0x52f9c0	DAT_0053f9c0	0x19	switch::IndexTable<u8>[25]	Expat xmltok _big2_sameName selector index; retail cmp bound proves 25 byte entries
0x52f9e0	_big2_nameMatchesAscii	0x5b	code	Expat xmltok _big2_nameMatchesAscii body; manually bounded by its retail COFF contribution
0x52fa40	_big2_nameLength	0xa8	code	Expat xmltok _big2_nameLength body; manually bounded by its retail COFF contribution and first embedded dispatch table
0x52fae8	DAT_0053fae8	0x14	switch::JumpTable[5]	Expat xmltok _big2_nameLength relocated switch destinations; 5 contiguous retail code pointers
0x52fafc	DAT_0053fafc	0x19	switch::IndexTable<u8>[25]	Expat xmltok _big2_nameLength selector index; retail cmp bound proves 25 byte entries
0x52fb20	_big2_skipS	0x6e	code	Expat xmltok _big2_skipS body; manually bounded by its retail COFF contribution
0x52fb90	_big2_updatePosition	0x14c	code	Expat xmltok _big2_updatePosition body; manually bounded by its retail COFF contribution and first embedded dispatch table
0x52fcdc	DAT_0053fcdc	0x18	switch::JumpTable[6]	Expat xmltok _big2_updatePosition relocated switch destinations; 6 contiguous retail code pointers
0x530250	DAT_00540250	0x72	code	Expat xmltok private routine 0x530250 body; manually bounded by its retail COFF contribution
0x5302d0	DAT_005402d0	0x72	code	Expat xmltok private routine 0x5302d0 body; manually bounded by its retail COFF contribution
0x530350	DAT_00540350	0x5c	code	Expat xmltok private routine 0x530350 body; manually bounded by its retail COFF contribution
0x5303b0	DAT_005403b0	0x103	code	Expat xmltok private routine 0x5303b0 body; manually bounded by its retail COFF contribution
0x5304c0	DAT_005404c0	0xb8	code	Expat xmltok private routine 0x5304c0 body; manually bounded by its retail COFF contribution
0x5305f0	DAT_005405f0	0x1e	code	Expat xmltok private routine 0x5305f0 body; manually bounded by its retail COFF contribution
0x530700	DAT_00540700	0x24	code	Expat xmltok private routine 0x530700 body; manually bounded by its retail COFF contribution
0x530a30	DAT_00540a30	0x24	code	Expat xmltok private routine 0x530a30 body; manually bounded by its retail COFF contribution
0x530df0	DAT_00540df0	0x38	code	Expat xmltok private routine 0x530df0 body; manually bounded by its retail COFF contribution and first embedded dispatch table
0x530e28	DAT_00540e28	0x8	switch::JumpTable[2]	Expat xmltok private routine 0x530df0 relocated switch destinations; 2 contiguous retail code pointers
0x530e30	DAT_00540e30	0x18	switch::IndexTable<u8>[24]	Expat xmltok private routine 0x530df0 selector index; retail cmp bound proves 24 byte entries
0x5310e0	DAT_005410e0	0xaa	code	Expat xmltok private routine 0x5310e0 body; manually bounded by its retail COFF contribution
0x531200	DAT_00541200	0x24	code	Expat xmltok private routine 0x531200 body; manually bounded by its retail COFF contribution
0x531230	DAT_00541230	0x24	code	Expat xmltok private routine 0x531230 body; manually bounded by its retail COFF contribution
0x5312a0	DAT_005412a0	0xaa	code	Expat xmltok private routine 0x5312a0 body; manually bounded by its retail COFF contribution
0x5313c0	DAT_005413c0	0xd4	code	Expat xmlrole private role handler 0x5313c0 body; manually bounded by its exact retail COFF contribution and first embedded dispatch table
0x531494	DAT_00541494	0x20	switch::JumpTable[8]	Expat xmlrole private role handler 0x5313c0 relocated switch destinations; 8 contiguous retail code pointers
0x5314b4	DAT_005414b4	0x13	switch::IndexTable<u8>[19]	Expat xmlrole private role handler 0x5313c0 selector index; retail cmp bound proves 19 byte entries
0x5314d0	DAT_005414d0	0xa0	code	Expat xmlrole private role handler 0x5314d0 body; manually bounded by its exact retail COFF contribution and first embedded dispatch table
0x531570	DAT_00541570	0x1c	switch::JumpTable[7]	Expat xmlrole private role handler 0x5314d0 relocated switch destinations; 7 contiguous retail code pointers
0x53158c	DAT_0054158c	0x13	switch::IndexTable<u8>[19]	Expat xmlrole private role handler 0x5314d0 selector index; retail cmp bound proves 19 byte entries
0x5315a0	DAT_005415a0	0x49	code	Expat xmlrole private role handler 0x5315a0 body; manually bounded by its exact retail COFF contribution
0x5315f0	DAT_005415f0	0xd0	code	Expat xmlrole private role handler 0x5315f0 body; manually bounded by its exact retail COFF contribution and first embedded dispatch table
0x5316c0	DAT_005416c0	0x14	switch::JumpTable[5]	Expat xmlrole private role handler 0x5315f0 relocated switch destinations; 5 contiguous retail code pointers
0x5316d4	DAT_005416d4	0xb	switch::IndexTable<u8>[11]	Expat xmlrole private role handler 0x5315f0 selector index; retail cmp bound proves 11 byte entries
0x5316e0	DAT_005416e0	0x60	code	Expat xmlrole private role handler 0x5316e0 body; manually bounded by its exact retail COFF contribution and first embedded dispatch table
0x531740	DAT_00541740	0x14	switch::JumpTable[5]	Expat xmlrole private role handler 0x5316e0 relocated switch destinations; 5 contiguous retail code pointers
0x531754	DAT_00541754	0x13	switch::IndexTable<u8>[19]	Expat xmlrole private role handler 0x5316e0 selector index; retail cmp bound proves 19 byte entries
0x531770	DAT_00541770	0x43	code	Expat xmlrole private role handler 0x531770 body; manually bounded by its exact retail COFF contribution
0x5317c0	DAT_005417c0	0x43	code	Expat xmlrole private role handler 0x5317c0 body; manually bounded by its exact retail COFF contribution
0x531810	DAT_00541810	0x59	code	Expat xmlrole private role handler 0x531810 body; manually bounded by its exact retail COFF contribution
0x531870	DAT_00541870	0x160	code	Expat xmlrole private role handler 0x531870 body; manually bounded by its exact retail COFF contribution and first embedded dispatch table
0x5319d0	DAT_005419d0	0x20	switch::JumpTable[8]	Expat xmlrole private role handler 0x531870 relocated switch destinations; 8 contiguous retail code pointers
0x5319f0	DAT_005419f0	0x21	switch::IndexTable<u8>[33]	Expat xmlrole private role handler 0x531870 selector index; retail cmp bound proves 33 byte entries
0x531a20	DAT_00541a20	0x43	code	Expat xmlrole private role handler 0x531a20 body; manually bounded by its exact retail COFF contribution
0x531a70	DAT_00541a70	0x59	code	Expat xmlrole private role handler 0x531a70 body; manually bounded by its exact retail COFF contribution
0x531ad0	DAT_00541ad0	0x43	code	Expat xmlrole private role handler 0x531ad0 body; manually bounded by its exact retail COFF contribution
0x531b20	DAT_00541b20	0xbb	code	Expat xmlrole private role handler 0x531b20 body; manually bounded by its exact retail COFF contribution
0x531be0	DAT_00541be0	0x43	code	Expat xmlrole private role handler 0x531be0 body; manually bounded by its exact retail COFF contribution
0x531c30	DAT_00541c30	0x43	code	Expat xmlrole private role handler 0x531c30 body; manually bounded by its exact retail COFF contribution
0x531c80	DAT_00541c80	0x93	code	Expat xmlrole private role handler 0x531c80 body; manually bounded by its exact retail COFF contribution
0x531d20	DAT_00541d20	0x9c	code	Expat xmlrole private role handler 0x531d20 body; manually bounded by its exact retail COFF contribution and first embedded dispatch table
0x531dbc	DAT_00541dbc	0x18	switch::JumpTable[6]	Expat xmlrole private role handler 0x531d20 relocated switch destinations; 6 contiguous retail code pointers
0x531dd4	DAT_00541dd4	0x27	switch::IndexTable<u8>[39]	Expat xmlrole private role handler 0x531d20 selector index; retail cmp bound proves 39 byte entries
0x531e00	DAT_00541e00	0x4d	code	Expat xmlrole private role handler 0x531e00 body; manually bounded by its exact retail COFF contribution
0x531e50	DAT_00541e50	0xbb	code	Expat xmlrole private role handler 0x531e50 body; manually bounded by its exact retail COFF contribution
0x531f10	DAT_00541f10	0x43	code	Expat xmlrole private role handler 0x531f10 body; manually bounded by its exact retail COFF contribution
0x531f60	DAT_00541f60	0x43	code	Expat xmlrole private role handler 0x531f60 body; manually bounded by its exact retail COFF contribution
0x531fb0	DAT_00541fb0	0x5d	code	Expat xmlrole private role handler 0x531fb0 body; manually bounded by its exact retail COFF contribution
0x532010	DAT_00542010	0x43	code	Expat xmlrole private role handler 0x532010 body; manually bounded by its exact retail COFF contribution
0x532060	DAT_00542060	0x93	code	Expat xmlrole private role handler 0x532060 body; manually bounded by its exact retail COFF contribution
0x532100	DAT_00542100	0x43	code	Expat xmlrole private role handler 0x532100 body; manually bounded by its exact retail COFF contribution
0x532150	DAT_00542150	0x4d	code	Expat xmlrole private role handler 0x532150 body; manually bounded by its exact retail COFF contribution
0x5321a0	DAT_005421a0	0x7d	code	Expat xmlrole private role handler 0x5321a0 body; manually bounded by its exact retail COFF contribution
0x532220	DAT_00542220	0x49	code	Expat xmlrole private role handler 0x532220 body; manually bounded by its exact retail COFF contribution
0x532270	DAT_00542270	0x80	code	Expat xmlrole private role handler 0x532270 body; manually bounded by its exact retail COFF contribution and first embedded dispatch table
0x5322f0	DAT_005422f0	0x10	switch::JumpTable[4]	Expat xmlrole private role handler 0x532270 relocated switch destinations; 4 contiguous retail code pointers
0x532300	DAT_00542300	0x1b	switch::IndexTable<u8>[27]	Expat xmlrole private role handler 0x532270 selector index; retail cmp bound proves 27 byte entries
0x532320	DAT_00542320	0xd8	code	Expat xmlrole private role handler 0x532320 body; manually bounded by its exact retail COFF contribution
0x532400	DAT_00542400	0x58	code	Expat xmlrole private role handler 0x532400 body; manually bounded by its exact retail COFF contribution and first embedded dispatch table
0x532458	DAT_00542458	0xc	switch::JumpTable[3]	Expat xmlrole private role handler 0x532400 relocated switch destinations; 3 contiguous retail code pointers
0x532464	DAT_00542464	0x1b	switch::IndexTable<u8>[27]	Expat xmlrole private role handler 0x532400 selector index; retail cmp bound proves 27 byte entries
0x532480	DAT_00542480	0x59	code	Expat xmlrole private role handler 0x532480 body; manually bounded by its exact retail COFF contribution
0x5324e0	DAT_005424e0	0x43	code	Expat xmlrole private role handler 0x5324e0 body; manually bounded by its exact retail COFF contribution
0x532530	DAT_00542530	0x43	code	Expat xmlrole private role handler 0x532530 body; manually bounded by its exact retail COFF contribution
0x532580	DAT_00542580	0x59	code	Expat xmlrole private role handler 0x532580 body; manually bounded by its exact retail COFF contribution
0x5325e0	DAT_005425e0	0xfa	code	Expat xmlrole private role handler 0x5325e0 body; manually bounded by its exact retail COFF contribution
0x5326e0	DAT_005426e0	0x43	code	Expat xmlrole private role handler 0x5326e0 body; manually bounded by its exact retail COFF contribution
0x532730	DAT_00542730	0x49	code	Expat xmlrole private role handler 0x532730 body; manually bounded by its exact retail COFF contribution
0x532780	DAT_00542780	0xd3	code	Expat xmlrole private role handler 0x532780 body; manually bounded by its exact retail COFF contribution
0x532860	DAT_00542860	0xe0	code	Expat xmlrole private role handler 0x532860 body; manually bounded by its exact retail COFF contribution and first embedded dispatch table
0x532940	DAT_00542940	0x20	switch::JumpTable[8]	Expat xmlrole private role handler 0x532860 relocated switch destinations; 8 contiguous retail code pointers
0x532960	DAT_00542960	0x1b	switch::IndexTable<u8>[27]	Expat xmlrole private role handler 0x532860 selector index; retail cmp bound proves 27 byte entries
0x532980	DAT_00542980	0x8c	code	Expat xmlrole private role handler 0x532980 body; manually bounded by its exact retail COFF contribution and first embedded dispatch table
0x532a0c	DAT_00542a0c	0x14	switch::JumpTable[5]	Expat xmlrole private role handler 0x532980 relocated switch destinations; 5 contiguous retail code pointers
0x532a20	DAT_00542a20	0x16	switch::IndexTable<u8>[22]	Expat xmlrole private role handler 0x532980 selector index; retail cmp bound proves 22 byte entries
0x532a40	DAT_00542a40	0x49	code	Expat xmlrole private role handler 0x532a40 body; manually bounded by its exact retail COFF contribution
0x532a90	DAT_00542a90	0x63	code	Expat xmlrole private role handler 0x532a90 body; manually bounded by its exact retail COFF contribution
0x532b00	DAT_00542b00	0x9c	code	Expat xmlrole private role handler 0x532b00 body; manually bounded by its exact retail COFF contribution and first embedded dispatch table
0x532b9c	DAT_00542b9c	0x1c	switch::JumpTable[7]	Expat xmlrole private role handler 0x532b00 relocated switch destinations; 7 contiguous retail code pointers
0x532bb8	DAT_00542bb8	0x1b	switch::IndexTable<u8>[27]	Expat xmlrole private role handler 0x532b00 selector index; retail cmp bound proves 27 byte entries
0x532be0	DAT_00542be0	0x13c	code	Expat xmlrole private role handler 0x532be0 body; manually bounded by its exact retail COFF contribution and first embedded dispatch table
0x532d1c	DAT_00542d1c	0x20	switch::JumpTable[8]	Expat xmlrole private role handler 0x532be0 relocated switch destinations; 8 contiguous retail code pointers
0x532d3c	DAT_00542d3c	0x18	switch::IndexTable<u8>[24]	Expat xmlrole private role handler 0x532be0 selector index; retail cmp bound proves 24 byte entries
0x532d60	DAT_00542d60	0x8a	code	Expat xmlrole private role handler 0x532d60 body; manually bounded by its exact retail COFF contribution
0x532df0	DAT_00542df0	0x4c	code	Expat xmlrole private role handler 0x532df0 body; manually bounded by its exact retail COFF contribution
0x532e40	DAT_00542e40	0x40	code	Expat xmlrole private role handler 0x532e40 body; manually bounded by its exact retail COFF contribution
0x532e80	DAT_00542e80	0x5f	code	Expat xmlrole private role handler 0x532e80 body; manually bounded by its exact retail COFF contribution
0x7c3520	DAT_007d3520	0x28	code	error_code.obj private code contribution; manually verified relocation topology has no embedded data and retail COFF bounds prove the 0x28-byte extent
0x7c3550	DAT_007d3550	0x28	code	error_code.obj private code contribution; manually verified relocation topology has no embedded data and retail COFF bounds prove the 0x28-byte extent
0x7c3580	DAT_007d3580	0x51	code	error_code.obj private code contribution; manually verified relocation topology has no embedded data and retail COFF bounds prove the 0x51-byte extent
0x7c35e0	DAT_007d35e0	0x5b	code	error_code.obj private code contribution; manually verified relocation topology has no embedded data and retail COFF bounds prove the 0x5b-byte extent
0x7c3640	DAT_007d3640	0x50	code	Core.obj private code contribution; manually verified relocation topology has no embedded data and retail COFF bounds prove the 0x50-byte extent
0x7c3690	DAT_007d3690	0x5e	code	Core.obj private code contribution; manually verified relocation topology has no embedded data and retail COFF bounds prove the 0x5e-byte extent
0x7c36f0	DAT_007d36f0	0x26	code	Core.obj private code contribution; manually verified relocation topology has no embedded data and retail COFF bounds prove the 0x26-byte extent
0x7c3720	DAT_007d3720	0x29	code	Core.obj private code contribution; manually verified relocation topology has no embedded data and retail COFF bounds prove the 0x29-byte extent
0x7c3750	DAT_007d3750	0x23	code	Core.obj private code contribution; manually verified relocation topology has no embedded data and retail COFF bounds prove the 0x23-byte extent
0x7c3780	DAT_007d3780	0x23	code	Core.obj private code contribution; manually verified relocation topology has no embedded data and retail COFF bounds prove the 0x23-byte extent
0x7c37b0	DAT_007d37b0	0x35	code	Core.obj private code contribution; manually verified relocation topology has no embedded data and retail COFF bounds prove the 0x35-byte extent
0x7c37f0	DAT_007d37f0	0x26	code	Geometry.obj private code contribution; manually verified relocation topology has no embedded data and retail COFF bounds prove the 0x26-byte extent
0x7c3820	DAT_007d3820	0x31	code	Geometry.obj private code contribution; manually verified relocation topology has no embedded data and retail COFF bounds prove the 0x31-byte extent
0x7c3860	DAT_007d3860	0x33	code	Parser.obj private code contribution; manually verified relocation topology has no embedded data and retail COFF bounds prove the 0x33-byte extent
0x7c38a0	DAT_007d38a0	0x29	code	Parser.obj private code contribution; manually verified relocation topology has no embedded data and retail COFF bounds prove the 0x29-byte extent
0x7c38d0	DAT_007d38d0	0x35	code	Parser.obj private code contribution; manually verified relocation topology has no embedded data and retail COFF bounds prove the 0x35-byte extent
0x7c3910	DAT_007d3910	0x1a	EH::UnwindFunclet	SpeedTree Parser.obj unwind-map action; disassembly is one EBP-frame cleanup ending at ret 0x7c3929, before the handler thunk
0x7c392a	DAT_007d392a	0x1b	EH::CxxFrameHandler3Thunk	SpeedTree Parser.obj function 0x1a8a70 pushes this entry; it checks the EH cookie, loads FuncInfo 0x997424, and tail-jumps to _CxxFrameHandler3
0x7c3950	DAT_007d3950	0x32	code	Parser.obj private code contribution; manually verified relocation topology has no embedded data and retail COFF bounds prove the 0x32-byte extent
0x7c3990	DAT_007d3990	0x32	code	Parser.obj private code contribution; manually verified relocation topology has no embedded data and retail COFF bounds prove the 0x32-byte extent
0x7c39d0	DAT_007d39d0	0x29	code	ErrorHandler.obj private code contribution; manually verified relocation topology has no embedded data and retail COFF bounds prove the 0x29-byte extent
0x7c3a00	DAT_007d3a00	0x34	code	Material.obj private code contribution; manually verified relocation topology has no embedded data and retail COFF bounds prove the 0x34-byte extent
0x7c3a40	DAT_007d3a40	0x26	code	Instance.obj private code contribution; manually verified relocation topology has no embedded data and retail COFF bounds prove the 0x26-byte extent
0x7c3a70	DAT_007d3a70	0x34	code	Grass.obj private code contribution; manually verified relocation topology has no embedded data and retail COFF bounds prove the 0x34-byte extent
0x7c3ab0	DAT_007d3ab0	0x5b	code	Grass.obj private code contribution; manually verified relocation topology has no embedded data and retail COFF bounds prove the 0x5b-byte extent
0x7c3b10	DAT_007d3b10	0x44	code	Grass.obj private code contribution; manually verified relocation topology has no embedded data and retail COFF bounds prove the 0x44-byte extent
0x7c3b60	DAT_007d3b60	0x2c	code	Grass.obj private code contribution; manually verified relocation topology has no embedded data and retail COFF bounds prove the 0x2c-byte extent
0x7c3b90	DAT_007d3b90	0x3c	code	Forest.obj private code contribution; manually verified relocation topology has no embedded data and retail COFF bounds prove the 0x3c-byte extent
0x7c3bd0	DAT_007d3bd0	0x52	code	Forest.obj private code contribution; manually verified relocation topology has no embedded data and retail COFF bounds prove the 0x52-byte extent
0x7c3c30	DAT_007d3c30	0x2c	code	Forest.obj private code contribution; manually verified relocation topology has no embedded data and retail COFF bounds prove the 0x2c-byte extent
0x7c3c60	DAT_007d3c60	0x26	code	Forest.obj private code contribution; manually verified relocation topology has no embedded data and retail COFF bounds prove the 0x26-byte extent
0x7c3c90	DAT_007d3c90	0x23	code	Forest.obj private code contribution; manually verified relocation topology has no embedded data and retail COFF bounds prove the 0x23-byte extent
0x7c3cc0	DAT_007d3cc0	0x30	code	Forest.obj private code contribution; manually verified relocation topology has no embedded data and retail COFF bounds prove the 0x30-byte extent
0x7c3cf0	DAT_007d3cf0	0x23	code	Forest.obj private code contribution; manually verified relocation topology has no embedded data and retail COFF bounds prove the 0x23-byte extent
0x7c3d20	DAT_007d3d20	0x26	code	Forest.obj private code contribution; manually verified relocation topology has no embedded data and retail COFF bounds prove the 0x26-byte extent
0x7c3d50	DAT_007d3d50	0x26	code	Forest.obj private code contribution; manually verified relocation topology has no embedded data and retail COFF bounds prove the 0x26-byte extent
0x7c3d80	DAT_007d3d80	0x23	code	Forest.obj private code contribution; manually verified relocation topology has no embedded data and retail COFF bounds prove the 0x23-byte extent
0x7c3db0	DAT_007d3db0	0x26	code	Forest.obj private code contribution; manually verified relocation topology has no embedded data and retail COFF bounds prove the 0x26-byte extent
0x7c3de0	DAT_007d3de0	0x23	code	Forest.obj private code contribution; manually verified relocation topology has no embedded data and retail COFF bounds prove the 0x23-byte extent
0x7c3e10	DAT_007d3e10	0x23	code	Forest.obj private code contribution; manually verified relocation topology has no embedded data and retail COFF bounds prove the 0x23-byte extent
0x7c3e40	DAT_007d3e40	0x26	code	Forest.obj private code contribution; manually verified relocation topology has no embedded data and retail COFF bounds prove the 0x26-byte extent
0x7c3e70	DAT_007d3e70	0x23	code	Forest.obj private code contribution; manually verified relocation topology has no embedded data and retail COFF bounds prove the 0x23-byte extent
0x7c3ea0	DAT_007d3ea0	0x23	code	Forest.obj private code contribution; manually verified relocation topology has no embedded data and retail COFF bounds prove the 0x23-byte extent
0x7c3ed0	DAT_007d3ed0	0x26	code	Forest.obj private code contribution; manually verified relocation topology has no embedded data and retail COFF bounds prove the 0x26-byte extent
0x7c3f00	DAT_007d3f00	0x42	code	Forest.obj private code contribution; manually verified relocation topology has no embedded data and retail COFF bounds prove the 0x42-byte extent
0x7c3f50	DAT_007d3f50	0x26	code	Forest.obj private code contribution; manually verified relocation topology has no embedded data and retail COFF bounds prove the 0x26-byte extent
0x7c3f80	DAT_007d3f80	0x2c	code	Forest.obj private code contribution; manually verified relocation topology has no embedded data and retail COFF bounds prove the 0x2c-byte extent
0x7c3fb0	DAT_007d3fb0	0x34	code	Forest.obj private code contribution; manually verified relocation topology has no embedded data and retail COFF bounds prove the 0x34-byte extent
0x7cfc70	DAT_007dfc70	0xb	code	error_code.obj private code contribution; manually verified relocation topology has no embedded data and retail COFF bounds prove the 0xb-byte extent
0x7cfc80	DAT_007dfc80	0xb	code	error_code.obj private code contribution; manually verified relocation topology has no embedded data and retail COFF bounds prove the 0xb-byte extent
0x7cfc90	DAT_007dfc90	0xb	code	error_code.obj private code contribution; manually verified relocation topology has no embedded data and retail COFF bounds prove the 0xb-byte extent
0x7cfca0	DAT_007dfca0	0xb	code	error_code.obj private code contribution; manually verified relocation topology has no embedded data and retail COFF bounds prove the 0xb-byte extent
0x7cfcb0	DAT_007dfcb0	0x21	code	Core.obj private code contribution; manually verified relocation topology has no embedded data and retail COFF bounds prove the 0x21-byte extent
0x7cfce0	DAT_007dfce0	0x1d	code	Core.obj private code contribution; manually verified relocation topology has no embedded data and retail COFF bounds prove the 0x1d-byte extent
0x7cfd00	DAT_007dfd00	0x1d	code	Core.obj private code contribution; manually verified relocation topology has no embedded data and retail COFF bounds prove the 0x1d-byte extent
0x7cfd20	DAT_007dfd20	0x1d	code	Core.obj private code contribution; manually verified relocation topology has no embedded data and retail COFF bounds prove the 0x1d-byte extent
0x7cfd40	DAT_007dfd40	0x1d	code	Core.obj private code contribution; manually verified relocation topology has no embedded data and retail COFF bounds prove the 0x1d-byte extent
0x7cfd60	DAT_007dfd60	0x1d	code	Core.obj private code contribution; manually verified relocation topology has no embedded data and retail COFF bounds prove the 0x1d-byte extent
0x7cfd80	DAT_007dfd80	0x21	code	Core.obj private code contribution; manually verified relocation topology has no embedded data and retail COFF bounds prove the 0x21-byte extent
0x7cfdb0	DAT_007dfdb0	0x1d	code	Core.obj private code contribution; manually verified relocation topology has no embedded data and retail COFF bounds prove the 0x1d-byte extent
0x7cfdd0	DAT_007dfdd0	0x1d	code	Core.obj private code contribution; manually verified relocation topology has no embedded data and retail COFF bounds prove the 0x1d-byte extent
0x7cfdf0	DAT_007dfdf0	0x2d	code	Core.obj private code contribution; manually verified relocation topology has no embedded data and retail COFF bounds prove the 0x2d-byte extent
0x7cfe20	DAT_007dfe20	0x1d	code	Core.obj private code contribution; manually verified relocation topology has no embedded data and retail COFF bounds prove the 0x1d-byte extent
0x7cfe40	DAT_007dfe40	0x1c	code	Core.obj private code contribution; manually verified relocation topology has no embedded data and retail COFF bounds prove the 0x1c-byte extent
0x7cfe60	DAT_007dfe60	0x2e	code	Core.obj private code contribution; manually verified relocation topology has no embedded data and retail COFF bounds prove the 0x2e-byte extent
0x7cfe90	DAT_007dfe90	0x21	code	CoordSys.obj private code contribution; manually verified relocation topology has no embedded data and retail COFF bounds prove the 0x21-byte extent
0x7cfec0	DAT_007dfec0	0x1d	code	CoordSys.obj private code contribution; manually verified relocation topology has no embedded data and retail COFF bounds prove the 0x1d-byte extent
0x7cfee0	DAT_007dfee0	0x1d	code	CoordSys.obj private code contribution; manually verified relocation topology has no embedded data and retail COFF bounds prove the 0x1d-byte extent
0x7cff00	DAT_007dff00	0x1d	code	CoordSys.obj private code contribution; manually verified relocation topology has no embedded data and retail COFF bounds prove the 0x1d-byte extent
0x7cff20	DAT_007dff20	0x1d	code	CoordSys.obj private code contribution; manually verified relocation topology has no embedded data and retail COFF bounds prove the 0x1d-byte extent
0x7cff40	DAT_007dff40	0x1d	code	CoordSys.obj private code contribution; manually verified relocation topology has no embedded data and retail COFF bounds prove the 0x1d-byte extent
0x7cff60	DAT_007dff60	0x21	code	CoordSys.obj private code contribution; manually verified relocation topology has no embedded data and retail COFF bounds prove the 0x21-byte extent
0x7cff90	DAT_007dff90	0x1d	code	CoordSys.obj private code contribution; manually verified relocation topology has no embedded data and retail COFF bounds prove the 0x1d-byte extent
0x7cffb0	DAT_007dffb0	0x1d	code	CoordSys.obj private code contribution; manually verified relocation topology has no embedded data and retail COFF bounds prove the 0x1d-byte extent
0x7cffd0	DAT_007dffd0	0x26	code	CoordSys.obj private code contribution; manually verified relocation topology has no embedded data and retail COFF bounds prove the 0x26-byte extent
0x7d0000	DAT_007e0000	0x1d	code	CoordSys.obj private code contribution; manually verified relocation topology has no embedded data and retail COFF bounds prove the 0x1d-byte extent
0x7d0020	DAT_007e0020	0x1d	code	CoordSys.obj private code contribution; manually verified relocation topology has no embedded data and retail COFF bounds prove the 0x1d-byte extent
0x7d0040	DAT_007e0040	0x1d	code	CoordSys.obj private code contribution; manually verified relocation topology has no embedded data and retail COFF bounds prove the 0x1d-byte extent
0x7d0060	DAT_007e0060	0x26	code	CoordSys.obj private code contribution; manually verified relocation topology has no embedded data and retail COFF bounds prove the 0x26-byte extent
0x7d0090	DAT_007e0090	0x26	code	CoordSys.obj private code contribution; manually verified relocation topology has no embedded data and retail COFF bounds prove the 0x26-byte extent
0x7d00c0	DAT_007e00c0	0x26	code	CoordSys.obj private code contribution; manually verified relocation topology has no embedded data and retail COFF bounds prove the 0x26-byte extent
0x7d00f0	DAT_007e00f0	0x21	code	Geometry.obj private code contribution; manually verified relocation topology has no embedded data and retail COFF bounds prove the 0x21-byte extent
0x7d0120	DAT_007e0120	0x1d	code	Geometry.obj private code contribution; manually verified relocation topology has no embedded data and retail COFF bounds prove the 0x1d-byte extent
0x7d0140	DAT_007e0140	0x1d	code	Geometry.obj private code contribution; manually verified relocation topology has no embedded data and retail COFF bounds prove the 0x1d-byte extent
0x7d0160	DAT_007e0160	0x1d	code	Geometry.obj private code contribution; manually verified relocation topology has no embedded data and retail COFF bounds prove the 0x1d-byte extent
0x7d0180	DAT_007e0180	0x1d	code	Geometry.obj private code contribution; manually verified relocation topology has no embedded data and retail COFF bounds prove the 0x1d-byte extent
0x7d01a0	DAT_007e01a0	0x1d	code	Geometry.obj private code contribution; manually verified relocation topology has no embedded data and retail COFF bounds prove the 0x1d-byte extent
0x7d01c0	DAT_007e01c0	0x21	code	Geometry.obj private code contribution; manually verified relocation topology has no embedded data and retail COFF bounds prove the 0x21-byte extent
0x7d01f0	DAT_007e01f0	0x1d	code	Geometry.obj private code contribution; manually verified relocation topology has no embedded data and retail COFF bounds prove the 0x1d-byte extent
0x7d0210	DAT_007e0210	0x1d	code	Geometry.obj private code contribution; manually verified relocation topology has no embedded data and retail COFF bounds prove the 0x1d-byte extent
0x7d0230	DAT_007e0230	0x21	code	Parser.obj private code contribution; manually verified relocation topology has no embedded data and retail COFF bounds prove the 0x21-byte extent
0x7d0260	DAT_007e0260	0x1d	code	Parser.obj private code contribution; manually verified relocation topology has no embedded data and retail COFF bounds prove the 0x1d-byte extent
0x7d0280	DAT_007e0280	0x1d	code	Parser.obj private code contribution; manually verified relocation topology has no embedded data and retail COFF bounds prove the 0x1d-byte extent
0x7d02a0	DAT_007e02a0	0x1d	code	Parser.obj private code contribution; manually verified relocation topology has no embedded data and retail COFF bounds prove the 0x1d-byte extent
0x7d02c0	DAT_007e02c0	0x1d	code	Parser.obj private code contribution; manually verified relocation topology has no embedded data and retail COFF bounds prove the 0x1d-byte extent
0x7d02e0	DAT_007e02e0	0x1d	code	Parser.obj private code contribution; manually verified relocation topology has no embedded data and retail COFF bounds prove the 0x1d-byte extent
0x7d0300	DAT_007e0300	0x21	code	Parser.obj private code contribution; manually verified relocation topology has no embedded data and retail COFF bounds prove the 0x21-byte extent
0x7d0330	DAT_007e0330	0x1d	code	Parser.obj private code contribution; manually verified relocation topology has no embedded data and retail COFF bounds prove the 0x1d-byte extent
0x7d0350	DAT_007e0350	0x1d	code	Parser.obj private code contribution; manually verified relocation topology has no embedded data and retail COFF bounds prove the 0x1d-byte extent
0x7d0370	DAT_007e0370	0xf	code	Parser.obj private code contribution; manually verified relocation topology has no embedded data and retail COFF bounds prove the 0xf-byte extent
0x7d0380	DAT_007e0380	0x21	code	ErrorHandler.obj private code contribution; manually verified relocation topology has no embedded data and retail COFF bounds prove the 0x21-byte extent
0x7d03b0	DAT_007e03b0	0x1d	code	ErrorHandler.obj private code contribution; manually verified relocation topology has no embedded data and retail COFF bounds prove the 0x1d-byte extent
0x7d03d0	DAT_007e03d0	0x1d	code	ErrorHandler.obj private code contribution; manually verified relocation topology has no embedded data and retail COFF bounds prove the 0x1d-byte extent
0x7d03f0	DAT_007e03f0	0x1d	code	ErrorHandler.obj private code contribution; manually verified relocation topology has no embedded data and retail COFF bounds prove the 0x1d-byte extent
0x7d0410	DAT_007e0410	0x1d	code	ErrorHandler.obj private code contribution; manually verified relocation topology has no embedded data and retail COFF bounds prove the 0x1d-byte extent
0x7d0430	DAT_007e0430	0x1d	code	ErrorHandler.obj private code contribution; manually verified relocation topology has no embedded data and retail COFF bounds prove the 0x1d-byte extent
0x7d0450	DAT_007e0450	0x21	code	ErrorHandler.obj private code contribution; manually verified relocation topology has no embedded data and retail COFF bounds prove the 0x21-byte extent
0x7d0480	DAT_007e0480	0x1d	code	ErrorHandler.obj private code contribution; manually verified relocation topology has no embedded data and retail COFF bounds prove the 0x1d-byte extent
0x7d04a0	DAT_007e04a0	0x1d	code	ErrorHandler.obj private code contribution; manually verified relocation topology has no embedded data and retail COFF bounds prove the 0x1d-byte extent
0x7d04c0	DAT_007e04c0	0x21	code	Material.obj private code contribution; manually verified relocation topology has no embedded data and retail COFF bounds prove the 0x21-byte extent
0x7d04f0	DAT_007e04f0	0x1d	code	Material.obj private code contribution; manually verified relocation topology has no embedded data and retail COFF bounds prove the 0x1d-byte extent
0x7d0510	DAT_007e0510	0x1d	code	Material.obj private code contribution; manually verified relocation topology has no embedded data and retail COFF bounds prove the 0x1d-byte extent
0x7d0530	DAT_007e0530	0x1d	code	Material.obj private code contribution; manually verified relocation topology has no embedded data and retail COFF bounds prove the 0x1d-byte extent
0x7d0550	DAT_007e0550	0x1d	code	Material.obj private code contribution; manually verified relocation topology has no embedded data and retail COFF bounds prove the 0x1d-byte extent
0x7d0570	DAT_007e0570	0x1d	code	Material.obj private code contribution; manually verified relocation topology has no embedded data and retail COFF bounds prove the 0x1d-byte extent
0x7d0590	DAT_007e0590	0x21	code	Material.obj private code contribution; manually verified relocation topology has no embedded data and retail COFF bounds prove the 0x21-byte extent
0x7d05c0	DAT_007e05c0	0x1d	code	Material.obj private code contribution; manually verified relocation topology has no embedded data and retail COFF bounds prove the 0x1d-byte extent
0x7d05e0	DAT_007e05e0	0x1d	code	Material.obj private code contribution; manually verified relocation topology has no embedded data and retail COFF bounds prove the 0x1d-byte extent
0x7d0600	DAT_007e0600	0x21	code	Instance.obj private code contribution; manually verified relocation topology has no embedded data and retail COFF bounds prove the 0x21-byte extent
0x7d0630	DAT_007e0630	0x1d	code	Instance.obj private code contribution; manually verified relocation topology has no embedded data and retail COFF bounds prove the 0x1d-byte extent
0x7d0650	DAT_007e0650	0x1d	code	Instance.obj private code contribution; manually verified relocation topology has no embedded data and retail COFF bounds prove the 0x1d-byte extent
0x7d0670	DAT_007e0670	0x1d	code	Instance.obj private code contribution; manually verified relocation topology has no embedded data and retail COFF bounds prove the 0x1d-byte extent
0x7d0690	DAT_007e0690	0x1d	code	Instance.obj private code contribution; manually verified relocation topology has no embedded data and retail COFF bounds prove the 0x1d-byte extent
0x7d06b0	DAT_007e06b0	0x1d	code	Instance.obj private code contribution; manually verified relocation topology has no embedded data and retail COFF bounds prove the 0x1d-byte extent
0x7d06d0	DAT_007e06d0	0x21	code	Instance.obj private code contribution; manually verified relocation topology has no embedded data and retail COFF bounds prove the 0x21-byte extent
0x7d0700	DAT_007e0700	0x1d	code	Instance.obj private code contribution; manually verified relocation topology has no embedded data and retail COFF bounds prove the 0x1d-byte extent
0x7d0720	DAT_007e0720	0x1d	code	Instance.obj private code contribution; manually verified relocation topology has no embedded data and retail COFF bounds prove the 0x1d-byte extent
0x7d0740	DAT_007e0740	0x21	code	Grass.obj private code contribution; manually verified relocation topology has no embedded data and retail COFF bounds prove the 0x21-byte extent
0x7d0770	DAT_007e0770	0x1d	code	Grass.obj private code contribution; manually verified relocation topology has no embedded data and retail COFF bounds prove the 0x1d-byte extent
0x7d0790	DAT_007e0790	0x1d	code	Grass.obj private code contribution; manually verified relocation topology has no embedded data and retail COFF bounds prove the 0x1d-byte extent
0x7d07b0	DAT_007e07b0	0x1d	code	Grass.obj private code contribution; manually verified relocation topology has no embedded data and retail COFF bounds prove the 0x1d-byte extent
0x7d07d0	DAT_007e07d0	0x1d	code	Grass.obj private code contribution; manually verified relocation topology has no embedded data and retail COFF bounds prove the 0x1d-byte extent
0x7d07f0	DAT_007e07f0	0x1d	code	Grass.obj private code contribution; manually verified relocation topology has no embedded data and retail COFF bounds prove the 0x1d-byte extent
0x7d0810	DAT_007e0810	0x21	code	Grass.obj private code contribution; manually verified relocation topology has no embedded data and retail COFF bounds prove the 0x21-byte extent
0x7d0840	DAT_007e0840	0x1d	code	Grass.obj private code contribution; manually verified relocation topology has no embedded data and retail COFF bounds prove the 0x1d-byte extent
0x7d0860	DAT_007e0860	0x1d	code	Grass.obj private code contribution; manually verified relocation topology has no embedded data and retail COFF bounds prove the 0x1d-byte extent
0x7d0880	DAT_007e0880	0x21	code	Forest.obj private code contribution; manually verified relocation topology has no embedded data and retail COFF bounds prove the 0x21-byte extent
0x7d08b0	DAT_007e08b0	0x1d	code	Forest.obj private code contribution; manually verified relocation topology has no embedded data and retail COFF bounds prove the 0x1d-byte extent
0x7d08d0	DAT_007e08d0	0x1d	code	Forest.obj private code contribution; manually verified relocation topology has no embedded data and retail COFF bounds prove the 0x1d-byte extent
0x7d08f0	DAT_007e08f0	0x1d	code	Forest.obj private code contribution; manually verified relocation topology has no embedded data and retail COFF bounds prove the 0x1d-byte extent
0x7d0910	DAT_007e0910	0x1d	code	Forest.obj private code contribution; manually verified relocation topology has no embedded data and retail COFF bounds prove the 0x1d-byte extent
0x7d0930	DAT_007e0930	0x1d	code	Forest.obj private code contribution; manually verified relocation topology has no embedded data and retail COFF bounds prove the 0x1d-byte extent
0x7d0950	DAT_007e0950	0x21	code	Forest.obj private code contribution; manually verified relocation topology has no embedded data and retail COFF bounds prove the 0x21-byte extent
0x7d0980	DAT_007e0980	0x1d	code	Forest.obj private code contribution; manually verified relocation topology has no embedded data and retail COFF bounds prove the 0x1d-byte extent
0x7d09a0	DAT_007e09a0	0x1d	code	Forest.obj private code contribution; manually verified relocation topology has no embedded data and retail COFF bounds prove the 0x1d-byte extent
0x7e34d0	DAT_007f34d0	0xb	code	error_code.obj private code contribution; manually verified relocation topology has no embedded data and retail COFF bounds prove the 0xb-byte extent
0x7e34e0	DAT_007f34e0	0xb	code	error_code.obj private code contribution; manually verified relocation topology has no embedded data and retail COFF bounds prove the 0xb-byte extent
0x7e34f0	DAT_007f34f0	0x35	code	error_code.obj private code contribution; manually verified relocation topology has no embedded data and retail COFF bounds prove the 0x35-byte extent
0x7e3530	DAT_007f3530	0x1b	code	Core.obj private code contribution; manually verified relocation topology has no embedded data and retail COFF bounds prove the 0x1b-byte extent
0x7e3550	DAT_007f3550	0x10	code	Core.obj private code contribution; manually verified relocation topology has no embedded data and retail COFF bounds prove the 0x10-byte extent
0x7e3560	DAT_007f3560	0x26	code	Core.obj private code contribution; manually verified relocation topology has no embedded data and retail COFF bounds prove the 0x26-byte extent
0x7e3590	DAT_007f3590	0xf	code	Core.obj private code contribution; manually verified relocation topology has no embedded data and retail COFF bounds prove the 0xf-byte extent
0x7e35a0	DAT_007f35a0	0x19	code	CoordSys.obj private code contribution; manually verified relocation topology has no embedded data and retail COFF bounds prove the 0x19-byte extent
0x7e35c0	DAT_007f35c0	0x19	code	CoordSys.obj private code contribution; manually verified relocation topology has no embedded data and retail COFF bounds prove the 0x19-byte extent
0x7e35e0	DAT_007f35e0	0x19	code	CoordSys.obj private code contribution; manually verified relocation topology has no embedded data and retail COFF bounds prove the 0x19-byte extent
0x7e3600	DAT_007f3600	0x19	code	CoordSys.obj private code contribution; manually verified relocation topology has no embedded data and retail COFF bounds prove the 0x19-byte extent
0x8067b0	?_S_classic_table@?1??classic_table@?$ctype@D@stlp_std@@KAPBW4mask@ctype_base@3@XZ@4QBW4453@B	0x400	stlp_std::ctype_base::mask const[256]	Exact ctype.obj CodeView local static; STLport type-server record 0x2fd7 proves a 1024-byte array of 256 const mask enums
0x813b30	DAT_00823B30	0x4	float const	SpeedTree Instance.obj anonymous 0x40c90fdb constant; the sole reference is an fmul dword
0x817460	DAT_00827460	0x10	double const[2]	CRT _pow_pentium4_.obj anonymous aligned pool; movapd consumes exactly two doubles before exp2_tbl
0x817cc0	DAT_00827CC0	0x10	double const[2]	CRT _pow_pentium4_.obj anonymous aligned pool; both references consume one xmmword
0x817cd0	DAT_00827CD0	0x8	double const	CRT _pow_pentium4_.obj anonymous scalar pool; both references consume one qword before PDB-owned HALFSIG
0x817da0	DAT_00827DA0	0x10	double const[2]	CRT _exp_pentium4_.obj anonymous aligned coefficient pair; movapd consumes one xmmword
0x817db0	DAT_00827DB0	0x10	double const[2]	CRT _exp_pentium4_.obj anonymous aligned coefficient pair; movapd consumes one xmmword
0x817dc0	DAT_00827DC0	0x10	double const[2]	CRT _exp_pentium4_.obj anonymous aligned coefficient pair; movapd consumes one xmmword
0x817dd0	DAT_00827DD0	0x10	double const[2]	CRT _exp_pentium4_.obj anonymous aligned coefficient pair; movapd consumes one xmmword
0x819978	DAT_00829978	0x8	double const	CRT _asin_pentium4_.obj anonymous scalar pool; movlpd consumes one qword between PI_BY_2 and SIGNMASK
0x8199b0	DAT_008299B0	0x8	double const	CRT _asin_pentium4_.obj anonymous scalar coefficient; both references consume one qword
0x8199b8	DAT_008299B8	0x8	double const	CRT _asin_pentium4_.obj anonymous scalar coefficient; both references consume one qword before cv2
0x8199d0	DAT_008299D0	0x10	double const[2]	CRT _asin_pentium4_.obj anonymous aligned coefficient pair; both references consume one xmmword
0x8199e0	DAT_008299E0	0x10	double const[2]	CRT _asin_pentium4_.obj anonymous aligned coefficient pair; both references consume one xmmword
0x8199f0	DAT_008299F0	0x10	double const[2]	CRT _asin_pentium4_.obj anonymous aligned coefficient pair; movapd consumes one xmmword
0x829034	?supported_nids@?1??X509_supported_extension@@9@9	0x2c	int const[11]	OpenSSL v3_purp.obj function-local supported extension NID table; exact COFF local and boundary
0x82bfe0	?local_it@?1??ASN1_SEQUENCE_ANY_it@@9@9	0x1c	ASN1_ITEM const	OpenSSL tasn_typ.obj function-local ASN1 item; exact COFF local and next-symbol boundary
0x82c010	?local_it@?1??ASN1_SET_ANY_it@@9@9	0x1c	ASN1_ITEM const	OpenSSL tasn_typ.obj function-local ASN1 item; exact COFF local and next-symbol boundary
0x82c4f4	?local_it@?1??X509_NAME_INTERNAL_it@@9@9	0x1c	ASN1_ITEM const	OpenSSL x_name.obj function-local ASN1 item; exact COFF local and next-symbol boundary
0x82c620	?local_it@?1??X509_EXTENSIONS_it@@9@9	0x1c	ASN1_ITEM const	OpenSSL x_exten.obj function-local ASN1 item; exact COFF local and next-symbol boundary
0x82cc94	?local_it@?1??X509_CERT_AUX_it@@9@9	0x1c	ASN1_ITEM const	OpenSSL x_x509a.obj function-local ASN1 item; exact COFF local and next-symbol boundary
0x82d7b4	?local_it@?1??RSAPrivateKey_it@@9@9	0x1c	ASN1_ITEM const	OpenSSL rsa_asn1.obj function-local ASN1 item; exact COFF local and next-symbol boundary
0x82d810	?local_it@?1??RSAPublicKey_it@@9@9	0x1c	ASN1_ITEM const	OpenSSL rsa_asn1.obj function-local ASN1 item; exact COFF local and next-symbol boundary
0x82d890	?local_it@?1??DSA_SIG_it@@9@9	0x1c	ASN1_ITEM const	OpenSSL dsa_asn1.obj function-local ASN1 item; exact COFF local and next-symbol boundary
0x82d8c4	?local_it@?1??DSAPrivateKey_it@@9@9	0x1c	ASN1_ITEM const	OpenSSL dsa_asn1.obj function-local ASN1 item; exact COFF local and next-symbol boundary
0x82d9ac	?local_it@?1??DSAparams_it@@9@9	0x1c	ASN1_ITEM const	OpenSSL dsa_asn1.obj function-local ASN1 item; exact COFF local and next-symbol boundary
0x82da74	?local_it@?1??DSAPublicKey_it@@9@9	0x1c	ASN1_ITEM const	OpenSSL dsa_asn1.obj function-local ASN1 item; exact COFF local and next-symbol boundary
0x82df50	?local_it@?1??EC_PRIVATEKEY_it@@9@9	0x1c	ASN1_ITEM const	OpenSSL ec_asn1.obj function-local ASN1 item; exact COFF local and next-symbol boundary
0x833060	?local_it@?1??PBE2PARAM_it@@9@9	0x1c	ASN1_ITEM const	OpenSSL p5_pbev2.obj function-local ASN1 item; exact COFF local and next-symbol boundary
0x83307c	?local_it@?1??PBKDF2PARAM_it@@9@9	0x1c	ASN1_ITEM const	OpenSSL p5_pbev2.obj function-local ASN1 item; exact COFF local and next-symbol boundary
0x83311c	?local_it@?1??PBEPARAM_it@@9@9	0x1c	ASN1_ITEM const	OpenSSL p5_pbe.obj function-local ASN1 item; exact COFF local and next-symbol boundary
0x839ec4	?local_it@?1??ECDSA_SIG_it@@9@9	0x1c	ASN1_ITEM const	OpenSSL ecs_asn1.obj function-local ASN1 item; exact COFF local and next-symbol boundary
0x83a0bc	?local_it@?1??DHparams_it@@9@9	0x1c	ASN1_ITEM const	OpenSSL dh_asn1.obj function-local ASN1 item; exact COFF local and next-symbol boundary
0x84e620	?digits@?2??png_format_number@@9@9	0x11	char const[17]	libpng 1.5.13 png_format_number local hexadecimal digit string; exact SDK source and COFF local
0x84e634	?valid_parameters@?3??png_formatted_warning@@9@9	0xa	char const[10]	libpng 1.5.13 png_formatted_warning local parameter digit string; exact SDK source and COFF local
0x84e640	_png_digit	0x10	char const[16]	libpng 1.5.13 pngerror.c file-static chunk-name hexadecimal digit table; exact SDK source and COFF symbol
0x84f2b8	?row_mask@?4??png_combine_row@@9@9	0x90	png_uint_32 const[2][3][6]	libpng 1.5.13 png_combine_row local compile-time row masks; exact SDK source and COFF local
0x84f348	?display_mask@?4??png_combine_row@@9@9	0x48	png_uint_32 const[2][3][3]	libpng 1.5.13 png_combine_row local compile-time display masks; exact SDK source and COFF local
0x84f390	?png_pass_inc@?1??png_do_read_interlace@@9@9	0x1c	int const[7]	libpng 1.5.13 png_do_read_interlace local pass increment table; exact SDK source and COFF local
0x84f3ac	?png_pass_start@?1??png_read_finish_row@@9@9	0x7	png_byte const[7]	libpng 1.5.13 png_read_finish_row local pass-start table; exact SDK source and COFF local
0x84f3b4	?png_pass_inc@?1??png_read_finish_row@@9@9	0x7	png_byte const[7]	libpng 1.5.13 png_read_finish_row local pass-increment table; exact SDK source and COFF local
0x84f3bc	?png_pass_ystart@?1??png_read_finish_row@@9@9	0x7	png_byte const[7]	libpng 1.5.13 png_read_finish_row local vertical-start table; exact SDK source and COFF local
0x84f3c4	?png_pass_yinc@?1??png_read_finish_row@@9@9	0x7	png_byte const[7]	libpng 1.5.13 png_read_finish_row local vertical-increment table; exact SDK source and COFF local
0x84f3cc	?png_pass_start@?1??png_read_start_row@@9@9	0x7	png_byte const[7]	libpng 1.5.13 png_read_start_row local pass-start table; exact SDK source and COFF local
0x84f3d4	?png_pass_inc@?1??png_read_start_row@@9@9	0x7	png_byte const[7]	libpng 1.5.13 png_read_start_row local pass-increment table; exact SDK source and COFF local
0x84f3dc	?png_pass_ystart@?1??png_read_start_row@@9@9	0x7	png_byte const[7]	libpng 1.5.13 png_read_start_row local vertical-start table; exact SDK source and COFF local
0x84f3e4	?png_pass_yinc@?1??png_read_start_row@@9@9	0x7	png_byte const[7]	libpng 1.5.13 png_read_start_row local vertical-increment table; exact SDK source and COFF local
0x8505a0	_onebppswaptable	0x100	png_byte const[256]	libpng 1.5.13 pngtrans.c file-static one-bit pixel reversal table; exact SDK source and COFF symbol
0x8506a0	_twobppswaptable	0x100	png_byte const[256]	libpng 1.5.13 pngtrans.c file-static two-bit pixel reversal table; exact SDK source and COFF symbol
0x8507a0	_fourbppswaptable	0x100	png_byte const[256]	libpng 1.5.13 pngtrans.c file-static four-bit pixel reversal table; exact SDK source and COFF symbol
0x8508a0	?png_pass_start@?1??png_write_finish_row@@9@9	0x7	png_byte const[7]	libpng 1.5.13 png_write_finish_row local pass-start table; exact SDK source and COFF local
0x8508a8	?png_pass_inc@?1??png_write_finish_row@@9@9	0x7	png_byte const[7]	libpng 1.5.13 png_write_finish_row local pass-increment table; exact SDK source and COFF local
0x8508b0	?png_pass_ystart@?1??png_write_finish_row@@9@9	0x7	png_byte const[7]	libpng 1.5.13 png_write_finish_row local vertical-start table; exact SDK source and COFF local
0x8508b8	?png_pass_yinc@?1??png_write_finish_row@@9@9	0x7	png_byte const[7]	libpng 1.5.13 png_write_finish_row local vertical-increment table; exact SDK source and COFF local
0x8508c0	?png_pass_start@?1??png_write_start_row@@9@9	0x7	png_byte const[7]	libpng 1.5.13 png_write_start_row local pass-start table; exact SDK source and COFF local
0x8508c8	?png_pass_inc@?1??png_write_start_row@@9@9	0x7	png_byte const[7]	libpng 1.5.13 png_write_start_row local pass-increment table; exact SDK source and COFF local
0x8508d0	?png_pass_ystart@?1??png_write_start_row@@9@9	0x7	png_byte const[7]	libpng 1.5.13 png_write_start_row local vertical-start table; exact SDK source and COFF local
0x8508d8	?png_pass_yinc@?1??png_write_start_row@@9@9	0x7	png_byte const[7]	libpng 1.5.13 png_write_start_row local vertical-increment table; exact SDK source and COFF local
0x8508e0	?png_pass_start@?1??png_do_write_interlace@@9@9	0x7	png_byte const[7]	libpng 1.5.13 png_do_write_interlace local pass-start table; exact SDK source and COFF local
0x8508e8	?png_pass_inc@?1??png_do_write_interlace@@9@9	0x7	png_byte const[7]	libpng 1.5.13 png_do_write_interlace local pass-increment table; exact SDK source and COFF local
0x852600	_first_pool_slop	0x8	size_t const[2]	libjpeg 8d jmemmgr.c first-pool slop sizes; exact SDK source and COFF symbol
0x852608	_extra_pool_slop	0x8	size_t const[2]	libjpeg 8d jmemmgr.c later-pool slop sizes; exact SDK source and COFF symbol
0x852620	_jpeg_zigzag_order	0x100	int const[8][8]	libjpeg 8d jdhuff.c file-static 8x8 zigzag order; exact SDK source and allocation boundary
0x852720	_jpeg_zigzag_order7	0xc4	int const[7][7]	libjpeg 8d jdhuff.c file-static 7x7 zigzag order; exact SDK source and allocation boundary
0x8527e4	_jpeg_zigzag_order6	0x90	int const[6][6]	libjpeg 8d jdhuff.c file-static 6x6 zigzag order; exact SDK source and allocation boundary
0x852874	_jpeg_zigzag_order5	0x64	int const[5][5]	libjpeg 8d jdhuff.c file-static 5x5 zigzag order; exact SDK source and allocation boundary
0x8528d8	_jpeg_zigzag_order4	0x40	int const[4][4]	libjpeg 8d jdhuff.c file-static 4x4 zigzag order; exact SDK source and allocation boundary
0x852918	_jpeg_zigzag_order3	0x24	int const[3][3]	libjpeg 8d jdhuff.c file-static 3x3 zigzag order; exact SDK source and allocation boundary
0x85294c	_bmask	0x40	int const[16]	libjpeg 8d jdhuff.c file-static low-bit masks; exact SDK source and COFF symbol
0x852e88	?aanscales@?8??start_pass@@9@9	0x80	INT16 const[64]	libjpeg 8d jddctmgr.c start_pass integer AA&N scale table; exact SDK source and COFF local
0x852f08	?aanscalefactor@?L@??start_pass@@9@9	0x40	double const[8]	libjpeg 8d jddctmgr.c start_pass floating AA&N scale factors; exact SDK source and COFF local
0x852f48	_base_dither_matrix	0x100	UINT8 const[16][16]	libjpeg 8d jquant1.c file-static ordered-dither base matrix; exact SDK source and COFF symbol
0x853048	?RGB_order@?1??select_ncolors@@9@9	0xc	int const[3]	libjpeg 8d jquant1.c select_ncolors local RGB component order; exact SDK source and COFF local
0x8559e8	?functionTypes@?1??EventId_GetFunctionNameBuiltinType@AS2@GFx@Scaleform@@YA?AW4ASBuiltinType@234@ABVEventId@34@@Z@4QBW45234@B	0x8c	Scaleform::GFx::AS2::ASBuiltinType const[35]	Scaleform AS2 event-to-builtin dispatch table; exact SDK source, COFF local, and next-symbol boundary
0x8780c0	_verbnames	0x2b	char const[43]	PCRE pcre_compile.c packed special-verb names; exact SDK source and COFF symbol
0x8780f0	_verbs	0x6c	verbitem const[9]	PCRE pcre_compile.c special-verb descriptors; exact SDK source and COFF symbol
0x87815c	_verbcount	0x4	int const	PCRE pcre_compile.c special-verb descriptor count; exact SDK source and COFF symbol
0x878160	_posix_names	0x54	char const[84]	PCRE pcre_compile.c packed POSIX class names; exact SDK source and boundary at posix_name_lengths
0x8781b4	_posix_name_lengths	0xf	uschar const[15]	PCRE pcre_compile.c packed POSIX class-name lengths; exact SDK source and COFF symbol
0x8781c8	_posix_class_maps	0xa8	int const[14][3]	PCRE pcre_compile.c POSIX class opcode maps; exact SDK source and COFF symbol
0x878270	_error_texts	0xac0	char const[2752]	PCRE pcre_compile.c packed compile-error strings; exact SDK source and COFF boundary at _digitab
0x878d30	_digitab	0x100	unsigned char const[256]	PCRE pcre_compile.c compile-time character table; exact SDK source and COFF symbol
0x878ecc	_rep_min	0x6	char const[6]	PCRE pcre_exec.c repeat-opcode minimum-count table; exact SDK source and COFF symbol
0x878ed4	_rep_max	0x6	char const[6]	PCRE pcre_exec.c repeat-opcode maximum-count table; exact SDK source and COFF symbol
0x87a138	_implicitContext	0x29	XML_Char const[41]	Expat xmlparse.c implicit namespace context string; exact SDK source and COFF symbol
0x87a20c	?xmlLen@?1??addBinding@@9@9	0x4	int const	Expat addBinding function-local length of the reserved xml prefix
0x87a258	?xmlNamespace@?1??addBinding@@9@9	0x25	XML_Char const[37]	Expat addBinding function-local XML namespace URI
0x87a280	?xmlnsNamespace@?1??addBinding@@9@9	0x1e	XML_Char const[30]	Expat addBinding function-local xmlns namespace URI
0x87a2a0	?xmlnsLen@?1??addBinding@@9@9	0x4	int const	Expat addBinding function-local length of the xmlns namespace URI
0x87a2a4	?externalSubsetName@?1??doProlog@@9@9	0x2	XML_Char const[2]	Expat doProlog function-local external-subset sentinel
0x87a2a8	?atypeCDATA@?1??doProlog@@9@9	0x6	XML_Char const[6]	Expat doProlog function-local CDATA attribute-type name
0x87a2b0	?atypeID@?1??doProlog@@9@9	0x3	XML_Char const[3]	Expat doProlog function-local ID attribute-type name
0x87a2b4	?atypeIDREF@?1??doProlog@@9@9	0x6	XML_Char const[6]	Expat doProlog function-local IDREF attribute-type name
0x87a2bc	?atypeIDREFS@?1??doProlog@@9@9	0x7	XML_Char const[7]	Expat doProlog function-local IDREFS attribute-type name
0x87a2c4	?atypeENTITY@?1??doProlog@@9@9	0x7	XML_Char const[7]	Expat doProlog function-local ENTITY attribute-type name
0x87a2cc	?atypeENTITIES@?1??doProlog@@9@9	0x9	XML_Char const[9]	Expat doProlog function-local ENTITIES attribute-type name
0x87a2d8	?atypeNMTOKEN@?1??doProlog@@9@9	0x8	XML_Char const[8]	Expat doProlog function-local NMTOKEN attribute-type name
0x87a2e0	?atypeNMTOKENS@?1??doProlog@@9@9	0x9	XML_Char const[9]	Expat doProlog function-local NMTOKENS attribute-type name
0x87a2ec	?notationPrefix@?1??doProlog@@9@9	0xa	XML_Char const[10]	Expat doProlog function-local NOTATION attribute-type prefix
0x87a2f8	?enumValueSep@?1??doProlog@@9@9	0x2	XML_Char const[2]	Expat doProlog function-local enumeration separator
0x87a2fc	?enumValueStart@?1??doProlog@@9@9	0x2	XML_Char const[2]	Expat doProlog function-local enumeration opener
0x87a300	_namingBitmap	0x500	unsigned int const[320]	Expat nametab.h Unicode XML-name bitmap; exact SDK source and COFF symbol
0x87a800	_nmstrtPages	0x100	unsigned char const[256]	Expat nametab.h Unicode name-start page map; exact SDK source and COFF symbol
0x87a900	_namePages	0x100	unsigned char const[256]	Expat nametab.h Unicode name-character page map; exact SDK source and COFF symbol
0x87aa00	?CDATA_LSQB@?1??normal_scanCdataSection@@9@9	0x6	char const[6]	Expat normal_scanCdataSection function-local CDATA delimiter suffix
0x87aa08	_utf8_encoding_ns	0x170	struct normal_encoding const	Expat xmltok.c namespace-aware UTF-8 encoding descriptor; exact SDK source and COFF symbol
0x87ab78	_utf8_encoding	0x170	struct normal_encoding const	Expat xmltok.c UTF-8 encoding descriptor; exact SDK source and COFF symbol
0x87ace8	_internal_utf8_encoding_ns	0x170	struct normal_encoding const	Expat xmltok.c namespace-aware internal UTF-8 encoding descriptor; exact SDK source and COFF symbol
0x87ae58	_internal_utf8_encoding	0x170	struct normal_encoding const	Expat xmltok.c internal UTF-8 encoding descriptor; exact SDK source and COFF symbol
0x87afc8	_latin1_encoding_ns	0x170	struct normal_encoding const	Expat xmltok.c namespace-aware Latin-1 encoding descriptor; exact SDK source and COFF symbol
0x87b138	_latin1_encoding	0x170	struct normal_encoding const	Expat xmltok.c Latin-1 encoding descriptor; exact SDK source and COFF symbol
0x87b2a8	_ascii_encoding_ns	0x170	struct normal_encoding const	Expat xmltok.c namespace-aware ASCII encoding descriptor; exact SDK source and COFF symbol
0x87b418	_ascii_encoding	0x170	struct normal_encoding const	Expat xmltok.c ASCII encoding descriptor; exact SDK source and COFF symbol
0x87b588	?CDATA_LSQB@?1??little2_scanCdataSection@@9@9	0x6	char const[6]	Expat little2_scanCdataSection function-local CDATA delimiter suffix
0x87b590	_little2_encoding_ns	0x170	struct normal_encoding const	Expat xmltok.c namespace-aware little-endian UTF-16 descriptor; exact SDK source and COFF symbol
0x87b700	_little2_encoding	0x170	struct normal_encoding const	Expat xmltok.c little-endian UTF-16 descriptor; exact SDK source and COFF symbol
0x87bb50	?CDATA_LSQB@?1??big2_scanCdataSection@@9@9	0x6	char const[6]	Expat big2_scanCdataSection function-local CDATA delimiter suffix
0x87bb58	_big2_encoding_ns	0x170	struct normal_encoding const	Expat xmltok.c namespace-aware big-endian UTF-16 descriptor; exact SDK source and COFF symbol
0x87bcc8	_big2_encoding	0x170	struct normal_encoding const	Expat xmltok.c big-endian UTF-16 descriptor; exact SDK source and COFF symbol
0x87be38	_KW_version	0x8	char const[8]	Expat xmltok.c XML-declaration version keyword
0x87be40	_KW_encoding	0x9	char const[9]	Expat xmltok.c XML-declaration encoding keyword
0x87be4c	_KW_standalone	0xb	char const[11]	Expat xmltok.c XML-declaration standalone keyword
0x87be58	_KW_yes	0x4	char const[4]	Expat xmltok.c XML-declaration yes keyword
0x87be5c	_KW_no	0x3	char const[3]	Expat xmltok.c XML-declaration no keyword
0x87be60	_KW_ISO_8859_1	0xb	char const[11]	Expat xmltok.c canonical ISO-8859-1 encoding name
0x87be6c	_KW_US_ASCII	0x9	char const[9]	Expat xmltok.c canonical US-ASCII encoding name
0x87be78	_KW_UTF_8	0x6	char const[6]	Expat xmltok.c canonical UTF-8 encoding name
0x87be80	_KW_UTF_16	0x7	char const[7]	Expat xmltok.c canonical UTF-16 encoding name
0x87be88	_KW_UTF_16BE	0x9	char const[9]	Expat xmltok.c canonical big-endian UTF-16 encoding name
0x87be94	_KW_UTF_16LE	0x9	char const[9]	Expat xmltok.c canonical little-endian UTF-16 encoding name
0x87bea0	?encodingNames@?1??getEncodingIndex@@9@9	0x18	char const * const[6]	Expat getEncodingIndex function-local table of canonical encoding-name strings
0x87beb8	_encodings	0x1c	ENCODING const * const[7]	Expat xmltok.c non-namespace encoding descriptor table
0x87bed4	_encodingsNS	0x1c	ENCODING const * const[7]	Expat xmltok.c namespace-aware encoding descriptor table
0x87bef0	_KW_ANY	0x4	char const[4]	Expat xmlrole.c ANY DTD keyword
0x87bef4	_KW_ATTLIST	0x8	char const[8]	Expat xmlrole.c ATTLIST DTD keyword
0x87befc	_KW_CDATA	0x6	char const[6]	Expat xmlrole.c CDATA DTD keyword
0x87bf04	_KW_DOCTYPE	0x8	char const[8]	Expat xmlrole.c DOCTYPE DTD keyword
0x87bf0c	_KW_ELEMENT	0x8	char const[8]	Expat xmlrole.c ELEMENT DTD keyword
0x87bf14	_KW_EMPTY	0x6	char const[6]	Expat xmlrole.c EMPTY DTD keyword
0x87bf1c	_KW_ENTITIES	0x9	char const[9]	Expat xmlrole.c ENTITIES DTD keyword
0x87bf28	_KW_ENTITY	0x7	char const[7]	Expat xmlrole.c ENTITY DTD keyword
0x87bf30	_KW_FIXED	0x6	char const[6]	Expat xmlrole.c FIXED DTD keyword
0x87bf38	_KW_ID	0x3	char const[3]	Expat xmlrole.c ID DTD keyword
0x87bf3c	_KW_IDREF	0x6	char const[6]	Expat xmlrole.c IDREF DTD keyword
0x87bf44	_KW_IDREFS	0x7	char const[7]	Expat xmlrole.c IDREFS DTD keyword
0x87bf4c	_KW_IGNORE	0x7	char const[7]	Expat xmlrole.c IGNORE DTD keyword
0x87bf54	_KW_IMPLIED	0x8	char const[8]	Expat xmlrole.c IMPLIED DTD keyword
0x87bf5c	_KW_INCLUDE	0x8	char const[8]	Expat xmlrole.c INCLUDE DTD keyword
0x87bf64	_KW_NDATA	0x6	char const[6]	Expat xmlrole.c NDATA DTD keyword
0x87bf6c	_KW_NMTOKEN	0x8	char const[8]	Expat xmlrole.c NMTOKEN DTD keyword
0x87bf74	_KW_NMTOKENS	0x9	char const[9]	Expat xmlrole.c NMTOKENS DTD keyword
0x87bf80	_KW_NOTATION	0x9	char const[9]	Expat xmlrole.c NOTATION DTD keyword
0x87bf8c	_KW_PCDATA	0x7	char const[7]	Expat xmlrole.c PCDATA DTD keyword
0x87bf94	_KW_PUBLIC	0x7	char const[7]	Expat xmlrole.c PUBLIC DTD keyword
0x87bf9c	_KW_REQUIRED	0x9	char const[9]	Expat xmlrole.c REQUIRED DTD keyword
0x87bfa8	_KW_SYSTEM	0x7	char const[7]	Expat xmlrole.c SYSTEM DTD keyword
0x87bfb0	?types@?3??attlist2@@9@9	0x20	char const * const[8]	Expat attlist2 function-local table of DTD attribute-type keywords
0x87c400	_lenfix	0x800	code const[512]	zlib inflate.c fixed literal/length decoding table generated by inffixed.h
0x87cc00	_distfix	0x80	code const[32]	zlib inflate.c fixed distance decoding table generated by inffixed.h
0x88c83c	??_C@_0P@GHFPNOJB@bad?5allocation?$AA@	0xf	char const[15]	MSVC90 CRT stdexcpt.obj bad_alloc message; exact COMDAT symbol and extent
0x995674	__catchsym$?_S_chunk_alloc@__node_alloc_impl@stlp_std@@CAPADIAAH@Z$2	0x10	EH::HandlerType	MSVC90 catch-handler descriptor from STLport allocators.o; exact COFF symbol
0x995684	__unwindtable$?_S_chunk_alloc@__node_alloc_impl@stlp_std@@CAPADIAAH@Z	0x10	EH::UnwindMapEntry[2]	MSVC90 unwind map from STLport allocators.o; exact COFF symbol
0x995694	__tryblocktable$?_S_chunk_alloc@__node_alloc_impl@stlp_std@@CAPADIAAH@Z	0x14	EH::TryBlockMapEntry	MSVC90 try-block map from STLport allocators.o; exact COFF symbol
0x9956a8	__ehfuncinfo$?_S_chunk_alloc@__node_alloc_impl@stlp_std@@CAPADIAAH@Z	0x24	EH::FuncInfo	MSVC90 function EH descriptor from STLport allocators.o; exact COFF symbol
0x9956cc	__catchsym$?imbue@?$basic_ios@_WV?$char_traits@_W@stlp_std@@@stlp_std@@QAE?AVlocale@2@ABV32@@Z$5	0x10	EH::HandlerType	MSVC90 catch-handler descriptor from STLport iostream.o; exact COFF symbol
0x9956dc	__tryblocktable$?imbue@?$basic_ios@_WV?$char_traits@_W@stlp_std@@@stlp_std@@QAE?AVlocale@2@ABV32@@Z	0x14	EH::TryBlockMapEntry	MSVC90 try-block map from STLport iostream.o; exact COFF symbol
0x9956f0	__unwindtable$?imbue@?$basic_ios@_WV?$char_traits@_W@stlp_std@@@stlp_std@@QAE?AVlocale@2@ABV32@@Z	0x18	EH::UnwindMapEntry[3]	MSVC90 unwind map from STLport iostream.o; exact COFF symbol
0x995708	__ehfuncinfo$?imbue@?$basic_ios@_WV?$char_traits@_W@stlp_std@@@stlp_std@@QAE?AVlocale@2@ABV32@@Z	0x24	EH::FuncInfo	MSVC90 function EH descriptor from STLport iostream.o; exact COFF symbol
0x99572c	__unwindtable$?init@?$basic_ios@_WV?$char_traits@_W@stlp_std@@@stlp_std@@IAEXPAV?$basic_streambuf@_WV?$char_traits@_W@stlp_std@@@2@@Z	0x8	EH::UnwindMapEntry	MSVC90 unwind map from STLport iostream.o; exact COFF symbol
0x995734	__ehfuncinfo$?init@?$basic_ios@_WV?$char_traits@_W@stlp_std@@@stlp_std@@IAEXPAV?$basic_streambuf@_WV?$char_traits@_W@stlp_std@@@2@@Z	0x24	EH::FuncInfo	MSVC90 function EH descriptor from STLport iostream.o; exact COFF symbol
0x995758	__unwindtable$??0?$basic_ostream@_WV?$char_traits@_W@stlp_std@@@stlp_std@@QAE@PAV?$basic_streambuf@_WV?$char_traits@_W@stlp_std@@@1@@Z	0x8	EH::UnwindMapEntry	MSVC90 unwind map from STLport iostream.o; exact COFF symbol
0x995760	__ehfuncinfo$??0?$basic_ostream@_WV?$char_traits@_W@stlp_std@@@stlp_std@@QAE@PAV?$basic_streambuf@_WV?$char_traits@_W@stlp_std@@@1@@Z	0x24	EH::FuncInfo	MSVC90 function EH descriptor from STLport iostream.o; exact COFF symbol
0x995784	__unwindtable$??0?$basic_istream@_WV?$char_traits@_W@stlp_std@@@stlp_std@@QAE@PAV?$basic_streambuf@_WV?$char_traits@_W@stlp_std@@@1@@Z	0x8	EH::UnwindMapEntry	MSVC90 unwind map from STLport iostream.o; exact COFF symbol
0x99578c	__ehfuncinfo$??0?$basic_istream@_WV?$char_traits@_W@stlp_std@@@stlp_std@@QAE@PAV?$basic_streambuf@_WV?$char_traits@_W@stlp_std@@@1@@Z	0x24	EH::FuncInfo	MSVC90 function EH descriptor from STLport iostream.o; exact COFF symbol
0x9957b0	__unwindtable$??0?$basic_filebuf@_WV?$char_traits@_W@stlp_std@@@stlp_std@@QAE@XZ	0x10	EH::UnwindMapEntry[2]	MSVC90 unwind map from STLport iostream.o; exact COFF symbol
0x9957c0	__ehfuncinfo$??0?$basic_filebuf@_WV?$char_traits@_W@stlp_std@@@stlp_std@@QAE@XZ	0x24	EH::FuncInfo	MSVC90 function EH descriptor from STLport iostream.o; exact COFF symbol
0x9957e4	__unwindtable$??1?$basic_filebuf@_WV?$char_traits@_W@stlp_std@@@stlp_std@@UAE@XZ	0x8	EH::UnwindMapEntry	MSVC90 unwind map from STLport iostream.o; exact COFF symbol
0x9957ec	__ehfuncinfo$??1?$basic_filebuf@_WV?$char_traits@_W@stlp_std@@@stlp_std@@UAE@XZ	0x24	EH::FuncInfo	MSVC90 function EH descriptor from STLport iostream.o; exact COFF symbol
0x995810	__unwindtable$??0?$basic_filebuf@DV?$char_traits@D@stlp_std@@@stlp_std@@QAE@XZ	0x10	EH::UnwindMapEntry[2]	MSVC90 unwind map from STLport iostream.o; exact COFF symbol
0x995820	__ehfuncinfo$??0?$basic_filebuf@DV?$char_traits@D@stlp_std@@@stlp_std@@QAE@XZ	0x24	EH::FuncInfo	MSVC90 function EH descriptor from STLport iostream.o; exact COFF symbol
0x995844	__unwindtable$??1?$basic_filebuf@DV?$char_traits@D@stlp_std@@@stlp_std@@UAE@XZ	0x8	EH::UnwindMapEntry	MSVC90 unwind map from STLport iostream.o; exact COFF symbol
0x99584c	__ehfuncinfo$??1?$basic_filebuf@DV?$char_traits@D@stlp_std@@@stlp_std@@UAE@XZ	0x24	EH::FuncInfo	MSVC90 function EH descriptor from STLport iostream.o; exact COFF symbol
0x995870	__unwindtable$?_Stl_create_wfilebuf@stlp_std@@YAPAV?$basic_filebuf@_WV?$char_traits@_W@stlp_std@@@1@PAU_iobuf@@H@Z	0x10	EH::UnwindMapEntry[2]	MSVC90 unwind map from STLport iostream.o; exact COFF symbol
0x995880	__ehfuncinfo$?_Stl_create_wfilebuf@stlp_std@@YAPAV?$basic_filebuf@_WV?$char_traits@_W@stlp_std@@@1@PAU_iobuf@@H@Z	0x24	EH::FuncInfo	MSVC90 function EH descriptor from STLport iostream.o; exact COFF symbol
0x9958a4	__ehfuncinfo$?_S_initialize@ios_base@stlp_std@@KAXXZ	0x24	EH::FuncInfo	MSVC90 function EH descriptor from STLport iostream.o; exact COFF symbol
0x9958c8	__unwindtable$?_S_initialize@ios_base@stlp_std@@KAXXZ	0xa0	EH::UnwindMapEntry[20]	MSVC90 unwind map from STLport iostream.o; exact COFF symbol and xdata-section boundary
0x995968	__ehfuncinfo$?sync_with_stdio@ios_base@stlp_std@@SA_N_N@Z	0x24	EH::FuncInfo	MSVC90 function EH descriptor from STLport iostream.o; exact COFF symbol
0x99598c	__unwindtable$?sync_with_stdio@ios_base@stlp_std@@SA_N_N@Z	0x40	EH::UnwindMapEntry[8]	MSVC90 unwind map from STLport iostream.o; exact COFF symbol and xdata-section boundary
0x9959cc	__unwindtable$?_M_throw_on_null_name@locale@stlp_std@@SAXXZ	0x10	EH::UnwindMapEntry[2]	MSVC90 unwind map from STLport locale.o; exact COFF symbol
0x9959dc	__ehfuncinfo$?_M_throw_on_null_name@locale@stlp_std@@SAXXZ	0x24	EH::FuncInfo	MSVC90 function EH descriptor from STLport locale.o; exact COFF symbol
0x995a00	__unwindtable$??1ios_base@stlp_std@@UAE@XZ	0x8	EH::UnwindMapEntry	MSVC90 unwind map from STLport ios.o; exact COFF symbol
0x995a08	__ehfuncinfo$??1ios_base@stlp_std@@UAE@XZ	0x24	EH::FuncInfo	MSVC90 function EH descriptor from STLport ios.o; exact COFF symbol
0x995a2c	__unwindtable$?imbue@ios_base@stlp_std@@QAE?AVlocale@2@ABV32@@Z	0x8	EH::UnwindMapEntry	MSVC90 unwind map from STLport ios.o; exact COFF symbol
0x995a34	__ehfuncinfo$?imbue@ios_base@stlp_std@@QAE?AVlocale@2@ABV32@@Z	0x24	EH::FuncInfo	MSVC90 function EH descriptor from STLport ios.o; exact COFF symbol
0x995acc	__unwindtable$??1_Time_Info_Base@priv@stlp_std@@QAE@XZ	0x20	EH::UnwindMapEntry[4]	MSVC90 unwind map from STLport locale_impl.o; exact COFF symbol
0x995aec	__ehfuncinfo$??1_Time_Info_Base@priv@stlp_std@@QAE@XZ	0x24	EH::FuncInfo	MSVC90 function EH descriptor from STLport locale_impl.o; exact COFF symbol
0x995b10	__unwindtable$??1_Locale_impl@stlp_std@@AAE@XZ	0x10	EH::UnwindMapEntry[2]	MSVC90 unwind map from STLport locale_impl.o; exact COFF symbol
0x995b20	__ehfuncinfo$??1_Locale_impl@stlp_std@@AAE@XZ	0x24	EH::FuncInfo	MSVC90 function EH descriptor from STLport locale_impl.o; exact COFF symbol
0x995b44	__unwindtable$??1_Time_Info@priv@stlp_std@@QAE@XZ	0x18	EH::UnwindMapEntry[3]	MSVC90 unwind map from STLport locale_impl.o; exact COFF symbol
0x995b5c	__ehfuncinfo$??1_Time_Info@priv@stlp_std@@QAE@XZ	0x24	EH::FuncInfo	MSVC90 function EH descriptor from STLport locale_impl.o; exact COFF symbol
0x995b80	__unwindtable$??1_WTime_Info@priv@stlp_std@@QAE@XZ	0x18	EH::UnwindMapEntry[3]	MSVC90 unwind map from STLport locale_impl.o; exact COFF symbol
0x995b98	__ehfuncinfo$??1_WTime_Info@priv@stlp_std@@QAE@XZ	0x24	EH::FuncInfo	MSVC90 function EH descriptor from STLport locale_impl.o; exact COFF symbol
0x995bbc	DAT_009a5bbc	0x10	EH::UnwindMapEntry[2]	reviewed retail metadata: FuncInfo 0x995bcc states=2 points to this unwind map
0x995bcc	DAT_009a5bcc	0x24	EH::FuncInfo	reviewed retail metadata: MSVC90 FuncInfo header proves its 0x24-byte extent
0x995bf0	DAT_009a5bf0	0x18	EH::UnwindMapEntry[3]	reviewed retail metadata: FuncInfo 0x995c08 states=3 points to this unwind map
0x995c08	DAT_009a5c08	0x24	EH::FuncInfo	reviewed retail metadata: MSVC90 FuncInfo header proves its 0x24-byte extent
0x995c2c	DAT_009a5c2c	0x10	EH::UnwindMapEntry[2]	reviewed retail metadata: FuncInfo 0x995c3c states=2 points to this unwind map
0x995c3c	DAT_009a5c3c	0x24	EH::FuncInfo	reviewed retail metadata: MSVC90 FuncInfo header proves its 0x24-byte extent
0x995c60	DAT_009a5c60	0x18	EH::UnwindMapEntry[3]	reviewed retail metadata: FuncInfo 0x995c78 states=3 points to this unwind map
0x995c78	DAT_009a5c78	0x24	EH::FuncInfo	reviewed retail metadata: MSVC90 FuncInfo header proves its 0x24-byte extent
0x995c9c	DAT_009a5c9c	0x10	EH::UnwindMapEntry[2]	reviewed retail metadata: FuncInfo 0x995cac states=2 points to this unwind map
0x995cac	DAT_009a5cac	0x24	EH::FuncInfo	reviewed retail metadata: MSVC90 FuncInfo header proves its 0x24-byte extent
0x995cd0	DAT_009a5cd0	0x8	EH::UnwindMapEntry	reviewed retail metadata: FuncInfo 0x995cd8 states=1 points to this unwind map
0x995cd8	DAT_009a5cd8	0x24	EH::FuncInfo	reviewed retail metadata: MSVC90 FuncInfo header proves its 0x24-byte extent
0x995cfc	DAT_009a5cfc	0x8	EH::UnwindMapEntry	reviewed retail metadata: FuncInfo 0x995d04 states=1 points to this unwind map
0x995d04	DAT_009a5d04	0x24	EH::FuncInfo	reviewed retail metadata: MSVC90 FuncInfo header proves its 0x24-byte extent
0x995d28	DAT_009a5d28	0x24	EH::FuncInfo	reviewed retail metadata: MSVC90 FuncInfo header proves its 0x24-byte extent
0x995d4c	DAT_009a5d4c	0x30	EH::UnwindMapEntry[6]	reviewed retail metadata: FuncInfo 0x995d28 states=6 points to this unwind map
0x995d7c	DAT_009a5d7c	0x24	EH::FuncInfo	reviewed retail metadata: MSVC90 FuncInfo header proves its 0x24-byte extent
0x995da0	DAT_009a5da0	0x30	EH::UnwindMapEntry[6]	reviewed retail metadata: FuncInfo 0x995d7c states=6 points to this unwind map
0x995dd0	DAT_009a5dd0	0x8	EH::UnwindMapEntry	reviewed retail metadata: FuncInfo 0x995dd8 states=1 points to this unwind map
0x995dd8	DAT_009a5dd8	0x24	EH::FuncInfo	reviewed retail metadata: MSVC90 FuncInfo header proves its 0x24-byte extent
0x995dfc	DAT_009a5dfc	0x8	EH::UnwindMapEntry	reviewed retail metadata: FuncInfo 0x995e04 states=1 points to this unwind map
0x995e04	DAT_009a5e04	0x24	EH::FuncInfo	reviewed retail metadata: MSVC90 FuncInfo header proves its 0x24-byte extent
0x995e28	DAT_009a5e28	0x8	EH::UnwindMapEntry	reviewed retail metadata: FuncInfo 0x995e30 states=1 points to this unwind map
0x995e30	DAT_009a5e30	0x24	EH::FuncInfo	reviewed retail metadata: MSVC90 FuncInfo header proves its 0x24-byte extent
0x995e54	DAT_009a5e54	0x8	EH::UnwindMapEntry	reviewed retail metadata: FuncInfo 0x995e5c states=1 points to this unwind map
0x995e5c	DAT_009a5e5c	0x24	EH::FuncInfo	reviewed retail metadata: MSVC90 FuncInfo header proves its 0x24-byte extent
0x995e80	DAT_009a5e80	0x10	EH::UnwindMapEntry[2]	reviewed retail metadata: FuncInfo 0x995e90 states=2 points to this unwind map
0x995e90	DAT_009a5e90	0x24	EH::FuncInfo	reviewed retail metadata: MSVC90 FuncInfo header proves its 0x24-byte extent
0x995eb4	DAT_009a5eb4	0x18	EH::UnwindMapEntry[3]	reviewed retail metadata: FuncInfo 0x995ecc states=3 points to this unwind map
0x995ecc	DAT_009a5ecc	0x24	EH::FuncInfo	reviewed retail metadata: MSVC90 FuncInfo header proves its 0x24-byte extent
0x995ef0	DAT_009a5ef0	0x8	EH::UnwindMapEntry	reviewed retail metadata: FuncInfo 0x995ef8 states=1 points to this unwind map
0x995ef8	DAT_009a5ef8	0x24	EH::FuncInfo	reviewed retail metadata: MSVC90 FuncInfo header proves its 0x24-byte extent
0x995f1c	DAT_009a5f1c	0x8	EH::UnwindMapEntry	reviewed retail metadata: FuncInfo 0x995f24 states=1 points to this unwind map
0x995f24	DAT_009a5f24	0x24	EH::FuncInfo	reviewed retail metadata: MSVC90 FuncInfo header proves its 0x24-byte extent
0x995f48	DAT_009a5f48	0x8	EH::UnwindMapEntry	reviewed retail metadata: FuncInfo 0x995f50 states=1 points to this unwind map
0x995f50	DAT_009a5f50	0x24	EH::FuncInfo	reviewed retail metadata: MSVC90 FuncInfo header proves its 0x24-byte extent
0x995f74	DAT_009a5f74	0x8	EH::UnwindMapEntry	reviewed retail metadata: FuncInfo 0x995f7c states=1 points to this unwind map
0x995f7c	DAT_009a5f7c	0x24	EH::FuncInfo	reviewed retail metadata: MSVC90 FuncInfo header proves its 0x24-byte extent
0x995fa0	DAT_009a5fa0	0x8	EH::UnwindMapEntry	reviewed retail metadata: FuncInfo 0x995fa8 states=1 points to this unwind map
0x995fa8	DAT_009a5fa8	0x24	EH::FuncInfo	reviewed retail metadata: MSVC90 FuncInfo header proves its 0x24-byte extent
0x995fcc	DAT_009a5fcc	0x8	EH::UnwindMapEntry	reviewed retail metadata: FuncInfo 0x995fd4 states=1 points to this unwind map
0x995fd4	DAT_009a5fd4	0x24	EH::FuncInfo	reviewed retail metadata: MSVC90 FuncInfo header proves its 0x24-byte extent
0x995ff8	DAT_009a5ff8	0x24	EH::FuncInfo	reviewed retail metadata: MSVC90 FuncInfo header proves its 0x24-byte extent
0x99601c	DAT_009a601c	0xb0	EH::UnwindMapEntry[22]	reviewed retail metadata: FuncInfo 0x995ff8 states=22 points to this unwind map
0x9960cc	DAT_009a60cc	0x24	EH::FuncInfo	reviewed retail metadata: MSVC90 FuncInfo header proves its 0x24-byte extent
0x9960f0	DAT_009a60f0	0x90	EH::UnwindMapEntry[18]	reviewed retail metadata: FuncInfo 0x9960cc states=18 points to this unwind map
0x996180	DAT_009a6180	0x10	EH::UnwindMapEntry[2]	reviewed retail metadata: FuncInfo 0x996190 states=2 points to this unwind map
0x996190	DAT_009a6190	0x24	EH::FuncInfo	reviewed retail metadata: MSVC90 FuncInfo header proves its 0x24-byte extent
0x9961b4	DAT_009a61b4	0x8	EH::UnwindMapEntry	reviewed retail metadata: FuncInfo 0x9961bc states=1 points to this unwind map
0x9961bc	DAT_009a61bc	0x24	EH::FuncInfo	reviewed retail metadata: MSVC90 FuncInfo header proves its 0x24-byte extent
0x9961e0	DAT_009a61e0	0x18	EH::UnwindMapEntry[3]	reviewed retail metadata: FuncInfo 0x9961f8 states=3 points to this unwind map
0x9961f8	DAT_009a61f8	0x24	EH::FuncInfo	reviewed retail metadata: MSVC90 FuncInfo header proves its 0x24-byte extent
0x99621c	DAT_009a621c	0x10	EH::UnwindMapEntry[2]	reviewed retail metadata: FuncInfo 0x99622c states=2 points to this unwind map
0x99622c	DAT_009a622c	0x24	EH::FuncInfo	reviewed retail metadata: MSVC90 FuncInfo header proves its 0x24-byte extent
0x996250	DAT_009a6250	0x24	EH::FuncInfo	reviewed retail metadata: MSVC90 FuncInfo header proves its 0x24-byte extent
0x996274	DAT_009a6274	0xa8	EH::UnwindMapEntry[21]	reviewed retail metadata: FuncInfo 0x996250 states=21 points to this unwind map
0x99631c	DAT_009a631c	0x24	EH::FuncInfo	reviewed retail metadata: MSVC90 FuncInfo header proves its 0x24-byte extent
0x996340	DAT_009a6340	0xb0	EH::UnwindMapEntry[22]	reviewed retail metadata: FuncInfo 0x99631c states=22 points to this unwind map
0x9963f0	DAT_009a63f0	0x24	EH::FuncInfo	reviewed retail metadata: MSVC90 FuncInfo header proves its 0x24-byte extent
0x996414	DAT_009a6414	0xa8	EH::UnwindMapEntry[21]	reviewed retail metadata: FuncInfo 0x9963f0 states=21 points to this unwind map
0x9964bc	DAT_009a64bc	0x10	EH::UnwindMapEntry[2]	reviewed retail metadata: FuncInfo 0x9964cc states=2 points to this unwind map
0x9964cc	DAT_009a64cc	0x24	EH::FuncInfo	reviewed retail metadata: MSVC90 FuncInfo header proves its 0x24-byte extent
0x9964f0	DAT_009a64f0	0x10	EH::UnwindMapEntry[2]	reviewed retail metadata: FuncInfo 0x996500 states=2 points to this unwind map
0x996500	DAT_009a6500	0x24	EH::FuncInfo	reviewed retail metadata: MSVC90 FuncInfo header proves its 0x24-byte extent
0x996524	DAT_009a6524	0x8	EH::UnwindMapEntry	reviewed retail metadata: FuncInfo 0x99652c states=1 points to this unwind map
0x99652c	DAT_009a652c	0x24	EH::FuncInfo	reviewed retail metadata: MSVC90 FuncInfo header proves its 0x24-byte extent
0x996550	DAT_009a6550	0x8	EH::UnwindMapEntry	reviewed retail metadata: FuncInfo 0x996558 states=1 points to this unwind map
0x996558	DAT_009a6558	0x24	EH::FuncInfo	reviewed retail metadata: MSVC90 FuncInfo header proves its 0x24-byte extent
0x99657c	DAT_009a657c	0x18	EH::UnwindMapEntry[3]	reviewed retail metadata: FuncInfo 0x996594 states=3 points to this unwind map
0x996594	DAT_009a6594	0x24	EH::FuncInfo	reviewed retail metadata: MSVC90 FuncInfo header proves its 0x24-byte extent
0x9965b8	DAT_009a65b8	0x8	EH::UnwindMapEntry	reviewed retail metadata: FuncInfo 0x9965c0 states=1 points to this unwind map
0x9965c0	DAT_009a65c0	0x24	EH::FuncInfo	reviewed retail metadata: MSVC90 FuncInfo header proves its 0x24-byte extent
0x9965e4	DAT_009a65e4	0x8	EH::UnwindMapEntry	reviewed retail metadata: FuncInfo 0x9965ec states=1 points to this unwind map
0x9965ec	DAT_009a65ec	0x24	EH::FuncInfo	reviewed retail metadata: MSVC90 FuncInfo header proves its 0x24-byte extent
0x996610	DAT_009a6610	0x8	EH::UnwindMapEntry	reviewed retail metadata: FuncInfo 0x996618 states=1 points to this unwind map
0x996618	DAT_009a6618	0x24	EH::FuncInfo	reviewed retail metadata: MSVC90 FuncInfo header proves its 0x24-byte extent
0x99663c	DAT_009a663c	0x8	EH::UnwindMapEntry	reviewed retail metadata: FuncInfo 0x996644 states=1 points to this unwind map
0x996644	DAT_009a6644	0x24	EH::FuncInfo	reviewed retail metadata: MSVC90 FuncInfo header proves its 0x24-byte extent
0x996668	DAT_009a6668	0x20	EH::UnwindMapEntry[4]	reviewed retail metadata: FuncInfo 0x996688 states=4 points to this unwind map
0x996688	DAT_009a6688	0x24	EH::FuncInfo	reviewed retail metadata: MSVC90 FuncInfo header proves its 0x24-byte extent
0x9966ac	DAT_009a66ac	0x8	EH::UnwindMapEntry	reviewed retail metadata: FuncInfo 0x9966b4 states=1 points to this unwind map
0x9966b4	DAT_009a66b4	0x24	EH::FuncInfo	reviewed retail metadata: MSVC90 FuncInfo header proves its 0x24-byte extent
0x9966d8	DAT_009a66d8	0x8	EH::UnwindMapEntry	reviewed retail metadata: FuncInfo 0x9966e0 states=1 points to this unwind map
0x9966e0	DAT_009a66e0	0x24	EH::FuncInfo	reviewed retail metadata: MSVC90 FuncInfo header proves its 0x24-byte extent
0x996708	DAT_009a6708	0x28	SEH4::ScopeTable[2]	reviewed retail metadata: SEH4 header and 2 validated scope record(s) prove this extent
0x996730	DAT_009a6730	0x1c	SEH4::ScopeTable[1]	reviewed retail metadata: SEH4 header and 1 validated scope record(s) prove this extent
0x996750	DAT_009a6750	0x1c	SEH4::ScopeTable[1]	reviewed retail metadata: SEH4 header and 1 validated scope record(s) prove this extent
0x996770	DAT_009a6770	0x1c	SEH4::ScopeTable[1]	reviewed retail metadata: SEH4 header and 1 validated scope record(s) prove this extent
0x996790	DAT_009a6790	0x1c	SEH4::ScopeTable[1]	reviewed retail metadata: SEH4 header and 1 validated scope record(s) prove this extent
0x9967b0	DAT_009a67b0	0x28	SEH4::ScopeTable[2]	reviewed retail metadata: SEH4 header and 2 validated scope record(s) prove this extent
0x9967d8	DAT_009a67d8	0x1c	SEH4::ScopeTable[1]	reviewed retail metadata: SEH4 header and 1 validated scope record(s) prove this extent
0x9967f8	DAT_009a67f8	0x1c	SEH4::ScopeTable[1]	reviewed retail metadata: SEH4 header and 1 validated scope record(s) prove this extent
0x996818	DAT_009a6818	0x1c	SEH4::ScopeTable[1]	reviewed retail metadata: SEH4 header and 1 validated scope record(s) prove this extent
0x996890	DAT_009a6890	0x1c	SEH4::ScopeTable[1]	reviewed retail metadata: SEH4 header and 1 validated scope record(s) prove this extent
0x9968b0	DAT_009a68b0	0x1c	SEH4::ScopeTable[1]	reviewed retail metadata: SEH4 header and 1 validated scope record(s) prove this extent
0x9968d0	DAT_009a68d0	0x1c	SEH4::ScopeTable[1]	reviewed retail metadata: SEH4 header and 1 validated scope record(s) prove this extent
0x9968f0	DAT_009a68f0	0x1c	SEH4::ScopeTable[1]	reviewed retail metadata: SEH4 header and 1 validated scope record(s) prove this extent
0x996910	DAT_009a6910	0x1c	SEH4::ScopeTable[1]	reviewed retail metadata: SEH4 header and 1 validated scope record(s) prove this extent
0x996930	DAT_009a6930	0x1c	SEH4::ScopeTable[1]	reviewed retail metadata: SEH4 header and 1 validated scope record(s) prove this extent
0x996950	DAT_009a6950	0x1c	SEH4::ScopeTable[1]	reviewed retail metadata: SEH4 header and 1 validated scope record(s) prove this extent
0x996970	DAT_009a6970	0x1c	SEH4::ScopeTable[1]	reviewed retail metadata: SEH4 header and 1 validated scope record(s) prove this extent
0x996990	DAT_009a6990	0x1c	SEH4::ScopeTable[1]	reviewed retail metadata: SEH4 header and 1 validated scope record(s) prove this extent
0x9969b0	DAT_009a69b0	0x1c	SEH4::ScopeTable[1]	reviewed retail metadata: SEH4 header and 1 validated scope record(s) prove this extent
0x9969d0	DAT_009a69d0	0x34	SEH4::ScopeTable[3]	reviewed retail metadata: SEH4 header and 3 validated scope record(s) prove this extent
0x996a08	DAT_009a6a08	0x1c	SEH4::ScopeTable[1]	reviewed retail metadata: SEH4 header and 1 validated scope record(s) prove this extent
0x996a28	DAT_009a6a28	0x1c	SEH4::ScopeTable[1]	reviewed retail metadata: SEH4 header and 1 validated scope record(s) prove this extent
0x996a48	DAT_009a6a48	0x1c	SEH4::ScopeTable[1]	reviewed retail metadata: SEH4 header and 1 validated scope record(s) prove this extent
0x996a68	DAT_009a6a68	0x1c	SEH4::ScopeTable[1]	reviewed retail metadata: SEH4 header and 1 validated scope record(s) prove this extent
0x996a88	DAT_009a6a88	0x28	SEH4::ScopeTable[2]	reviewed retail metadata: SEH4 header and 2 validated scope record(s) prove this extent
0x996ab0	DAT_009a6ab0	0x1c	SEH4::ScopeTable[1]	reviewed retail metadata: SEH4 header and 1 validated scope record(s) prove this extent
0x996ad0	DAT_009a6ad0	0x1c	SEH4::ScopeTable[1]	reviewed retail metadata: SEH4 header and 1 validated scope record(s) prove this extent
0x996af0	DAT_009a6af0	0x1c	SEH4::ScopeTable[1]	reviewed retail metadata: SEH4 header and 1 validated scope record(s) prove this extent
0x996b10	DAT_009a6b10	0x1c	SEH4::ScopeTable[1]	reviewed retail metadata: SEH4 header and 1 validated scope record(s) prove this extent
0x996b30	DAT_009a6b30	0x1c	SEH4::ScopeTable[1]	reviewed retail metadata: SEH4 header and 1 validated scope record(s) prove this extent
0x996b50	DAT_009a6b50	0x1c	SEH4::ScopeTable[1]	reviewed retail metadata: SEH4 header and 1 validated scope record(s) prove this extent
0x996b70	DAT_009a6b70	0x1c	SEH4::ScopeTable[1]	reviewed retail metadata: SEH4 header and 1 validated scope record(s) prove this extent
0x996b90	DAT_009a6b90	0x1c	SEH4::ScopeTable[1]	reviewed retail metadata: SEH4 header and 1 validated scope record(s) prove this extent
0x996bb0	DAT_009a6bb0	0x1c	SEH4::ScopeTable[1]	reviewed retail metadata: SEH4 header and 1 validated scope record(s) prove this extent
0x996bd0	DAT_009a6bd0	0x1c	SEH4::ScopeTable[1]	reviewed retail metadata: SEH4 header and 1 validated scope record(s) prove this extent
0x996bf0	DAT_009a6bf0	0x1c	SEH4::ScopeTable[1]	reviewed retail metadata: SEH4 header and 1 validated scope record(s) prove this extent
0x996c10	DAT_009a6c10	0x28	SEH4::ScopeTable[2]	reviewed retail metadata: SEH4 header and 2 validated scope record(s) prove this extent
0x996c38	DAT_009a6c38	0x28	SEH4::ScopeTable[2]	reviewed retail metadata: SEH4 header and 2 validated scope record(s) prove this extent
0x996c60	DAT_009a6c60	0x1c	SEH4::ScopeTable[1]	reviewed retail metadata: SEH4 header and 1 validated scope record(s) prove this extent
0x996c80	DAT_009a6c80	0x1c	SEH4::ScopeTable[1]	reviewed retail metadata: SEH4 header and 1 validated scope record(s) prove this extent
0x996ca0	DAT_009a6ca0	0x1c	SEH4::ScopeTable[1]	reviewed retail metadata: SEH4 header and 1 validated scope record(s) prove this extent
0x996cc0	DAT_009a6cc0	0x1c	SEH4::ScopeTable[1]	reviewed retail metadata: SEH4 header and 1 validated scope record(s) prove this extent
0x996ce0	DAT_009a6ce0	0x1c	SEH4::ScopeTable[1]	reviewed retail metadata: SEH4 header and 1 validated scope record(s) prove this extent
0x996d00	DAT_009a6d00	0x1c	SEH4::ScopeTable[1]	reviewed retail metadata: SEH4 header and 1 validated scope record(s) prove this extent
0x996d20	DAT_009a6d20	0x1c	SEH4::ScopeTable[1]	reviewed retail metadata: SEH4 header and 1 validated scope record(s) prove this extent
0x996d40	DAT_009a6d40	0x1c	SEH4::ScopeTable[1]	reviewed retail metadata: SEH4 header and 1 validated scope record(s) prove this extent
0x996d60	DAT_009a6d60	0x1c	SEH4::ScopeTable[1]	reviewed retail metadata: SEH4 header and 1 validated scope record(s) prove this extent
0x996d80	DAT_009a6d80	0x1c	SEH4::ScopeTable[1]	reviewed retail metadata: SEH4 header and 1 validated scope record(s) prove this extent
0x996da0	DAT_009a6da0	0x1c	SEH4::ScopeTable[1]	reviewed retail metadata: SEH4 header and 1 validated scope record(s) prove this extent
0x996dc0	DAT_009a6dc0	0x1c	SEH4::ScopeTable[1]	reviewed retail metadata: SEH4 header and 1 validated scope record(s) prove this extent
0x996de0	DAT_009a6de0	0x1c	SEH4::ScopeTable[1]	reviewed retail metadata: SEH4 header and 1 validated scope record(s) prove this extent
0x996e00	DAT_009a6e00	0x1c	SEH4::ScopeTable[1]	reviewed retail metadata: SEH4 header and 1 validated scope record(s) prove this extent
0x996e20	DAT_009a6e20	0x1c	SEH4::ScopeTable[1]	reviewed retail metadata: SEH4 header and 1 validated scope record(s) prove this extent
0x996e40	DAT_009a6e40	0x28	SEH4::ScopeTable[2]	reviewed retail metadata: SEH4 header and 2 validated scope record(s) prove this extent
0x996e68	DAT_009a6e68	0x1c	SEH4::ScopeTable[1]	reviewed retail metadata: SEH4 header and 1 validated scope record(s) prove this extent
0x996e84	DAT_009a6e84	0x10	EH::HandlerType	reviewed retail metadata: try map 0x996ea4[0] points to 1 handler(s)
0x996e94	DAT_009a6e94	0x10	EH::UnwindMapEntry[2]	reviewed retail metadata: FuncInfo 0x996eb8 states=2 points to this unwind map
0x996ea4	DAT_009a6ea4	0x14	EH::TryBlockMapEntry	reviewed retail metadata: FuncInfo 0x996eb8 try_blocks=1 points to this try map
0x996eb8	DAT_009a6eb8	0x24	EH::FuncInfo	reviewed retail metadata: MSVC90 FuncInfo header proves its 0x24-byte extent
0x996ee0	DAT_009a6ee0	0x28	SEH4::ScopeTable[2]	reviewed retail metadata: SEH4 header and 2 validated scope record(s) prove this extent
0x996f08	DAT_009a6f08	0x1c	SEH4::ScopeTable[1]	reviewed retail metadata: SEH4 header and 1 validated scope record(s) prove this extent
0x996f28	DAT_009a6f28	0x1c	SEH4::ScopeTable[1]	reviewed retail metadata: SEH4 header and 1 validated scope record(s) prove this extent
0x996f80	DAT_009a6f80	0x1c	SEH4::ScopeTable[1]	reviewed retail metadata: SEH4 header and 1 validated scope record(s) prove this extent
0x996fa0	DAT_009a6fa0	0x1c	SEH4::ScopeTable[1]	reviewed retail metadata: SEH4 header and 1 validated scope record(s) prove this extent
0x996fc0	DAT_009a6fc0	0x1c	SEH4::ScopeTable[1]	reviewed retail metadata: SEH4 header and 1 validated scope record(s) prove this extent
0x996fe0	DAT_009a6fe0	0x1c	SEH4::ScopeTable[1]	reviewed retail metadata: SEH4 header and 1 validated scope record(s) prove this extent
0x997000	DAT_009a7000	0x1c	SEH4::ScopeTable[1]	reviewed retail metadata: SEH4 header and 1 validated scope record(s) prove this extent
0x997020	DAT_009a7020	0x1c	SEH4::ScopeTable[1]	reviewed retail metadata: SEH4 header and 1 validated scope record(s) prove this extent
0x997040	DAT_009a7040	0x1c	SEH4::ScopeTable[1]	reviewed retail metadata: SEH4 header and 1 validated scope record(s) prove this extent
0x997060	DAT_009a7060	0x1c	SEH4::ScopeTable[1]	reviewed retail metadata: SEH4 header and 1 validated scope record(s) prove this extent
0x997080	DAT_009a7080	0x1c	SEH4::ScopeTable[1]	reviewed retail metadata: SEH4 header and 1 validated scope record(s) prove this extent
0x9970a0	DAT_009a70a0	0x1c	SEH4::ScopeTable[1]	reviewed retail metadata: SEH4 header and 1 validated scope record(s) prove this extent
0x9970c0	DAT_009a70c0	0x1c	SEH4::ScopeTable[1]	reviewed retail metadata: SEH4 header and 1 validated scope record(s) prove this extent
0x9970e0	DAT_009a70e0	0x1c	SEH4::ScopeTable[1]	reviewed retail metadata: SEH4 header and 1 validated scope record(s) prove this extent
0x9970fc	DAT_009a70fc	0x8	EH::UnwindMapEntry	reviewed retail metadata: FuncInfo 0x997104 states=1 points to this unwind map
0x997104	DAT_009a7104	0x24	EH::FuncInfo	reviewed retail metadata: MSVC90 FuncInfo header proves its 0x24-byte extent
0x997128	DAT_009a7128	0x8	EH::UnwindMapEntry	reviewed retail metadata: FuncInfo 0x997130 states=1 points to this unwind map
0x997130	DAT_009a7130	0x24	EH::FuncInfo	reviewed retail metadata: MSVC90 FuncInfo header proves its 0x24-byte extent
0x997154	DAT_009a7154	0x18	EH::UnwindMapEntry[3]	reviewed retail metadata: FuncInfo 0x99716c states=3 points to this unwind map
0x99716c	DAT_009a716c	0x24	EH::FuncInfo	reviewed retail metadata: MSVC90 FuncInfo header proves its 0x24-byte extent
0x997190	DAT_009a7190	0x18	EH::UnwindMapEntry[3]	reviewed retail metadata: FuncInfo 0x9971a8 states=3 points to this unwind map
0x9971a8	DAT_009a71a8	0x24	EH::FuncInfo	reviewed retail metadata: MSVC90 FuncInfo header proves its 0x24-byte extent
0x9971cc	DAT_009a71cc	0x20	EH::UnwindMapEntry[4]	reviewed retail metadata: FuncInfo 0x9971ec states=4 points to this unwind map
0x9971ec	DAT_009a71ec	0x24	EH::FuncInfo	reviewed retail metadata: MSVC90 FuncInfo header proves its 0x24-byte extent
0x997210	DAT_009a7210	0x24	EH::FuncInfo	reviewed retail metadata: MSVC90 FuncInfo header proves its 0x24-byte extent
0x997234	DAT_009a7234	0x28	EH::UnwindMapEntry[5]	reviewed retail metadata: FuncInfo 0x997210 states=5 points to this unwind map
0x99725c	DAT_009a725c	0x8	EH::UnwindMapEntry	reviewed retail metadata: FuncInfo 0x997264 states=1 points to this unwind map
0x997264	DAT_009a7264	0x24	EH::FuncInfo	reviewed retail metadata: MSVC90 FuncInfo header proves its 0x24-byte extent
0x997288	DAT_009a7288	0x8	EH::UnwindMapEntry	reviewed retail metadata: FuncInfo 0x997290 states=1 points to this unwind map
0x997290	DAT_009a7290	0x24	EH::FuncInfo	reviewed retail metadata: MSVC90 FuncInfo header proves its 0x24-byte extent
0x9972b4	DAT_009a72b4	0x8	EH::UnwindMapEntry	reviewed retail metadata: FuncInfo 0x9972bc states=1 points to this unwind map
0x9972bc	DAT_009a72bc	0x24	EH::FuncInfo	reviewed retail metadata: MSVC90 FuncInfo header proves its 0x24-byte extent
0x9972e0	DAT_009a72e0	0x8	EH::UnwindMapEntry	reviewed retail metadata: FuncInfo 0x9972e8 states=1 points to this unwind map
0x9972e8	DAT_009a72e8	0x24	EH::FuncInfo	reviewed retail metadata: MSVC90 FuncInfo header proves its 0x24-byte extent
0x99730c	DAT_009a730c	0x8	EH::UnwindMapEntry	reviewed retail metadata: FuncInfo 0x997314 states=1 points to this unwind map
0x997314	DAT_009a7314	0x24	EH::FuncInfo	reviewed retail metadata: MSVC90 FuncInfo header proves its 0x24-byte extent
0x997338	DAT_009a7338	0x8	EH::UnwindMapEntry	reviewed retail metadata: FuncInfo 0x997340 states=1 points to this unwind map
0x997340	DAT_009a7340	0x24	EH::FuncInfo	reviewed retail metadata: MSVC90 FuncInfo header proves its 0x24-byte extent
0x997364	DAT_009a7364	0x10	EH::UnwindMapEntry[2]	reviewed retail metadata: FuncInfo 0x997374 states=2 points to this unwind map
0x997374	DAT_009a7374	0x24	EH::FuncInfo	reviewed retail metadata: MSVC90 FuncInfo header proves its 0x24-byte extent
0x997398	DAT_009a7398	0x8	EH::UnwindMapEntry	reviewed retail metadata: FuncInfo 0x9973a0 states=1 points to this unwind map
0x9973a0	DAT_009a73a0	0x24	EH::FuncInfo	reviewed retail metadata: MSVC90 FuncInfo header proves its 0x24-byte extent
0x9973c4	DAT_009a73c4	0x8	EH::UnwindMapEntry	reviewed retail metadata: FuncInfo 0x9973cc states=1 points to this unwind map
0x9973cc	DAT_009a73cc	0x24	EH::FuncInfo	reviewed retail metadata: MSVC90 FuncInfo header proves its 0x24-byte extent
0x9973f0	DAT_009a73f0	0x8	EH::UnwindMapEntry	reviewed retail metadata: FuncInfo 0x9973f8 states=1 points to this unwind map
0x9973f8	DAT_009a73f8	0x24	EH::FuncInfo	reviewed retail metadata: MSVC90 FuncInfo header proves its 0x24-byte extent
0x99741c	DAT_009a741c	0x8	EH::UnwindMapEntry	SpeedTree Parser.obj one-entry MSVC x86 unwind map; FuncInfo 0x997424 records states=1 and the action points to funclet 0x7c3910
0x997424	DAT_009a7424	0x24	EH::FuncInfo	SpeedTree Parser.obj MSVC x86 FuncInfo for function 0x1a8a70; magic 0x19930522, one state, no try or IP maps, exact 0x24-byte record
0x997448	DAT_009a7448	0x8	EH::UnwindMapEntry	reviewed retail metadata: FuncInfo 0x997450 states=1 points to this unwind map
0x997450	DAT_009a7450	0x24	EH::FuncInfo	reviewed retail metadata: MSVC90 FuncInfo header proves its 0x24-byte extent
0x997474	DAT_009a7474	0x8	EH::UnwindMapEntry	reviewed retail metadata: FuncInfo 0x99747c states=1 points to this unwind map
0x99747c	DAT_009a747c	0x24	EH::FuncInfo	reviewed retail metadata: MSVC90 FuncInfo header proves its 0x24-byte extent
0x9974a0	DAT_009a74a0	0x8	EH::UnwindMapEntry	reviewed retail metadata: FuncInfo 0x9974a8 states=1 points to this unwind map
0x9974a8	DAT_009a74a8	0x24	EH::FuncInfo	reviewed retail metadata: MSVC90 FuncInfo header proves its 0x24-byte extent
0x9974cc	DAT_009a74cc	0x8	EH::UnwindMapEntry	reviewed retail metadata: FuncInfo 0x9974d4 states=1 points to this unwind map
0x9974d4	DAT_009a74d4	0x24	EH::FuncInfo	reviewed retail metadata: MSVC90 FuncInfo header proves its 0x24-byte extent
0x9974f8	DAT_009a74f8	0x8	EH::UnwindMapEntry	reviewed retail metadata: FuncInfo 0x997500 states=1 points to this unwind map
0x997500	DAT_009a7500	0x24	EH::FuncInfo	reviewed retail metadata: MSVC90 FuncInfo header proves its 0x24-byte extent
0x997524	DAT_009a7524	0x10	EH::UnwindMapEntry[2]	reviewed retail metadata: FuncInfo 0x997534 states=2 points to this unwind map
0x997534	DAT_009a7534	0x24	EH::FuncInfo	reviewed retail metadata: MSVC90 FuncInfo header proves its 0x24-byte extent
0x997558	DAT_009a7558	0x24	EH::FuncInfo	reviewed retail metadata: MSVC90 FuncInfo header proves its 0x24-byte extent
0x99757c	DAT_009a757c	0x28	EH::UnwindMapEntry[5]	reviewed retail metadata: FuncInfo 0x997558 states=5 points to this unwind map
0x9975a4	DAT_009a75a4	0x20	EH::UnwindMapEntry[4]	reviewed retail metadata: FuncInfo 0x9975c4 states=4 points to this unwind map
0x9975c4	DAT_009a75c4	0x24	EH::FuncInfo	reviewed retail metadata: MSVC90 FuncInfo header proves its 0x24-byte extent
0x9975e8	DAT_009a75e8	0x8	EH::UnwindMapEntry	reviewed retail metadata: FuncInfo 0x9975f0 states=1 points to this unwind map
0x9975f0	DAT_009a75f0	0x24	EH::FuncInfo	reviewed retail metadata: MSVC90 FuncInfo header proves its 0x24-byte extent
0x997614	DAT_009a7614	0x18	EH::UnwindMapEntry[3]	reviewed retail metadata: FuncInfo 0x99762c states=3 points to this unwind map
0x99762c	DAT_009a762c	0x24	EH::FuncInfo	reviewed retail metadata: MSVC90 FuncInfo header proves its 0x24-byte extent
0x997650	DAT_009a7650	0x24	EH::FuncInfo	reviewed retail metadata: MSVC90 FuncInfo header proves its 0x24-byte extent
0x997674	DAT_009a7674	0x28	EH::UnwindMapEntry[5]	reviewed retail metadata: FuncInfo 0x997650 states=5 points to this unwind map
0x99769c	DAT_009a769c	0x8	EH::UnwindMapEntry	reviewed retail metadata: FuncInfo 0x9976a4 states=1 points to this unwind map
0x9976a4	DAT_009a76a4	0x24	EH::FuncInfo	reviewed retail metadata: MSVC90 FuncInfo header proves its 0x24-byte extent
0x9976c8	DAT_009a76c8	0x8	EH::UnwindMapEntry	reviewed retail metadata: FuncInfo 0x9976d0 states=1 points to this unwind map
0x9976d0	DAT_009a76d0	0x24	EH::FuncInfo	reviewed retail metadata: MSVC90 FuncInfo header proves its 0x24-byte extent
0x9976f4	DAT_009a76f4	0x8	EH::UnwindMapEntry	reviewed retail metadata: FuncInfo 0x9976fc states=1 points to this unwind map
0x9976fc	DAT_009a76fc	0x24	EH::FuncInfo	reviewed retail metadata: MSVC90 FuncInfo header proves its 0x24-byte extent
0x997720	DAT_009a7720	0x8	EH::UnwindMapEntry	reviewed retail metadata: FuncInfo 0x997728 states=1 points to this unwind map
0x997728	DAT_009a7728	0x24	EH::FuncInfo	reviewed retail metadata: MSVC90 FuncInfo header proves its 0x24-byte extent
0x99774c	DAT_009a774c	0x8	EH::UnwindMapEntry	reviewed retail metadata: FuncInfo 0x997754 states=1 points to this unwind map
0x997754	DAT_009a7754	0x24	EH::FuncInfo	reviewed retail metadata: MSVC90 FuncInfo header proves its 0x24-byte extent
0x997778	DAT_009a7778	0x8	EH::UnwindMapEntry	reviewed retail metadata: FuncInfo 0x997780 states=1 points to this unwind map
0x997780	DAT_009a7780	0x24	EH::FuncInfo	reviewed retail metadata: MSVC90 FuncInfo header proves its 0x24-byte extent
0x9977a4	DAT_009a77a4	0x8	EH::UnwindMapEntry	reviewed retail metadata: FuncInfo 0x9977ac states=1 points to this unwind map
0x9977ac	DAT_009a77ac	0x24	EH::FuncInfo	reviewed retail metadata: MSVC90 FuncInfo header proves its 0x24-byte extent
0x9977d0	DAT_009a77d0	0x8	EH::UnwindMapEntry	reviewed retail metadata: FuncInfo 0x9977d8 states=1 points to this unwind map
0x9977d8	DAT_009a77d8	0x24	EH::FuncInfo	reviewed retail metadata: MSVC90 FuncInfo header proves its 0x24-byte extent
0x9977fc	DAT_009a77fc	0x8	EH::UnwindMapEntry	reviewed retail metadata: FuncInfo 0x997804 states=1 points to this unwind map
0x997804	DAT_009a7804	0x24	EH::FuncInfo	reviewed retail metadata: MSVC90 FuncInfo header proves its 0x24-byte extent
0x997828	DAT_009a7828	0x8	EH::UnwindMapEntry	reviewed retail metadata: FuncInfo 0x997830 states=1 points to this unwind map
0x997830	DAT_009a7830	0x24	EH::FuncInfo	reviewed retail metadata: MSVC90 FuncInfo header proves its 0x24-byte extent
0x997854	DAT_009a7854	0x8	EH::UnwindMapEntry	reviewed retail metadata: FuncInfo 0x99785c states=1 points to this unwind map
0x99785c	DAT_009a785c	0x24	EH::FuncInfo	reviewed retail metadata: MSVC90 FuncInfo header proves its 0x24-byte extent
0x997880	DAT_009a7880	0x8	EH::UnwindMapEntry	reviewed retail metadata: FuncInfo 0x997888 states=1 points to this unwind map
0x997888	DAT_009a7888	0x24	EH::FuncInfo	reviewed retail metadata: MSVC90 FuncInfo header proves its 0x24-byte extent
0x9978ac	DAT_009a78ac	0x8	EH::UnwindMapEntry	reviewed retail metadata: FuncInfo 0x9978b4 states=1 points to this unwind map
0x9978b4	DAT_009a78b4	0x24	EH::FuncInfo	reviewed retail metadata: MSVC90 FuncInfo header proves its 0x24-byte extent
0x9978d8	DAT_009a78d8	0x8	EH::UnwindMapEntry	reviewed retail metadata: FuncInfo 0x9978e0 states=1 points to this unwind map
0x9978e0	DAT_009a78e0	0x24	EH::FuncInfo	reviewed retail metadata: MSVC90 FuncInfo header proves its 0x24-byte extent
0x997904	DAT_009a7904	0x8	EH::UnwindMapEntry	reviewed retail metadata: FuncInfo 0x99790c states=1 points to this unwind map
0x99790c	DAT_009a790c	0x24	EH::FuncInfo	reviewed retail metadata: MSVC90 FuncInfo header proves its 0x24-byte extent
0x997930	DAT_009a7930	0x18	EH::UnwindMapEntry[3]	reviewed retail metadata: FuncInfo 0x997948 states=3 points to this unwind map
0x997948	DAT_009a7948	0x24	EH::FuncInfo	reviewed retail metadata: MSVC90 FuncInfo header proves its 0x24-byte extent
0x99796c	DAT_009a796c	0x8	EH::UnwindMapEntry	reviewed retail metadata: FuncInfo 0x997974 states=1 points to this unwind map
0x997974	DAT_009a7974	0x24	EH::FuncInfo	reviewed retail metadata: MSVC90 FuncInfo header proves its 0x24-byte extent
0x997998	DAT_009a7998	0x8	EH::UnwindMapEntry	reviewed retail metadata: FuncInfo 0x9979a0 states=1 points to this unwind map
0x9979a0	DAT_009a79a0	0x24	EH::FuncInfo	reviewed retail metadata: MSVC90 FuncInfo header proves its 0x24-byte extent
0x9979c4	DAT_009a79c4	0x10	EH::UnwindMapEntry[2]	reviewed retail metadata: FuncInfo 0x9979d4 states=2 points to this unwind map
0x9979d4	DAT_009a79d4	0x24	EH::FuncInfo	reviewed retail metadata: MSVC90 FuncInfo header proves its 0x24-byte extent
0x9979f8	DAT_009a79f8	0x1c	SEH4::ScopeTable[1]	reviewed retail metadata: SEH4 header and 1 validated scope record(s) prove this extent
0x997a18	DAT_009a7a18	0x1c	SEH4::ScopeTable[1]	reviewed retail metadata: SEH4 header and 1 validated scope record(s) prove this extent
0x997a38	DAT_009a7a38	0x1c	SEH4::ScopeTable[1]	reviewed retail metadata: SEH4 header and 1 validated scope record(s) prove this extent
0x997a58	DAT_009a7a58	0x1c	SEH4::ScopeTable[1]	reviewed retail metadata: SEH4 header and 1 validated scope record(s) prove this extent
0x997a78	DAT_009a7a78	0x1c	SEH4::ScopeTable[1]	reviewed retail metadata: SEH4 header and 1 validated scope record(s) prove this extent
0x997a98	DAT_009a7a98	0x1c	SEH4::ScopeTable[1]	reviewed retail metadata: SEH4 header and 1 validated scope record(s) prove this extent
0x997ab8	DAT_009a7ab8	0x1c	SEH4::ScopeTable[1]	reviewed retail metadata: SEH4 header and 1 validated scope record(s) prove this extent
0x997ad8	DAT_009a7ad8	0x1c	SEH4::ScopeTable[1]	reviewed retail metadata: SEH4 header and 1 validated scope record(s) prove this extent
0x997af8	DAT_009a7af8	0x1c	SEH4::ScopeTable[1]	reviewed retail metadata: SEH4 header and 1 validated scope record(s) prove this extent
0x997b18	DAT_009a7b18	0x1c	SEH4::ScopeTable[1]	reviewed retail metadata: SEH4 header and 1 validated scope record(s) prove this extent
0x997b88	UNPROVISIONED_009a7b88	0xc	SEH3::ScopeTable[1]	reviewed retail metadata: SEH3 header and 1 validated scope record(s) prove this extent
0x997b98	UNPROVISIONED_009a7b98	0xc	SEH3::ScopeTable[1]	reviewed retail metadata: SEH3 header and 1 validated scope record(s) prove this extent
0x997ba8	UNPROVISIONED_009a7ba8	0xc	SEH3::ScopeTable[1]	reviewed retail metadata: SEH3 header and 1 validated scope record(s) prove this extent
0x997bb8	UNPROVISIONED_009a7bb8	0xc	SEH3::ScopeTable[1]	reviewed retail metadata: SEH3 header and 1 validated scope record(s) prove this extent
0x997bc8	UNPROVISIONED_009a7bc8	0xc	SEH3::ScopeTable[1]	reviewed retail metadata: SEH3 header and 1 validated scope record(s) prove this extent
0x997bd8	UNPROVISIONED_009a7bd8	0xc	SEH3::ScopeTable[1]	reviewed retail metadata: SEH3 header and 1 validated scope record(s) prove this extent
0x997be8	UNPROVISIONED_009a7be8	0xc	SEH3::ScopeTable[1]	reviewed retail metadata: SEH3 header and 1 validated scope record(s) prove this extent
0x997bf8	UNPROVISIONED_009a7bf8	0xc	SEH3::ScopeTable[1]	reviewed retail metadata: SEH3 header and 1 validated scope record(s) prove this extent
0x997c08	DAT_009a7c08	0x1c	SEH4::ScopeTable[1]	reviewed retail metadata: SEH4 header and 1 validated scope record(s) prove this extent
0x99cf48	$SG6136	0x3	char[3]	vorbisfile.obj literal "rb" used by ov_fopen; symbol and extent re-proven from the retail-configured object
0x99ecd0	?_names@?1??_get_fname@@9@9	0xe8	struct { unsigned opcode; char* name; }[29]	MSVC CRT fpexcept.obj _get_fname opcode/name table; object CodeView gives the exact symbol and 232-byte array type
0xa8a4b4	?_S_count@?1??_M_count@Init@_Locale_impl@stlp_std@@ABEAAV_Refcount_Base@4@XZ@4V54@A	0x4	stlp_std::_Refcount_Base	STLport locale_impl.o function-local static; exact COMDAT name, type, and extent recovered from shipped library object CodeView
0xa8b0d8	?system_category_const@?1??system_category@system@boost@@YAABVerror_category@23@XZ@4Vsystem_error_category@?A0xfdd9f3ac@@B	0x4	boost::system::system_error_category const	Boost.System error_code.obj function-local singleton; exact COMDAT name and extent recovered from the shipped library object
0xa8b0dc	?$S2@?1??system_category@system@boost@@YAABVerror_category@23@XZ@4IA	0x4	unsigned	MSVC guard for system_category_const; exact COMDAT name and extent recovered from Boost.System error_code.obj
0xa8b0e0	?generic_category_const@?1??generic_category@system@boost@@YAABVerror_category@23@XZ@4Vgeneric_error_category@?A0xfdd9f3ac@@B	0x4	boost::system::generic_error_category const	Boost.System error_code.obj function-local singleton; exact COMDAT name and extent recovered from the shipped library object
0xa8b0e4	?$S3@?1??generic_category@system@boost@@YAABVerror_category@23@XZ@4IA	0x4	unsigned	MSVC guard for generic_category_const; exact COMDAT name and extent recovered from Boost.System error_code.obj
0xa8b0e8	?unknown_err@?1??message@generic_error_category@?A0xfdd9f3ac@@UBE?AV?$basic_string@DV?$char_traits@D@stlp_std@@V?$allocator@D@2@@stlp_std@@H@Z@4V45@A	0x18	stlp_std::string	Boost.System error_code.obj cached function-local "Unknown error" string; exact COMDAT name and 24-byte extent recovered from the shipped library object
0xa8b100	?$S1@?1??message@generic_error_category@?A0xfdd9f3ac@@UBE?AV?$basic_string@DV?$char_traits@D@stlp_std@@V?$allocator@D@2@@stlp_std@@H@Z@4IA	0x4	unsigned	MSVC guard for unknown_err; exact COMDAT name and extent recovered from Boost.System error_code.obj
0xa8b104	_errno_ecat	0x4	boost::system::error_category const&	Boost.System deprecated errno_ecat reference; exact name and offset recovered from the shipped error_code.obj
0xa8b110	_native_ecat	0x4	boost::system::error_category const&	Boost.System deprecated native_ecat reference; exact name and offset recovered from the shipped error_code.obj
0xa8b114	_posix_category	0x4	boost::system::error_category const&	Boost.System deprecated posix_category reference; exact name and offset recovered from the shipped error_code.obj
0xa8b12c	_g_bTextureFlip	0x1	bool	SpeedTree Core.obj texture-orientation flag; exact COFF name and offset recovered from the shipped library object
0xa8b134	_c_vLHCS_Zup_Right	0xc	SpeedTree::Vec3	SpeedTree Core.obj TU-local coordinate constant; exact COFF name and offset recovered from the shipped library object
0xa8b140	_g_acSharedHeapBlocks	0x1140	SpeedTree::CSharedHeapBlock[16]	SpeedTree Core.obj shared temporary-heap blocks; constructor count 16 and element stride 0x114 confirm the exact extent
0xa8c280	_g_cErrorHandler	0x5110	SpeedTree::CErrorHandler	SpeedTree Core.obj error handler; exact COFF name and extent bounded by the next object symbol in the shipped library member
0xa91390	_g_strEvalKey	0x108	SpeedTree::CBasicFixedString<256>	SpeedTree Core.obj evaluation key; exact COFF name and PDB-confirmed class size recover the extent
0xa91498	_c_vLHCS_Zup_Out	0xc	SpeedTree::Vec3	SpeedTree Core.obj TU-local coordinate constant; exact COFF name and offset recovered from the shipped library object
0xa914a4	_c_vRHCS_Yup_Right	0xc	SpeedTree::Vec3	SpeedTree Core.obj TU-local coordinate constant; exact COFF name and offset recovered from the shipped library object
0xa914b0	_c_vRHCS_Yup_Up	0xc	SpeedTree::Vec3	SpeedTree Core.obj TU-local coordinate constant; exact COFF name and offset recovered from the shipped library object
0xa914bc	_c_vLHCS_Yup_Out	0xc	SpeedTree::Vec3	SpeedTree Core.obj TU-local coordinate constant; exact COFF name and offset recovered from the shipped library object
0xa914c8	_c_vLHCS_Zup_Up	0xc	SpeedTree::Vec3	SpeedTree Core.obj TU-local coordinate constant; exact COFF name and offset recovered from the shipped library object
0xa914d4	_c_vRHCS_Yup_Out	0xc	SpeedTree::Vec3	SpeedTree Core.obj TU-local coordinate constant; exact COFF name and offset recovered from the shipped library object
0xa914e0	_c_vLHCS_Yup_Up	0xc	SpeedTree::Vec3	SpeedTree Core.obj TU-local coordinate constant; exact COFF name and offset recovered from the shipped library object
0xa914ec	_c_vLHCS_Yup_Right	0xc	SpeedTree::Vec3	SpeedTree Core.obj TU-local coordinate constant; exact COFF name and offset recovered from the shipped library object
0xa914f8	_g_cSharedHeapMutex	0x18	CRITICAL_SECTION	SpeedTree Core.obj shared-heap mutex; imported InitializeCriticalSection/DeleteCriticalSection calls prove the Win32 type and extent
0xa91514	_c_vLHCS_Zup_Right	0xc	SpeedTree::Vec3	SpeedTree CoordSys.obj private static; exact COFF name, object offset, and target PDB class size recover the allocation
0xa9152c	_c_vLHCS_Zup_Out	0xc	SpeedTree::Vec3	SpeedTree CoordSys.obj private static; exact COFF name, object offset, and target PDB class size recover the allocation
0xa91538	_c_vRHCS_Yup_Right	0xc	SpeedTree::Vec3	SpeedTree CoordSys.obj private static; exact COFF name, object offset, and target PDB class size recover the allocation
0xa91544	_c_vRHCS_Yup_Up	0xc	SpeedTree::Vec3	SpeedTree CoordSys.obj private static; exact COFF name, object offset, and target PDB class size recover the allocation
0xa9155c	_c_vLHCS_Yup_Out	0xc	SpeedTree::Vec3	SpeedTree CoordSys.obj private static; exact COFF name, object offset, and target PDB class size recover the allocation
0xa91568	_g_cDefaultCoordSys	0x4	SpeedTree::CDefaultCoordinateSystem	SpeedTree CoordSys.obj private static; exact COFF name, object offset, and target PDB class size recover the allocation
0xa91578	_c_vLHCS_Zup_Up	0xc	SpeedTree::Vec3	SpeedTree CoordSys.obj private static; exact COFF name, object offset, and target PDB class size recover the allocation
0xa91584	_c_vLHCS_Yup_Up	0xc	SpeedTree::Vec3	SpeedTree CoordSys.obj private static; exact COFF name, object offset, and target PDB class size recover the allocation
0xa91590	_g_cLHCS_Zup	0x4	SpeedTree::CLHCS_Zup	SpeedTree CoordSys.obj private static; exact COFF name, object offset, and target PDB class size recover the allocation
0xa91594	_c_vLHCS_Yup_Right	0xc	SpeedTree::Vec3	SpeedTree CoordSys.obj private static; exact COFF name, object offset, and target PDB class size recover the allocation
0xa915a0	_c_vRHCS_Yup_Out	0xc	SpeedTree::Vec3	SpeedTree CoordSys.obj private static; exact COFF name, object offset, and target PDB class size recover the allocation
0xa915ac	_g_cRHCS_Yup	0x4	SpeedTree::CRHCS_Yup	SpeedTree CoordSys.obj private static; exact COFF name, object offset, and target PDB class size recover the allocation
0xa915b0	_g_cLHCS_Yup	0x4	SpeedTree::CLHCS_Yup	SpeedTree CoordSys.obj private static; exact COFF name, object offset, and target PDB class size recover the allocation
0xa915b4	_c_vLHCS_Zup_Right	0xc	SpeedTree::Vec3	SpeedTree SDK linked TU-local coordinate set 1; exact COFF name, 0x6c contribution layout, and Vec3 extent recovered from the shipped library objects
0xa915c0	_c_vLHCS_Zup_Out	0xc	SpeedTree::Vec3	SpeedTree SDK linked TU-local coordinate set 1; exact COFF name, 0x6c contribution layout, and Vec3 extent recovered from the shipped library objects
0xa915cc	_c_vRHCS_Yup_Right	0xc	SpeedTree::Vec3	SpeedTree SDK linked TU-local coordinate set 1; exact COFF name, 0x6c contribution layout, and Vec3 extent recovered from the shipped library objects
0xa915d8	_c_vRHCS_Yup_Up	0xc	SpeedTree::Vec3	SpeedTree SDK linked TU-local coordinate set 1; exact COFF name, 0x6c contribution layout, and Vec3 extent recovered from the shipped library objects
0xa915e4	_c_vLHCS_Yup_Out	0xc	SpeedTree::Vec3	SpeedTree SDK linked TU-local coordinate set 1; exact COFF name, 0x6c contribution layout, and Vec3 extent recovered from the shipped library objects
0xa915f0	_c_vLHCS_Zup_Up	0xc	SpeedTree::Vec3	SpeedTree SDK linked TU-local coordinate set 1; exact COFF name, 0x6c contribution layout, and Vec3 extent recovered from the shipped library objects
0xa915fc	_c_vLHCS_Yup_Up	0xc	SpeedTree::Vec3	SpeedTree SDK linked TU-local coordinate set 1; exact COFF name, 0x6c contribution layout, and Vec3 extent recovered from the shipped library objects
0xa91608	_c_vLHCS_Yup_Right	0xc	SpeedTree::Vec3	SpeedTree SDK linked TU-local coordinate set 1; exact COFF name, 0x6c contribution layout, and Vec3 extent recovered from the shipped library objects
0xa91614	_c_vRHCS_Yup_Out	0xc	SpeedTree::Vec3	SpeedTree SDK linked TU-local coordinate set 1; exact COFF name, 0x6c contribution layout, and Vec3 extent recovered from the shipped library objects
0xa91620	_c_vLHCS_Zup_Right	0xc	SpeedTree::Vec3	SpeedTree Parser.obj TU-local coordinate constant; exact owner is anchored by g_sEmptyDrawCallInfo at the end of this object contribution
0xa9162c	_c_vLHCS_Zup_Out	0xc	SpeedTree::Vec3	SpeedTree Parser.obj TU-local coordinate constant; exact owner is anchored by g_sEmptyDrawCallInfo at the end of this object contribution
0xa91638	_c_vRHCS_Yup_Right	0xc	SpeedTree::Vec3	SpeedTree Parser.obj TU-local coordinate constant; exact owner is anchored by g_sEmptyDrawCallInfo at the end of this object contribution
0xa91644	_c_vRHCS_Yup_Up	0xc	SpeedTree::Vec3	SpeedTree Parser.obj TU-local coordinate constant; exact owner is anchored by g_sEmptyDrawCallInfo at the end of this object contribution
0xa91650	_c_vLHCS_Yup_Out	0xc	SpeedTree::Vec3	SpeedTree Parser.obj TU-local coordinate constant; exact owner is anchored by g_sEmptyDrawCallInfo at the end of this object contribution
0xa9165c	_c_vLHCS_Zup_Up	0xc	SpeedTree::Vec3	SpeedTree Parser.obj TU-local coordinate constant; exact owner is anchored by g_sEmptyDrawCallInfo at the end of this object contribution
0xa91668	_c_vLHCS_Yup_Up	0xc	SpeedTree::Vec3	SpeedTree Parser.obj TU-local coordinate constant; exact owner is anchored by g_sEmptyDrawCallInfo at the end of this object contribution
0xa91674	_c_vLHCS_Yup_Right	0xc	SpeedTree::Vec3	SpeedTree Parser.obj TU-local coordinate constant; exact owner is anchored by g_sEmptyDrawCallInfo at the end of this object contribution
0xa91680	_c_vRHCS_Yup_Out	0xc	SpeedTree::Vec3	SpeedTree Parser.obj TU-local coordinate constant; exact owner is anchored by g_sEmptyDrawCallInfo at the end of this object contribution
0xa916a0	_c_vLHCS_Zup_Right	0xc	SpeedTree::Vec3	SpeedTree SDK linked TU-local coordinate set 2; exact COFF name, 0x6c contribution layout, and Vec3 extent recovered from the shipped library objects
0xa916ac	_c_vLHCS_Zup_Out	0xc	SpeedTree::Vec3	SpeedTree SDK linked TU-local coordinate set 2; exact COFF name, 0x6c contribution layout, and Vec3 extent recovered from the shipped library objects
0xa916b8	_c_vRHCS_Yup_Right	0xc	SpeedTree::Vec3	SpeedTree SDK linked TU-local coordinate set 2; exact COFF name, 0x6c contribution layout, and Vec3 extent recovered from the shipped library objects
0xa916c4	_c_vRHCS_Yup_Up	0xc	SpeedTree::Vec3	SpeedTree SDK linked TU-local coordinate set 2; exact COFF name, 0x6c contribution layout, and Vec3 extent recovered from the shipped library objects
0xa916d0	_c_vLHCS_Yup_Out	0xc	SpeedTree::Vec3	SpeedTree SDK linked TU-local coordinate set 2; exact COFF name, 0x6c contribution layout, and Vec3 extent recovered from the shipped library objects
0xa916dc	_c_vLHCS_Zup_Up	0xc	SpeedTree::Vec3	SpeedTree SDK linked TU-local coordinate set 2; exact COFF name, 0x6c contribution layout, and Vec3 extent recovered from the shipped library objects
0xa916e8	_c_vLHCS_Yup_Up	0xc	SpeedTree::Vec3	SpeedTree SDK linked TU-local coordinate set 2; exact COFF name, 0x6c contribution layout, and Vec3 extent recovered from the shipped library objects
0xa916f4	_c_vLHCS_Yup_Right	0xc	SpeedTree::Vec3	SpeedTree SDK linked TU-local coordinate set 2; exact COFF name, 0x6c contribution layout, and Vec3 extent recovered from the shipped library objects
0xa91700	_c_vRHCS_Yup_Out	0xc	SpeedTree::Vec3	SpeedTree SDK linked TU-local coordinate set 2; exact COFF name, 0x6c contribution layout, and Vec3 extent recovered from the shipped library objects
0xa9170c	_c_vLHCS_Zup_Right	0xc	SpeedTree::Vec3	SpeedTree SDK linked TU-local coordinate set 3; exact COFF name, 0x6c contribution layout, and Vec3 extent recovered from the shipped library objects
0xa91718	_c_vLHCS_Zup_Out	0xc	SpeedTree::Vec3	SpeedTree SDK linked TU-local coordinate set 3; exact COFF name, 0x6c contribution layout, and Vec3 extent recovered from the shipped library objects
0xa91724	_c_vRHCS_Yup_Right	0xc	SpeedTree::Vec3	SpeedTree SDK linked TU-local coordinate set 3; exact COFF name, 0x6c contribution layout, and Vec3 extent recovered from the shipped library objects
0xa91730	_c_vRHCS_Yup_Up	0xc	SpeedTree::Vec3	SpeedTree SDK linked TU-local coordinate set 3; exact COFF name, 0x6c contribution layout, and Vec3 extent recovered from the shipped library objects
0xa9173c	_c_vLHCS_Yup_Out	0xc	SpeedTree::Vec3	SpeedTree SDK linked TU-local coordinate set 3; exact COFF name, 0x6c contribution layout, and Vec3 extent recovered from the shipped library objects
0xa91748	_c_vLHCS_Zup_Up	0xc	SpeedTree::Vec3	SpeedTree SDK linked TU-local coordinate set 3; exact COFF name, 0x6c contribution layout, and Vec3 extent recovered from the shipped library objects
0xa91754	_c_vLHCS_Yup_Up	0xc	SpeedTree::Vec3	SpeedTree SDK linked TU-local coordinate set 3; exact COFF name, 0x6c contribution layout, and Vec3 extent recovered from the shipped library objects
0xa91760	_c_vLHCS_Yup_Right	0xc	SpeedTree::Vec3	SpeedTree SDK linked TU-local coordinate set 3; exact COFF name, 0x6c contribution layout, and Vec3 extent recovered from the shipped library objects
0xa9176c	_c_vRHCS_Yup_Out	0xc	SpeedTree::Vec3	SpeedTree SDK linked TU-local coordinate set 3; exact COFF name, 0x6c contribution layout, and Vec3 extent recovered from the shipped library objects
0xa91778	_c_vLHCS_Zup_Right	0xc	SpeedTree::Vec3	SpeedTree SDK linked TU-local coordinate set 4; exact COFF name, 0x6c contribution layout, and Vec3 extent recovered from the shipped library objects
0xa91784	_c_vLHCS_Zup_Out	0xc	SpeedTree::Vec3	SpeedTree SDK linked TU-local coordinate set 4; exact COFF name, 0x6c contribution layout, and Vec3 extent recovered from the shipped library objects
0xa91790	_c_vRHCS_Yup_Right	0xc	SpeedTree::Vec3	SpeedTree SDK linked TU-local coordinate set 4; exact COFF name, 0x6c contribution layout, and Vec3 extent recovered from the shipped library objects
0xa9179c	_c_vRHCS_Yup_Up	0xc	SpeedTree::Vec3	SpeedTree SDK linked TU-local coordinate set 4; exact COFF name, 0x6c contribution layout, and Vec3 extent recovered from the shipped library objects
0xa917a8	_c_vLHCS_Yup_Out	0xc	SpeedTree::Vec3	SpeedTree SDK linked TU-local coordinate set 4; exact COFF name, 0x6c contribution layout, and Vec3 extent recovered from the shipped library objects
0xa917b4	_c_vLHCS_Zup_Up	0xc	SpeedTree::Vec3	SpeedTree SDK linked TU-local coordinate set 4; exact COFF name, 0x6c contribution layout, and Vec3 extent recovered from the shipped library objects
0xa917c0	_c_vLHCS_Yup_Up	0xc	SpeedTree::Vec3	SpeedTree SDK linked TU-local coordinate set 4; exact COFF name, 0x6c contribution layout, and Vec3 extent recovered from the shipped library objects
0xa917cc	_c_vLHCS_Yup_Right	0xc	SpeedTree::Vec3	SpeedTree SDK linked TU-local coordinate set 4; exact COFF name, 0x6c contribution layout, and Vec3 extent recovered from the shipped library objects
0xa917d8	_c_vRHCS_Yup_Out	0xc	SpeedTree::Vec3	SpeedTree SDK linked TU-local coordinate set 4; exact COFF name, 0x6c contribution layout, and Vec3 extent recovered from the shipped library objects
0xa917e4	_c_vLHCS_Zup_Right	0xc	SpeedTree::Vec3	SpeedTree SDK linked TU-local coordinate set 5; exact COFF name, 0x6c contribution layout, and Vec3 extent recovered from the shipped library objects
0xa917f0	_c_vLHCS_Zup_Out	0xc	SpeedTree::Vec3	SpeedTree SDK linked TU-local coordinate set 5; exact COFF name, 0x6c contribution layout, and Vec3 extent recovered from the shipped library objects
0xa917fc	_c_vRHCS_Yup_Right	0xc	SpeedTree::Vec3	SpeedTree SDK linked TU-local coordinate set 5; exact COFF name, 0x6c contribution layout, and Vec3 extent recovered from the shipped library objects
0xa91808	_c_vRHCS_Yup_Up	0xc	SpeedTree::Vec3	SpeedTree SDK linked TU-local coordinate set 5; exact COFF name, 0x6c contribution layout, and Vec3 extent recovered from the shipped library objects
0xa91814	_c_vLHCS_Yup_Out	0xc	SpeedTree::Vec3	SpeedTree SDK linked TU-local coordinate set 5; exact COFF name, 0x6c contribution layout, and Vec3 extent recovered from the shipped library objects
0xa91820	_c_vLHCS_Zup_Up	0xc	SpeedTree::Vec3	SpeedTree SDK linked TU-local coordinate set 5; exact COFF name, 0x6c contribution layout, and Vec3 extent recovered from the shipped library objects
0xa9182c	_c_vLHCS_Yup_Up	0xc	SpeedTree::Vec3	SpeedTree SDK linked TU-local coordinate set 5; exact COFF name, 0x6c contribution layout, and Vec3 extent recovered from the shipped library objects
0xa91838	_c_vLHCS_Yup_Right	0xc	SpeedTree::Vec3	SpeedTree SDK linked TU-local coordinate set 5; exact COFF name, 0x6c contribution layout, and Vec3 extent recovered from the shipped library objects
0xa91844	_c_vRHCS_Yup_Out	0xc	SpeedTree::Vec3	SpeedTree SDK linked TU-local coordinate set 5; exact COFF name, 0x6c contribution layout, and Vec3 extent recovered from the shipped library objects
0xa91850	_c_vLHCS_Zup_Right	0xc	SpeedTree::Vec3	SpeedTree SDK linked TU-local coordinate set 6; exact COFF name, 0x6c contribution layout, and Vec3 extent recovered from the shipped library objects
0xa9185c	_c_vLHCS_Zup_Out	0xc	SpeedTree::Vec3	SpeedTree SDK linked TU-local coordinate set 6; exact COFF name, 0x6c contribution layout, and Vec3 extent recovered from the shipped library objects
0xa91868	_c_vRHCS_Yup_Right	0xc	SpeedTree::Vec3	SpeedTree SDK linked TU-local coordinate set 6; exact COFF name, 0x6c contribution layout, and Vec3 extent recovered from the shipped library objects
0xa91874	_c_vRHCS_Yup_Up	0xc	SpeedTree::Vec3	SpeedTree SDK linked TU-local coordinate set 6; exact COFF name, 0x6c contribution layout, and Vec3 extent recovered from the shipped library objects
0xa91880	_c_vLHCS_Yup_Out	0xc	SpeedTree::Vec3	SpeedTree SDK linked TU-local coordinate set 6; exact COFF name, 0x6c contribution layout, and Vec3 extent recovered from the shipped library objects
0xa9188c	_c_vLHCS_Zup_Up	0xc	SpeedTree::Vec3	SpeedTree SDK linked TU-local coordinate set 6; exact COFF name, 0x6c contribution layout, and Vec3 extent recovered from the shipped library objects
0xa91898	_c_vLHCS_Yup_Up	0xc	SpeedTree::Vec3	SpeedTree SDK linked TU-local coordinate set 6; exact COFF name, 0x6c contribution layout, and Vec3 extent recovered from the shipped library objects
0xa918a4	_c_vLHCS_Yup_Right	0xc	SpeedTree::Vec3	SpeedTree SDK linked TU-local coordinate set 6; exact COFF name, 0x6c contribution layout, and Vec3 extent recovered from the shipped library objects
0xa918b0	_c_vRHCS_Yup_Out	0xc	SpeedTree::Vec3	SpeedTree SDK linked TU-local coordinate set 6; exact COFF name, 0x6c contribution layout, and Vec3 extent recovered from the shipped library objects
0xa93864	?di@?1??GetDefaultAcquireInterface@DefaultAcquireInterface@Scaleform@@SAPAV23@XZ@4V23@A	0x4	Scaleform::DefaultAcquireInterface	SF_Threads.obj function-local static; exact name, type, and extent recovered from object CodeView
0xa93d38	?perfFreq@?1??GetRawFrequency@Timer@Scaleform@@SG_KXZ@4_KA	0x8	unsigned __int64	SF_Timer.obj function-local static; exact name, type, and extent recovered from object CodeView
